abaco ábaco
abacos ábacos
abadia abadía
abadias abadías
abadonar abandonar
abadonó abandonó
abalancha avalancha
abalanchas avalanchas
abandonarón abandonaron
abandoranon abandonaron
abduccion abducción
abducció abdujo
abducieron abdujeron
abducio abdujo
abdució abdujo
abece abecé
aberracion aberración
abidjan abiyán
abidján abiyán
abietacea abietácea
abietaceas abietáceas
abietaceo abietáceo
abietaceos abietáceos
abion avión
abiotica abiótica
abioticas abióticas
abiotico abiótico
abioticos abióticos
abitual habitual
abituales habituales
abitualmente habitualmente
abiyan abiyán
abión avión
abjaza abjasia
abjazas abjasias
abjazo abjasio
abjazos abjasios
ablar hablar
ablucion ablución
abnegacion abnegación
abogacia abogacía
abogacias abogacías
aborigenes aborígenes
aborígen aborigen
abosorbida absorbida
abosorbidas absorbidas
abosorbido absorbido
abosorbidos absorbidos
abrebiada abreviada
abrebiadas abreviadas
abrebiado abreviado
abrebiados abreviados
abrebiar abreviar
abrebiarla abreviarla
abrebiarlas abreviarlas
abrebiarle abreviarle
abrebiarles abreviarles
abrebiarlo abreviarlo
abrebiarlos abreviarlos
abrebiatura abreviatura
abrebiaturas abreviaturas
abrefacil abrefácil
abrio abrió
abrogacion abrogación
abríl abril
abrío abrió
abside ábside
absides ábsides
absorcion absorción
absorvente absorbente
absorver absorber
absorvida absorbida
absorvidas absorbidas
absorvido absorbido
absorvidos absorbidos
absorviendo absorbiendo
abstencion abstención
abstraccion abstracción
abstrccion abstracción
abstrcción abstracción
abudabi abudabí
abudabies abudabíes
abudabis abudabís
abuja abuya
abulica abúlica
abulicas abúlicas
abulico abúlico
abulicos abúlicos
abundacia abundancia
abánico abanico
abánicos abanicos
abísales abisales
aca acá
academica académica
academicamente académicamente
academicas académicas
academico académico
academicos académicos
academía academia
academías academias
académcia académica
académcias académicas
académcio académico
académcios académicos
académia academia
académias academias
acantolisis acantólisis
acaro ácaro
acaros ácaros
acatlan acatlán
accecibilidad accesibilidad
accecible accesible
accecibles accesibles
acceptacion aceptación
acceptación aceptación
accesit accésit
accion acción
acciónes acciones
accra acra
accsesorio accesorio
accsesorios accesorios
acede accede
acefala acéfala
acefalas acéfalas
acefalo acéfalo
acefalos acéfalos
aceleracion aceleración
acemila acémila
acemilas acémilas
acendencia ascendencia
acentua acentúa
acentuas acentúas
acentue acentúe
acentura acentuara
acenturan acentuaran
acenturas acentuaras
acepcion acepción
acepsion acepción
acepsión acepción
aceptacion aceptación
acepto aceptó
acercandose acercándose
aceria acería
acerias acerías
acerrima acérrima
acerrimas acérrimas
acerrimo acérrimo
acerrimos acérrimos
acesibilidad accesibilidad
acesor asesor
acesora asesora
acesoras asesoras
acesores asesores
acetada aceptada
acetadas aceptadas
acetado aceptado
acetados aceptados
acetica acética
aceticas acéticas
acetico acético
aceticos acéticos
acetilsalicilico acetilsalicílico
acetilsalicilicos acetilsalicílicos
achuchon achuchón
acida ácida
acidas ácidas
acido ácido
acidos ácidos
acima ácima
acimas ácimas
acimo ácimo
acimos ácimos
acitron acitrón
aclimatacion aclimatación
acmes acmés
acne acné
acnes acnés
acoje acoge
acompañda acompañada
acompañdas acompañadas
acompañdo acompañado
acompañdos acompañados
acompaño acompañó
acontence acontece
acontencen acontecen
acontencer acontecer
acontencida acontecida
acontencidas acontecidas
acontencido acontecido
acontencidos acontecidos
acontenciera aconteciera
acontencimiento acontecimiento
acontencimientos acontecimientos
acontenció aconteció
acontencía acontecía
acordeon acordeón
acosto acostó
acotiledonea acotiledónea
acotiledoneas acotiledóneas
acotiledoneo acotiledóneo
acotiledoneos acotiledóneos
acrecenta acrecienta
acrecentan acrecientan
acrecion acreción
acreditacion acreditación
acrilica acrílica
acrilicas acrílicas
acrilico acrílico
acrilicos acrílicos
acrobata acróbata
acrobatas acróbatas
acrobatica acrobática
acrobaticas acrobáticas
acrobatico acrobático
acrobaticos acrobáticos
acronimo acrónimo
acronimos acrónimos
acrostica acróstica
acrosticas acrósticas
acrostico acróstico
acrosticos acrósticos
acsesible accesible
actinica actínica
actinicas actínicas
actinico actínico
actinicos actínicos
actinido actínido
actinidos actínidos
actitivades actividades
activacion activación
actiz actriz
actris actriz
actrizes actrices
actríz actriz
actua actúa
actuacion actuación
actualizacion actualización
actualment actualmente
actualmenta actualmente
actualmenten actualmente
actualmentes actualmente
actualmento actualmente
actualmete actualmente
actuamente actualmente
actuan actúan
actuas actúas
actulamente actualmente
actulidad actualidad
actuo actuó
actuál actual
actuálmente actualmente
actúar actuar
actúo actuó
acualidad actualidad
acualmente actualmente
acuarelistica acuarelística
acuarelisticas acuarelísticas
acuarelistico acuarelístico
acuarelisticos acuarelísticos
acuariologia acuariología
acuariologias acuariologías
acuarium acuario
acuariums acuarios
acuatica acuática
acuaticas acuáticas
acuatico acuático
acuaticos acuáticos
acudio acudió
acuifero acuífero
acuiferos acuíferos
acusacion acusación
acuso acusó
acustica acústica
acusticas acústicas
acustico acústico
acusticos acústicos
acutalidad actualidad
acutalmente actualmente
acutangulo acutángulo
acutangulos acutángulos
acuárium acuario
acuáriums acuarios
acuño acuñó
acéntua acentúa
adaptacion adaptación
adapto adaptó
adelaide adelaida
adelantandola adelantándola
adelantandolas adelantándolas
adelantandole adelantándole
adelantandoles adelantándoles
adelantandolo adelantándolo
adelantandolos adelantándolos
adelantandose adelantándose
adelantádola adelantándola
adelantádolas adelantándolas
adelantádole adelantándole
adelantádoles adelantándoles
adelantádolo adelantándolo
adelantádolos adelantándolos
adelantádose adelantándose
adelántandola adelantándola
adelántandolas adelantándolas
adelántandole adelantándole
adelántandoles adelantándoles
adelántandolo adelantándolo
adelántandolos adelantándolos
adelántandose adelantándose
ademas además
adenopatia adenopatía
adenopatias adenopatías
adereso aderezo
aderesos aderezos
aderida adherida
aderidas adheridas
aderido adherido
aderidos adheridos
aderir adherir
adesiva adhesiva
adesivas adhesivas
adesivos adhesivos
adherenciolisis adherenciólisis
adheriéndose adhiriéndose
adhesiolisis adhesiólisis
adhesion adhesión
adiccion adicción
adicion adición
adios adiós
adipolisis adipólisis
adisional adicional
adisionales adicionales
adjacente adyacente
adjacentes adyacentes
adjudicarsela adjudicársela
adjudicarselas adjudicárselas
adjudicarselo adjudicárselo
adjudicarselos adjudicárselos
adjudico adjudicó
admimistrativa administrativa
admimistrativas administrativas
admimistrativo administrativo
admimistrativos administrativos
administación administración
administracción administración
administracion administración
admitio admitió
admnistración administración
adolecencia adolescencia
adolecencias adolescencias
adolecente adolescente
adolecentes adolescentes
adopcion adopción
adoracion adoración
adptación adaptación
adquicision adquisición
adquicisión adquisición
adquierió adquirió
adquiriendose adquiriéndose
adquirio adquirió
adquisicion adquisición
adrenergica adrenérgica
adrenergicas adrenérgicas
adrenergico adrenérgico
adrenergicos adrenérgicos
adrian adrián
adrogue adrogué
aduccion aducción
aducieron adujeron
aducio adujo
adució adujo
adultera adúltera
advocacion advocación
aemás además
aerea aérea
aereas aéreas
aereo aéreo
aereogenerador aerogenerador
aereogeneradores aerogeneradores
aereopuerto aeropuerto
aereopuertos aeropuertos
aereos aéreos
aerodinamica aerodinámica
aerodinamicas aerodinámicas
aerodinamico aerodinámico
aerodinamicos aerodinámicos
aerodromo aeródromo
aerodromos aeródromos
aerolinea aerolínea
aerolineas aerolíneas
aerospacial aeroespacial
aerospaciales aeroespaciales
aerospacio aeroespacio
afanósamente afanosamente
afeccion afección
afectacion afectación
afectaria afectaría
aferrima acérrima
aferrimas acérrimas
aferrimo acérrimo
aferrimos acérrimos
afganistan afganistán
afghanistan afganistán
aficcion afición
aficcionada aficionada
aficcionadas aficionadas
aficcionado aficionado
aficcionados aficionados
aficciones aficiones
aficción afición
aficion afición
afin afín
afirmacion afirmación
afirmo afirmó
afliccion aflicción
afonica afónica
afonicas afónicas
afonico afónico
afonicos afónicos
africa áfrica
afrikaans afrikáans
afrikaner afrikáner
afrikaneres afrikáneres
aférrima acérrima
aférrimas acérrimas
aférrimo acérrimo
aférrimos acérrimos
agaloco agáloco
agalocos agálocos
agarrandola agarrándola
agarrandolas agarrándolas
agarrandole agarrándole
agarrandoles agarrándoles
agarrandolo agarrándolo
agarrandolos agarrándolos
agarrandose agarrándose
agata ágata
agatas ágatas
agentina argentina
agibilibus agibílibus
agigolon agigolón
aglomeracion aglomeración
agloméración aglomeración
aglutinacion aglutinación
agnostica agnóstica
agnosticas agnósticas
agnostico agnóstico
agnosticos agnósticos
agonia agonía
agonica agónica
agonicas agónicas
agonico agónico
agonicos agónicos
agoso agosto
agostt agosto
agotandose agotándose
agrabio agravio
agrabios agravios
agradesco agradezco
agrecion agresión
agreción agresión
agregandola agregándola
agregandolas agregándolas
agregandole agregándole
agregandoles agregándoles
agregandolo agregándolo
agregandolos agregándolos
agregandose agregándose
agrego agregó
agresion agresión
agricola agrícola
agricolas agrícolas
agroalimentacion agroalimentación
agroecologia agroecología
agroecologias agroecologías
agroecologica agroecológica
agroecologicas agroecológicas
agroecologico agroecológico
agroecologicos agroecológicos
agronoma agrónoma
agronomas agrónomas
agronomia agronomía
agronomias agronomías
agronomo agrónomo
agronomos agrónomos
agrupacion agrupación
agrícultura agricultura
agrículturas agriculturas
aguai aguaí
aguais aguaís
agueda águeda
aguero agüero
agueros agüeros
agugero agujero
aguijon aguijón
aguila águila
aguilas águilas
aguilon aguilón
aguin aguín
agujon agujón
agustin agustín
aguti agutí
aguties agutíes
agutis agutís
agúdo agudo
agúdos agudos
agüja aguja
agüjas agujas
ahi ahí
ahinco ahínco
ahuachapan ahuachapán
ahujero agujero
ahunque aunque
aida aída
aikidō aikido
airon airón
aisla aísla
aislan aíslan
ajedres ajedrez
ajedrés ajedrez
ajedréz ajedrez
aji ají
ajices ajíes
ajies ajíes
ajigolon ajigolón
ajis ajís
ajises ajíes
ajonjoli ajonjolí
aki aqui
alacran alacrán
alagar halagar
alago halago
alagó halagó
alalimon alalimón
alamo álamo
alamos álamos
albanes albanés
albatroz albatros
albañileria albañilería
albañilerias albañilerías
albedrio albedrío
albedrios albedríos
alberega alberga
alberegan albergan
alberegas albergas
albiroja albirroja
albirojas albirrojas
albirojo albirrojo
albirojos albirrojos
albondiga albóndiga
albondigas albóndigas
album álbum
albumes álbumes
albums álbumes
albun álbum
albunes álbumes
albùm álbum
albúm álbum
alcadia alcaldía
alcadias alcaldías
alcadía alcaldía
alcadías alcaldías
alcaldia alcaldía
alcaldias alcaldías
alcali álcali
alcalis álcalis
alcancia alcancía
alcancias alcancías
alcansada alcanzada
alcansadas alcanzadas
alcansado alcanzado
alcansados alcanzados
alcanzarón alcanzaron
alcanzen alcancen
alcanzes alcances
alcanzo alcanzó
alcanzé alcancé
alcazar alcázar
alcazaron alcanzaron
alcazó alcanzó
alcholismo alcoholismo
alcion alción
alcoholica alcohólica
alcoholicas alcohólicas
alcoholico alcohólico
alcoholicos alcohólicos
alcoholisis alcohólisis
alcol alcohol
alcolica alcohólica
alcolicas alcohólicas
alcolico alcohólico
alcolicos alcohólicos
alcolismo alcoholismo
alcolismos alcoholismos
alcoranica alcoránica
alcoranicas alcoránicas
alcoranico alcoránico
alcoranicos alcoránicos
alcólica alcohólica
alcólicas alcohólicas
alcólico alcohólico
alcólicos alcohólicos
aldehidica aldehídica
aldehidicas aldehídicas
aldehidico aldehídico
aldehidicos aldehídicos
aldehido aldehído
aldehidos aldehídos
aleacion aleación
alegadamente presuntamente
alegria alegría
alegrias alegrías
alejandria alejandría
alejate aléjate
aleman alemán
alergenica alergénica
alergenicas alergénicas
alergenico alergénico
alergenicos alergénicos
alevi aleví
alevies alevíes
alevin alevín
alevis alevís
alfabega alfábega
alfabegas alfábegas
alfabetica alfabética
alfabeticamente alfabéticamente
alfabeticas alfabéticas
alfabetico alfabético
alfabeticos alfabéticos
alfabetizacion alfabetización
alfareria alfarería
alfarerias alfarerías
alfeizar alféizar
alfereces alféreces
alferecia alferecía
alferecias alferecías
alferes alférez
alfereses alféreces
alferez alférez
alferezes alféreces
alfoli alfolí
alfolies alfolíes
alfolis alfolís
alfonsin alfonsín
alféres alférez
alféreses alféreces
alférezes alféreces
algebra álgebra
algebráica algebraica
algebráicas algebraicas
algebráico algebraico
algebráicos algebraicos
alger argel
algeria argelia
algida álgida
algidas álgidas
algido álgido
algidos álgidos
algodon algodón
alguién alguien
algun algún
algunso algunos
algúna alguna
algúnas algunas
algúno alguno
algúnos algunos
alicuota alícuota
alicuotas alícuotas
alienigena alienígena
alienigenas alienígenas
alienigeno alienígeno
alienigenos alienígenos
alifatica alifática
alifaticas alifáticas
alifatico alifático
alifaticos alifáticos
aligacion aligación
aligator aligátor
alimentacion alimentación
alimentandose alimentándose
alimon alimón
alineacion alineación
alla allá
alli allí
almacen almacén
almadena almádena
almadenas almádenas
almeria almería
almibar almíbar
almibares almíbares
almidon almidón
almoada almohada
almoadas almohadas
almoadon almohadón
almoadón almohadón
almohadon almohadón
almoravide almorávide
almoravides almorávides
aloctona alóctona
aloctonas alóctonas
aloctono alóctono
aloctonos alóctonos
alon alón
alopata alópata
alopatas alópatas
alopatia alopatía
alopatias alopatías
alopatica alopática
alopaticas alopáticas
alopatico alopático
alopaticos alopáticos
alopecica alopécica
alopecicas alopécicas
alopecico alopécico
alopecicos alopécicos
alotropia alotropía
alotropias alotropías
alotropica alotrópica
alotropicas alotrópicas
alotropico alotrópico
alotropicoz alotrópicos
alquitran alquitrán
alrdedor alrededor
alredededor alrededor
alredededores alrededores
alredor alrededor
alrrededor alrededor
alrrededores alrededores
als las
altai altái
altepetl altépetl
alteracion alteración
alternamente alternativamente
alternatina alternativa
alternatino alternativo
alternatinos alternativos
alternatins alternativas
altimetria altimetría
altimetrias altimetrías
altimetro altímetro
altimetros altímetros
altruísta altruista
altruístas altruistas
alucinogena alucinógena
alucinogenas alucinógenas
alucinogeno alucinógeno
alucinogenos alucinógenos
alucion alusión
alución alusión
alusion alusión
alvarez álvarez
alvaro álvaro
alvergar albergar
alveólo alvéolo
alveólos alvéolos
alzo alzó
aléman alemán
alías alias
amarico amhárico
amasanderia amasandería
amasanderias amasanderías
amatitlan amatitlán
amazonica amazónica
amazonicas amazónicas
amazonico amazónico
amazonicos amazónicos
ambar ámbar
ambicion ambición
ambiguedad ambigüedad
ambiguedades ambigüedades
ambigüa ambigua
ambigüas ambiguas
ambigüo ambiguo
ambigüos ambiguos
ambito ámbito
ambitos ámbitos
amenaze amenace
amenazen amenacen
amenazes amenaces
amenazo amenazó
amentó aumentó
amenza amenaza
amenzaba amenazaba
amenzaban amenazaban
amenzada amenazada
amenzadas amenazadas
amenzado amenazado
amenzador amenazador
amenzados amenazados
amenzan amenazan
amenzando amenazando
amenzar amenazar
amenzaran amenazaran
amenzaron amenazaron
amenzas amenazas
amenzó amenazó
america américa
americanistica americanística
americanisticas americanísticas
americanistico americanístico
americanisticos americanísticos
americanizacion americanización
americas américas
amharico amhárico
amigdala amígdala
amigdalas amígdalas
amilolisis amilólisis
aminoacido aminoácido
aminoacidos aminoácidos
amman amán
ammonites amonites
ammán amán
amnesica amnésica
amnesicas amnésicas
amnesico amnésico
amnesicos amnésicos
amnistia amnistía
amonestacion amonestación
amonica amónica
amonicas amónicas
amonico amónico
amonicos amónicos
amorio amorío
amorios amoríos
ampelologia ampelología
ampelologias ampelologías
ampliacion ampliación
amplian amplían
amputacion amputación
amrzo marzo
amsterdam ámsterdam
américana americana
américanas americanas
américano americano
américanos americanos
anacardiacea anacardiácea
anacardiaceas anacardiáceas
anacardiaceo anacardiáceo
anacardiaceos anacardiáceos
anade ánade
anades ánades
anaerobica anaeróbica
anaerobicas anaeróbicas
anaerobico anaeróbico
anaerobicos anaeróbicos
anahuac anáhuac
analisis análisis
analitica analítica
analiticas analíticas
analitico analítico
analiticos analíticos
analoga análoga
analogamente análogamente
analogas análogas
analogia analogía
analogias analogías
analogica analógica
analogicas analógicas
analogico analógico
analogicos analógicos
analogo análogo
analogos análogos
analísis análisis
anana ananá
ananas ananás
anapestica anapéstica
anapesticas anapésticas
anapestico anapéstico
anapesticos anapésticos
anarquia anarquía
anarquica anárquica
anarquicas anárquicas
anarquico anárquico
anarquicos anárquicos
anatomica anatómica
anatomicamente anatómicamente
anatomicas anatómicas
anatomico anatómico
anatomicos anatómicos
andaluci andalusí
andalucia andalucía
andalucies andalusíes
andalucí andalusí
andalucíes andalusíes
andalusi andalusí
andalusies andalusíes
andara anduviera
andaramos anduviéramos
andaran anduvieran
andaron anduvieron
andase anduviese
andasemos anduviésemos
andasen anduviesen
anden andén
andoain andoáin
andreina andreína
andres andrés
androcentrica androcéntrica
androcentricas androcéntricas
androcentrico androcéntrico
androcentricos androcéntricos
androgenica androgénica
androgenicas androgénicas
androgenico androgénico
androgenicos androgénicos
androgeno andrógeno
androgenos andrógenos
androgina andrógina
androginas andróginas
androgino andrógino
androginos andróginos
andromeda andrómeda
andáramos anduviéramos
andásemos anduviésemos
andó anduvo
anecdota anécdota
anecdotas anécdotas
anecdotica anecdótica
anecdoticas anecdóticas
anecdotico anecdótico
anecdoticos anecdóticos
anelaba anhelaba
anelamos anhelamos
anelar anhelar
anemica anémica
anemicas anémicas
anemico anémico
anemicos anémicos
anemometria anemometría
anemometrias anemometrías
anemometro anemómetro
anemometros anemómetros
anestecia anestesia
anestecias anestesias
anexion anexión
anfitrion anfitrión
anfora ánfora
anforas ánforas
anfotera anfótera
anfoteras anfóteras
anfotero anfótero
anfoteros anfóteros
angel ángel
angela ángela
angeles ángeles
angelica angélica
angioplastía angioplastia
angioplastías angioplastias
anglofona anglófona
anglofonas anglófonas
anglofono anglófono
anglofonos anglófonos
anglosajon anglosajón
angulo ángulo
anibal aníbal
animacion animación
animalistica animalística
animalisticas animalísticas
animalistico animalístico
animalisticos animalísticos
anios años
aniquilacion aniquilación
anis anís
anodica anódica
anodicas anódicas
anodico anódico
anodicos anódicos
anodo ánodo
anodos ánodos
anomala anómala
anomalas anómalas
anomalia anomalía
anomalias anomalías
anomalo anómalo
anomalos anómalos
anonima anónima
anonimamente anónimamente
anonimas anónimas
anonimo anónimo
anonimos anónimos
anorexica anoréxica
anorexicas anoréxicas
anorexico anoréxico
anorexicos anoréxicos
anoto anotó
ansiolisis ansiólisis
antagonica antagónica
antagonicas antagónicas
antagonico antagónico
antagonicos antagónicos
antartica antártica
antarticas antárticas
antartico antártico
antarticos antárticos
antartida antártida
antecedor antecesor
antecedores antecesores
antecendente antecedente
antecendentes antecedentes
antencion atención
antención atención
antepenultima antepenúltima
antepenultimas antepenúltimas
antepenultimo antepenúltimo
antepenultimos antepenúltimos
antepie antepié
antepies antepiés
anterioramente anteriormente
anteriorizacion anteriorización
anteriór anterior
anterióres anteriores
antesesor antecesor
antesesores antecesores
anteultima anteúltima
anteultimas anteúltimas
anteultimo anteúltimo
anteultimos anteúltimos
antiacademica antiacadémica
antiacademicas antiacadémicas
antiacademico antiacadémico
antiacademicos antiacadémicos
antiacida antiácida
antiacidas antiácidas
antiacido antiácido
antiacidos antiácidos
antiaerea antiaérea
antiaereas antiaéreas
antiaereo antiaéreo
antiaereos antiaéreos
antibiotica antibiótica
antibioticas antibióticas
antibiotico antibiótico
antibioticos antibióticos
antidiabetica antidiabética
antidiabeticas antidiabéticas
antidiabetico antidiabético
antidiabeticos antidiabéticos
antidoping antidopaje
antidopings antidopajes
antidoto antídoto
antidotos antídotos
antidóping antidopaje
antidópings antidopajes
antiespasmodica antiespasmódica
antiespasmodicas antiespasmódicas
antiespasmodico antiespasmódico
antiespasmodicos antiespasmódicos
antifungica antifúngica
antifungicas antifúngicas
antifungico antifúngico
antifungicos antifúngicos
antigas antigás
antigeno antígeno
antigenos antígenos
antiguedad antigüedad
antiguedades antigüedades
antigüa antigua
antigüas antiguas
antigüo antiguo
antigüos antiguos
antilope antílope
antimicotica antimicótica
antimicoticas antimicóticas
antimicotico antimicótico
antimicoticos antimicóticos
antiparticula antipartícula
antiparticulas antipartículas
antipatica antipática
antipaticas antipáticas
antipatico antipático
antipaticos antipáticos
antiproton antiprotón
antiretroviral antirretroviral
antirreumatica antirreumática
antirreumaticas antirreumáticas
antirreumatico antirreumático
antirreumaticos antirreumáticos
antisismica antisísmica
antisismicas antisísmicas
antisismico antisísmico
antisismicos antisísmicos
antitesis antítesis
antitetanica antitetánica
antitetanicas antitetánicas
antitetanico antitetánico
antitetanicos antitetánicos
antologia antología
antologias antologías
antologica antológica
antologicas antológicas
antologico antológico
antologicos antológicos
antonima antónima
antonimas antónimas
antonimo antónimo
antonimos antónimos
antrax ántrax
antropofaga antropófaga
antropofagas antropófagas
antropofago antropófago
antropofagos antropófagos
antropogenesis antropogénesis
antropogenetica antropogenética
antropogeneticas antropogenéticas
antropogenetico antropogenético
antropogeneticos antropogenéticos
antropologa antropóloga
antropologas antropólogas
antropologia antropología
antropologias antropologías
antropologo antropólogo
antropologos antropólogos
antropomorfica antropomórfica
antropomorficas antropomórficas
antropomorfico antropomórfico
antropomorficos antropomórficos
antés antes
antígua antigua
antíguamente antiguamente
antíguas antiguas
antíguo antiguo
antíguos antiguos
anució anunció
anunciacion anunciación
anunción anunció
aogada ahogada
aogadas ahogadas
aogado ahogado
aogados ahogados
aora ahora
aortica aórtica
aorticas aórticas
aortico aórtico
aorticos aórticos
apagon apagón
aparción aparición
aparecera aparecerá
apareceran aparecerán
aparecia aparecía
aparecian aparecían
aparecierón aparecieron
aparecio apareció
apareción apareció
aparencia apariencia
aparencias apariencias
aparencía apariencia
aparencías apariencias
aparesio apareció
aparesió apareció
aparicion aparición
aparision aparición
aparisión aparición
apatrida apátrida
apatridas apátridas
apatzingan apatzingán
apendice apéndice
apendices apéndices
aperece aparece
aperecen aparecen
aperecer aparecer
apereces apareces
aplasatada aplastada
aplasatadas aplastadas
aplasatado aplastado
aplasatados aplastados
aplazer aplacer
aplicacion aplicación
apocaliptica apocalíptica
apocalipticas apocalípticas
apocaliptico apocalíptico
apocalipticos apocalípticos
apocinacea apocinácea
apocinaceas apocináceas
apocinaceo apocináceo
apocinaceos apocináceos
apocope apócope
apocrifa apócrifa
apocrifas apócrifas
apocrifo apócrifo
apocrifos apócrifos
apofisis apófisis
apollo apoyo
aportacion aportación
aposicion aposición
apostasia apostasía
apostasias apostasías
apostol apóstol
apostoles apóstoles
apostolica apostólica
apostolicas apostólicas
apostolico apostólico
apostolicos apostólicos
apostrofe apóstrofe
apostrofo apóstrofo
apostrofos apóstrofos
apotéosis apoteosis
apoyandose apoyándose
apraece aparece
apraecen aparecen
apraecer aparecer
apraeces apareces
aprarece aparece
aprarecen aparecen
aprarecer aparecer
aprareces apareces
aprendio aprendió
aprendis aprendiz
aprendíz aprendiz
aprobacion aprobación
aprobar aprovar
aprobechar aprovechar
apropiacion apropiación
aprovacion aprobación
aprovada aprobada
aprovadas aprobadas
aprovado aprobado
aprovados aprobados
aprovó aprobó
aproxiamdamente aproximadamente
aproxidamente aproximadamente
aproximabamos aproximábamos
aproximacion aproximación
aproximandose aproximándose
aproximaramos aproximáramos
aproximare aproximaré
aproximaria aproximaría
aproximariamos aproximaríamos
aproximarian aproximarían
aproximarias aproximarías
aproximdamente aproximadamente
aproximádamente aproximadamente
aprte aparte
apróximada aproximada
apróximadamente aproximadamente
apróximadas aproximadas
apróximado aproximado
apróximados aproximados
apénas apenas
aquarium acuario
aquariums acuarios
aqui aquí
aquitectura arquitectura
aquménida aqueménida
aquárium acuario
aquáriums acuarios
aquéllo aquello
arabe árabe
arabes árabes
arabica arábica
arabicas arábicas
arabico arábico
arabicos arábicos
aracnida arácnida
aracnidas arácnidas
aracnido arácnido
aracnidos arácnidos
aragon aragón
aragones aragonés
arandano arándano
arandanos arándanos
arbirtro árbitro
arbirtros árbitros
arbitro árbitro
arbitros árbitros
arbol árbol
arboles árboles
arborea arbórea
arboreas arbóreas
arboreo arbóreo
arboreos arbóreos
arboricola arborícola
arboricolas arborícolas
arcangel arcángel
arcangeles arcángeles
archidacono archidiácono
archidaconos archidiáconos
archidiocesis archidiócesis
archidiquesa archiduquesa
archidiquesas archiduquesas
archidácono archidiácono
archidáconos archidiáconos
archipielago archipiélago
archipielagos archipiélagos
archirival archirrival
archirivales archirrivales
arcoiris arcoíris
arcon arcón
area área
areas áreas
arenizca arenisca
arenizcas areniscas
arenizco arenisco
arenizcos areniscos
arereolinea aerolínea
arereolineas aerolíneas
arguida argüida
arguidas argüidas
arguido argüido
arguidos argüidos
arguir argüir
argumemtando argumentando
arguída argüida
arguídas argüidas
arguído argüido
arguídos argüidos
argüída argüida
argüídas argüidas
argüído argüido
argüídos argüidos
arida árida
aridas áridas
arido árido
aridos áridos
arilica arílica
arilicas arílicas
arilico arílico
arilicos arílicos
aristocrata aristócrata
aristocratas aristócratas
aristoteles aristóteles
aristotelica aristotélica
aristotelicas aristotélicas
aristotelico aristotélico
aristotelicos aristotélicos
aristoteltica aristotélica
aristotelticas aristotélicas
aristoteltico aristotélico
aristotelticos aristotélicos
aritmetica aritmética
aritmeticas aritméticas
aritmetico aritmético
aritmeticos aritméticos
arjentina argentina
arjentinas argentinas
arjentino argentino
arjentinos argentinos
arjángelsk arjánguelsk
arkhangelsk arjánguelsk
arles arlés
armazon armazón
armeria armería
armerias armerías
armonia armonía
armonica armónica
armonicas armónicas
armonico armónico
armonicos armónicos
arnes arnés
arns arn
aromatica aromática
aromaticas aromáticas
aromatico aromático
aromaticos aromáticos
arpia arpía
arpias arpías
arqueologa arqueóloga
arqueologas arqueólogas
arqueologia arqueología
arqueologias arqueologías
arqueologica arqueológica
arqueologicas arqueológicas
arqueologico arqueológico
arqueologicos arqueológicos
arqueologo arqueólogo
arqueologos arqueólogos
arqueológíco arqueológico
arqueológícos arqueológicos
arquideocesis arquidiócesis
arquideócesis arquidiócesis
arquidiocesis arquidiócesis
arquiteconica arquitectónica
arquiteconicas arquitectónicas
arquiteconico arquitectónico
arquiteconicos arquitectónicos
arquitectonica arquitectónica
arquitectonicas arquitectónicas
arquitectonico arquitectónico
arquitectonicos arquitectónicos
arquiteto arquitecto
arquéologo arqueólogo
arrancame arráncame
arrancamela arráncamela
arrancamelas arráncamelas
arrancamele arráncamele
arrancameles arráncameles
arrancamelo arráncamelo
arrancamelos arráncamelos
arraso arrasó
arrazando arrasando
arrazar arrasar
arriva arriba
arrivaban arribaban
arrivado arribado
arrivados arribados
arrivan arriban
arrivar arribar
arrivaria arribaría
arrivarias arribarías
arrivaron arribaron
arrivaría arribaría
arrivarías arribarías
arrivavan arribaban
arrivista arribista
arrivistas arribistas
arrivo arribó
arrivos arribos
arrivó arribó
arsenico arsénico
arsenicos arsénicos
artesania artesanía
artesanias artesanías
artica ártica
articas árticas
artico ártico
articos árticos
articulacion articulación
articulo artículo
articulos artículos
artifice artífice
artifício artificio
artifícios artificios
artilleria artillería
artistica artística
artisticamente artísticamente
artisticas artísticas
artistico artístico
artisticos artísticos
artrolisis artrólisis
artropodo artrópodo
artropodos artrópodos
artísta artista
artístas artistas
artítulo artículo
artítulos artículos
aréa área
aréas áreas
ascaride ascáride
ascarides ascárides
ascencion ascensión
ascención ascensión
ascendecia ascendencia
ascendecias ascendencias
ascendio ascendió
ascepcion acepción
ascepsion acepción
ascepsión acepción
ascetica ascética
asceticas ascéticas
ascetico ascético
asceticos ascéticos
asciendía ascendía
ascorbico ascórbico
ascorbicos ascórbicos
asenso ascenso
asepcion acepción
asepsion acepción
asepsión acepción
aser hacer
asesoria asesoría
asesorias asesorías
asfaltica asfáltica
asfalticas asfálticas
asfaltico asfáltico
asfalticos asfálticos
ashgabat asjabad
asi así
asiatica asiática
asiaticas asiáticas
asiatico asiático
asiaticos asiáticos
asiende asciende
asignandola asignándola
asignandolas asignándolas
asignandole asignándole
asignandoles asignándoles
asignandolo asignándolo
asignandolos asignándolos
asignandose asignándose
asintotica asintótica
asintoticas asintóticas
asintotico asintótico
asintoticos asintóticos
asis asís
asismismo asimismo
asistante asistente
asistio asistió
asitio asistió
asitió asistió
asociacion asociación
asociacíon asociación
asosiación asociación
asosiasión asociación
aspera áspera
asperas ásperas
aspero áspero
asperos ásperos
aspesto aspecto
aspestos aspectos
aspid áspid
aspide áspide
aspides áspides
aspiracion aspiración
aspíd áspid
assistente asistente
assistentes asistentes
astana astaná
astatica astática
astaticas astáticas
astatico astático
astaticos astáticos
astatos ástatos
asteróide asteroide
asteróides asteroides
astragalo astrágalo
astragalos astrágalos
astrakhan astracán
astraza estraza
astrazas estrazas
astrofisica astrofísica
astrofisicas astrofísicas
astrofisico astrofísico
astrofisicos astrofísicos
astronoma astrónoma
astronomas astrónomas
astronomica astronómica
astronomicas astronómicas
astronomico astronómico
astronomicos astronómicos
astronomo astrónomo
astronomos astrónomos
asumiento asumiendo
asuncion asunción
asutraliana australiana
asutralianas australianas
asutraliano australiano
asutralianos australianos
asía asia
asíatica asiática
asíaticas asiáticas
asíatico asiático
asíaticos asiáticos
asímismo asimismo
ataco atacó
ataguia ataguía
ataguias ataguías
ataud ataúd
ataudes ataúdes
ateismo ateísmo
ateismos ateísmos
ateista ateísta
ateistas ateístas
atemperacion atemperación
atencion atención
aterrisaje aterrizaje
aterrisajes aterrizajes
aterrisan aterrizan
aterrisar aterrizar
aterrisas aterrizas
atestacion atestación
atestiguacion atestiguación
atica ática
aticas áticas
atico ático
aticos áticos
atipica atípica
atipicas atípicas
atipico atípico
atipicos atípicos
atlantica atlántica
atlanticas atlánticas
atlantico atlántico
atlanticos atlánticos
atlantida atlántida
atletica atlética
atleticas atléticas
atletico atlético
atleticos atléticos
atletísmo atletismo
atmosfera atmósfera
atmosferas atmósferas
atmosferica atmosférica
atmosfericas atmosféricas
atmosferico atmosférico
atmosfericos atmosféricos
atmósferica atmosférica
atmósfericas atmosféricas
atmósferico atmosférico
atmósfericos atmosféricos
atolon atolón
atomica atómica
atomicas atómicas
atomico atómico
atomicos atómicos
atomo átomo
atomos átomos
atona átona
atonas átonas
atonita atónita
atonitas atónitas
atonito atónito
atonitos atónitos
atono átono
atonos átonos
atrabesada atravesada
atrabesadas atravesadas
atrabesado atravesado
atrabesados atravesados
atrabesar atravesar
atrabezada atravesada
atrabezadas atravesadas
atrabezado atravesado
atrabezados atravesados
atrabezar atravesar
atraccion atracción
atraida atraída
atraidas atraídas
atraido atraído
atraidos atraídos
atrajó atrajo
atras atrás
atravezaba atravesaba
atravezada atravesada
atravezadas atravesadas
atravezado atravesado
atravezados atravesados
atravezando atravesando
atravezar atravesar
atravezo atravesó
atravieza atraviesa
atraviezan atraviesan
atravisa atraviesa
atravisan atraviesan
atravisas atraviesas
atribucion atribución
atribuíble atribuible
atribuíbles atribuibles
atribuída atribuida
atribuídas atribuidas
atribuído atribuido
atribuídos atribuidos
atribuír atribuir
atun atún
audicencia audiencia
audicencias audiencias
audifono audífono
audifonos audífonos
aujero agujero
aujeros agujeros
aumentacion aumentación
aumentadno aumentando
aumentaria aumentaría
aumentarian aumentarían
aumentarias aumentarías
auqnue aunque
auque aunque
aurea áurea
aureas áureas
aureo áureo
aureos áureos
auricula aurícula
auriculas aurículas
aurifera aurífera
auriferas auríferas
aurifero aurífero
auriferos auríferos
aurigera aurígera
aurigeras aurígeras
aurigero aurígero
aurigeros aurígeros
aurivora aurívora
aurivoras aurívoras
aurivoro aurívoro
aurivoros aurívoros
austrialiana australiana
austrialianas australianas
austrialiano australiano
austrialianos australianos
austrália australia
austría austria
autarcia autarcía
autarcias autarcías
autarquia autarquía
autarquias autarquías
autarquica autárquica
autarquicas autárquicas
autarquico autárquico
autarquicos autárquicos
autentica auténtica
autenticacion autenticación
autenticas auténticas
autentico auténtico
autenticos auténticos
autentificacion autentificación
autoafirmacion autoafirmación
autoanalisis autoanálisis
autobiografia autobiografía
autobiografias autobiografías
autobus autobús
autobúses autobuses
autoctona autóctona
autoctonas autóctonas
autoctono autóctono
autoctonos autóctonos
autoestereo autoestéreo
autoestereos autoestéreos
autogena autógena
autogenas autógenas
autogeno autógeno
autogenos autógenos
autografa autógrafa
autografas autógrafas
autografo autógrafo
autografos autógrafos
autoinduccion autoinducción
autoinducieron autoindujeron
autoinducio autoindujo
autoindució autoindujo
autolisis autólisis
automata autómata
automatas autómatas
automatica automática
automaticamente automáticamente
automaticas automáticas
automatico automático
automaticos automáticos
automobilistica automovilística
automobilisticas automovilísticas
automobilistico automovilístico
automobilisticos automovilísticos
automobílistica automovilística
automobílisticas automovilísticas
automobílistico automovilístico
automobílisticos automovilísticos
automocion automoción
automotríces automotrices
automotríz automotriz
automovil automóvil
automoviles automóviles
automovilistica automovilística
automovilisticas automovilísticas
automovilistico automovilístico
automovilisticos automovilísticos
autonoma autónoma
autonomas autónomas
autonomia autonomía
autonomias autonomías
autonomica autonómica
autonomicas autonómicas
autonomico autonómico
autonomicos autonómicos
autonomo autónomo
autonomos autónomos
autonóma autónoma
autonómas autónomas
autonómo autónomo
autonómos autónomos
autoretrato autorretrato
autoria autoría
autorias autorías
autoritária autoritaria
autoritárias autoritarias
autoritário autoritario
autoritários autoritarios
autorizacion autorización
autorizo autorizó
autorruta autopista
autorrutas autopistas
autoruta autopista
autorutas autopistas
autotrofa autótrofa
autotrofas autótrofas
autotrofo autótrofo
autotrofos autótrofos
autovia autovía
autovias autovías
auvergne auvernia
auxuliar auxiliar
auxílio auxilio
auxílios auxilios
avalos ávalos
avantren avantrén
avanze avance
avanzen avancen
avanzes avances
avanzo avanzó
aventon aventón
aver haber
averigue averigüe
averiguemos averigüemos
averiguen averigüen
averigues averigües
aversion aversión
aviacion aviación
avicola avícola
avicolas avícolas
avida ávida
avidas ávidas
avido ávido
avidos ávidos
avignon aviñón
avignón aviñón
avila ávila
avio avío
avionica aviónica
avios avíos
avison avisón
avispon avispón
aviñon aviñón
aviñones aviñonés
aviónes aviones
axenica axénica
axenicas axénicas
axenico axénico
axenicos axénicos
axfisia asfixia
axon axón
axteca azteca
axtecas aztecas
ayllu aillu
aymara aimara
azacan azacán
azadon azadón
azafran azafrán
azerbaijan azerbaiyán
azerbaiján azerbaiyán
azerbaiyan azerbaiyán
azima ázima
azimas ázimas
azimo ázimo
azimos ázimos
azucar azúcar
azucares azúcares
azulon azulón
aéreogenerador aerogenerador
aéreogeneradores aerogeneradores
aérodromo aeródromo
aérodromos aeródromos
añadiendola añadiéndola
añadiendolas añadiéndolas
añadiendole añadiéndole
añadiendoles añadiéndoles
añadiendolo añadiéndolo
añadiendolos añadiéndolos
añadio añadió
aúnque aunque
babilonica babilónica
babilonicas babilónicas
babilonico babilónico
babilonicos babilónicos
baca vaca
bacolod bacólod
bacon bacón
baculo báculo
baculos báculos
badminton bádminton
baez báez
bagdadi bagdadí
bagdadies bagdadíes
bagdadis bagdadís
baghdad bagdad
bagilla vajilla
bagillas vajillas
bagon vagón
bagón vagón
bahias bahías
baho vaho
bahos vahos
bahrein baréin
bahreini bahreiní
bahreinies bahreiníes
bahréin baréin
bailarin bailarín
bailarína bailarina
baina vaina
bainas vainas
bainilla vainilla
bainillas vainillas
baipas baipás
baipáses baipases
bajilla vajilla
bajillas vajillas
baku bakú
baladi baladí
baladies baladíes
baladron baladrón
balago bálago
balagos bálagos
balays balayes
balbin balbín
balcanica balcánica
balcanicas balcánicas
balcanico balcánico
balcanicos balcánicos
balcon balcón
baldia baldía
baldias baldías
baldio baldío
baldios baldíos
baldosin baldosín
ballotage balotaje
ballotaje balotaje
ballottage balotaje
ballottaje balotaje
balnearea balnearia
balneareas balnearias
balneareo balneario
balneareos balnearios
balompie balompié
balon balón
balonpie balompié
balonpié balompié
balottage balotaje
balottaje balotaje
bals vals
balsamo bálsamo
balsamos bálsamos
balustrada balaustrada
balustradas balaustradas
balustrado balaustrado
balustrados balaustrados
balustre balaustre
balustres balaustres
balónpie balompié
balústre balaústre
balústres balaústres
bambu bambú
bambues bambúes
bambus bambús
ban restricción
bancarizacion bancarización
bandala vándala
bandalas vándalas
bandalismo vandalismo
bandalismos vandalismos
bandalizar vandalizar
bandalo vándalo
bandalos vándalos
bandoneon bandoneón
banear restringir
bangladesh bangladés
bantsustan bantustán
bantu bantú
barahunda barahúnda
barahundas barahúndas
barajais barajáis
barajea baraja
barajeais barajáis
barajeamos barajamos
barajean barajan
barajear barajar
barajeas barajas
barajeo barajo
barajeáis barajáis
baranco barranco
baratro báratro
baratros báratros
baraunda baraúnda
baraundas baraúndas
barbara bárbara
barbaramente bárbaramente
barbaras bárbaras
barbaro bárbaro
barbaros bárbaros
barbiturica barbitúrica
barbituricas barbitúricas
barbiturico barbitúrico
barbituricos barbitúricos
barbon barbón
barbulas bárbulas
barein baréin
bareini bareiní
bareinies bareiníes
baremacion baremación
bariante variante
bariantes variantes
bariatrica bariátrica
bariatricas bariátricas
bariatrico bariátrico
bariatricos bariátricos
barica bárica
baricas báricas
barico bárico
baricos báricos
barines barinés
baritono barítono
baritonos barítonos
barmanes bármanes
barmans bármanes
barmen bármanes
barometrica barométrica
barometricas barométricas
barometrico barométrico
barometricos barométricos
barometro barómetro
barometros barómetros
baron barón
bartender barman
bartenders bármanes
bartolome bartolomé
bartulo bártulos
bartulos bártulos
barwoman barman
barwomans bármanes
basaltica basáltica
basalticas basálticas
basaltico basáltico
basalticos basálticos
basandome basándome
basandose basándose
basandote basándote
basañez basáñez
bascula báscula
basculas básculas
baseada basada
baseadas basadas
baseado basado
baseados basados
basica básica
basicamente básicamente
basicas básicas
basico básico
basicos básicos
basilica basílica
basilicas basílicas
basilicon basilicón
basket básquet
basofia bazofia
basofias bazofias
basori basorí
basories basoríes
basquebolista baloncestista
basquebolistas baloncestistas
basquet básquet
baston bastón
batallon batallón
batallónes batallones
batava bátava
batavas bátavas
batavo bátavo
batavos bátavos
bateria batería
baterias baterías
baterísta baterista
baterístas bateristas
baul baúl
baules baúles
baupres bauprés
bautisa bautiza
bautisados bautizados
bautiso bautizo
bautisó bautizó
bavara bávara
bavaras bávaras
bavaria baviera
bavaro bávaro
bavaros bávaros
beatríz beatriz
bebian bebían
begiga vejiga
begigas vejigas
bejar béjar
bejiga vejiga
bejigas vejigas
belarus bielorrusia
belcia bélica
belcias bélicas
belcio bélico
belcios bélicos
belen belén
belgica bélgica
belica bélica
belicas bélicas
belico bélico
belicos bélicos
belize belice
belmopan belmopán
benda venda
bendas vendas
bendicion bendición
benefica benéfica
beneficas benéficas
beneficiencia beneficencia
benefico benéfico
beneficos benéficos
benefisiosa beneficiosa
benefisiosas beneficiosas
benefisioso beneficioso
benefisiosos beneficiosos
benemerita benemérita
benemeritas beneméritas
benemerito benemérito
benemeritos beneméritos
beneplacito beneplácito
beneplacitos beneplácitos
benevola benévola
benevolas benévolas
benevolo benévolo
benevolos benévolos
benin benín
benines beninés
beninéses benineses
benitez benítez
benjui benjuí
benjuies benjuís
benjuis benjuíes
bentana ventana
bentanas ventanas
bentonica bentónica
bentonicas bentónicas
bentonico bentónico
bentonicos bentónicos
berberidacea berberidácea
berberidaceas berberidáceas
berberidaceo berberidáceo
berberidaceos berberidáceos
berberidea berberídea
berberideas berberídeas
berberideo berberídeo
berberideos berberídeos
berengena berenjena
berengenas berenjenas
bergantin bergantín
berlin berlín
bermudez bermúdez
bervena verbena
bervenas verbenas
beréber bereber
beréberes bereberes
besandose besándose
betahemolisis betahemólisis
beteranos veteranos
bethoven beethoven
betun betún
beísbol béisbol
bhutan bután
bibero vivero
biberos viveros
bibilioteca biblioteca
bibiliotecas bibliotecas
biblica bíblica
biblicas bíblicas
biblico bíblico
biblicos bíblicos
bibligrafia bibliografía
bibligrafias bibliografías
bibligrafía bibliografía
bibligrafías bibliografías
bibliografa bibliógrafa
bibliografas bibliógrafas
bibliografia bibliografía
bibliografias bibliografías
bibliografica bibliográfica
bibliograficas bibliográficas
bibliografico bibliográfico
bibliograficos bibliográficos
bibliografo bibliógrafo
bibliografos bibliógrafos
bibliogragia bibliografía
bibliogragias bibliografías
bibliogragía bibliografía
bibliogragías bibliografías
bibliográfo bibliógrafo
biblografía bibliografía
bibloteca biblioteca
biblotecas bibliotecas
bicampeon bicampeón
bicep bíceps
biceps bíceps
bicicleteria bicicletería
bicicleterias bicicleterías
bicicros bicicrós
bicicross bicicrós
bicileta bicicleta
biciletas bicicletas
bicocho bizcocho
bicochos bizcochos
biconcava bicóncava
biconcavas bicóncavas
biconcavo bicóncavo
biconcavos bicóncavos
bide bidé
bides bidés
bidet bidé
bidets bidés
bidon bidón
bidét bidé
bidéts bidés
bienechor bienhechor
bienechora bienhechora
bifera bífera
biferas bíferas
bifero bífero
biferos bíferos
bifida bífida
bifidas bífidas
bifido bífido
bifidos bífidos
bifurcacion bifurcación
biga viga
bigas vigas
bigua biguá
biguas biguás
bijouterie bisutería
bilbaina bilbaína
bilbainas bilbaínas
bilbaino bilbaíno
bilbainos bilbaínos
bilboard billboard
bilingue bilingüe
bilingues bilingües
bilinguismo bilingüismo
bilinguismos bilingüismos
billiones billones
billon billón
bilonnes billones
bilíngüe bilingüe
binacion binación
binoculo binóculo
binoculos binóculos
bioanalisis bioanálisis
biobibliografia biobibliografía
biobibliografias biobibliografías
biobibliografica biobibliográfica
biobibliograficas biobibliográficas
biobibliografico biobibliográfico
biobibliograficos biobibliográficos
bioclimatica bioclimática
bioclimaticas bioclimáticas
bioclimatico bioclimático
bioclimaticos bioclimáticos
biodegradacion biodegradación
biodiesel biodiésel
biodinamica biodinámica
biodinamicas biodinámicas
biodinamico biodinámico
biodinamicos biodinámicos
biogenesis biogénesis
biografia biografía
biografias biografías
biografica biográfica
biograficas biográficas
biografico biográfico
biograficos biográficos
biografíca biográfica
biografícas biográficas
biografíco biográfico
biografícos biográficos
biográfia biografía
biográfias biografías
biologa bióloga
biologas biólogas
biologia biología
biologica biológica
biologicas biológicas
biologico biológico
biologicos biológicos
biologo biólogo
biologos biólogos
biomecanica biomecánica
biomecanicas biomecánicas
biomecanico biomecánico
biomecanicos biomecánicos
biomedica biomédica
biomedicas biomédicas
biomedico biomédico
biomedicos biomédicos
biomolecula biomolécula
biomoleculas biomoléculas
biopolimero biopolímero
biopolimeros biopolímeros
bioquimica bioquímica
bioquimicas bioquímicas
bioquimico bioquímico
bioquimicos bioquímicos
bioreactor biorreactor
bioreactores biorreactores
bioregion biorregión
bioregiones biorregiones
bioregión biorregión
biosintesis biosíntesis
biraro biraró
biraros birarós
bisau bisáu
biseccion bisección
biseversa viceversa
bishkek biskek
bisilaba bisílaba
bisilabas bisílabas
bisilabica bisilábica
bisilabicas bisilábicas
bisilabico bisilábico
bisilabicos bisilábicos
bisilabo bisílabo
bisilabos bisílabos
bisoñe bisoñé
biste bisté
bisteck bisté
bistecks bistés
bistes bistés
bistro bistró
bistros bistrós
bistrot bistró
bistrots bistrós
bisturi bisturí
bisturies bisturíes
bisturis bisturís
bisuteria bisutería
bisuterias bisuterías
bitacora bitácora
bitacoras bitácoras
bitter bíter
bitters bíteres
bivero vivero
biveros viveros
bizkaia vizcaya
bién bien
blason blasón
blister blíster
blisteres blísteres
blisters blísteres
blogger bloguera
bloggers blogueras
blokeada bloqueada
blokeadas bloqueadas
blokeado bloqueado
blokeados bloqueados
blumer blúmer
blumeres blúmeres
bluyin bluyín
bluyínes bluyines
blísters blísteres
bobalias bobalías
bocoys bocoyes
bodegon bodegón
boer bóer
boeres bóeres
boers bóeres
bogota bogotá
boico boicot
boicos boicots
boicó boicot
boicós boicots
boletin boletín
boligrafo bolígrafo
boligrafos bolígrafos
boliva bolivia
bolivar bolívar
boloñes boloñés
bolívia bolivia
bombacacea bombacácea
bombacaceas bombacáceas
bombacaceo bombacáceo
bombacaceos bombacáceos
bombacea bombácea
bombaceas bombáceas
bombaceo bombáceo
bombaceos bombáceos
bombadera bombardera
bombaderas bombarderas
bombadero bombardero
bombaderos bombarderos
bombin bombín
bombon bombón
bonachon bonachón
bonachoneria bonachonería
bonachonerias bonachonerías
bonsai bonsái
bonsais bonsáis
bonuses bonus
boom bum
boomeran búmeran
boomerang búmeran
boomerangs búmeran
boomerans búmeran
borbollon borbollón
borboton borbotón
bordon bordón
boricana borincana
boricanas borincanas
boricano borincano
boricanos borincanos
boriqueña borinqueña
boriqueñas borinqueñas
boriqueño borinqueño
boriqueños borinqueños
borrandola borrándola
borrandolas borrándolas
borrandole borrándole
borrandoles borrándoles
borrandolo borrándolo
borrandolos borrándolos
borrandome borrándome
borrandose borrándose
borrandote borrándote
borron borrón
bosquímano bosquimano
bosquímanos bosquimanos
botanica botánica
botanicas botánicas
botanico botánico
botanicos botánicos
botaníca botánica
botanícas botánicas
botaníco botánico
botanícos botánicos
botellon botellón
botswana botsuana
boulevar bulevar
boulevard bulevar
bouque buqué
bouques buqués
bouquet buqué
bouquets buqués
bouqué buqué
bouqués buqués
boveda bóveda
bovedas bóvedas
bovida bóvida
bovidas bóvidas
bovido bóvido
bovidos bóvidos
boxer bóxer
boxistica boxística
boxisticas boxísticas
boxistico boxístico
boxisticos boxísticos
boyaca boyacá
boyacà boyacá
boycot boicot
boycots boicots
boycott boicot
boycotts boicots
bractea bráctea
bracteas brácteas
brandenburgo brandeburgo
brandenburguesa brandeburguesa
brandenburguesas brandeburguesas
brandenburgueses brandeburgueses
brandenburgués brandeburgués
braquiacion braquiación
braquicefala braquicéfala
braquicefalas braquicéfalas
braquicefalo braquicéfalo
braquicefalos braquicéfalos
brazil brasil
brebe breve
breton bretón
bribiatica bribiática
bribiaticas bribiáticas
bribiatico bribiático
bribiaticos bribiáticos
bribon bribón
bricolage bricolaje
bridon bridón
britancia británica
britancias británicas
britancio británico
britancios británicos
britanica británica
britanicas británicas
britanico británico
britanicos británicos
británcia británica
británcias británicas
británcio británico
británcios británicos
bronze bronce
bronzes bronces
brotola brótola
brotolas brótolas
brujeria brujería
brujula brújula
brujulas brújulas
brunei brunéi
bsta basta
bstan bastan
bubatica bubática
bubaticas bubáticas
bubatico bubático
bubaticos bubáticos
bubon bubón
bubonica bubónica
bubonicas bubónicas
bubonico bubónico
bubonicos bubónicos
buchon buchón
budin budín
budion budión
bueys bueyes
bufala búfala
bufalas búfalas
bufalo búfalo
bufalos búfalos
buffet bufé
buffets bufés
bugia bujía
bugias bujías
buho búho
buhos búhos
bujara bujará
bujia bujía
bujias bujías
bujumbura buyumbura
bukhara bujará
bulgara búlgara
bulgaras búlgaras
bulgaro búlgaro
bulgaros búlgaros
bulimica bulímica
bulimicas bulímicas
bulimico bulímico
bulimicos bulímicos
bullon bullón
bumeran búmeran
bumerang búmeran
bumerangs búmeran
bumeráng búmeran
bumerángs búmeran
bunei brunéi
bungalo búngalo
bungalos búngalos
bungalow búngalo
bungalows búngalos
bungalów búngalo
bungalóws búngalos
bunker búnker
bunkeres búnkeres
bunkers búnkeres
bunuelo buñuelo
bunuelos buñuelos
bunéi brunéi
buquet buqué
buquets buqués
burbones búrbones
burgues burgués
burguesia burguesía
burguesias burguesías
burlon burlón
buro buró
burocratica burocrática
burocraticas burocráticas
burocratico burocrático
burocraticos burocráticos
buros burós
bursatil bursátil
bursatiles bursátiles
burundí burundi
buscapies buscapiés
buscapieses buscapiés
buscapiéses buscapiés
busco buscó
busqueda búsqueda
busquedas búsquedas
butan bután
butirometria butirometría
butirometrias butirometrías
butirometro butirómetro
butirometros butirómetros
bypass baipás
bándala vándala
bándalas vándalas
bándalo vándalo
bándalos vándalos
bártulo bártulos
básket básquet
bélcia bélica
bélcias bélicas
bélcio bélico
bélcios bélicos
bélice belice
bíblia biblia
bíblias biblias
bícep bíceps
bóers bóeres
bónuses bonus
bósque bosque
bósques bosques
búmerang búmeran
búmerangs búmeran
búngalow búngalo
búngalows búngalos
búnkers búnkeres
bús bus
cabacera cabecera
cabaiguan cabaiguán
cabala cábala
cabalas cábalas
cabalistica cabalística
cabalisticas cabalísticas
cabalistico cabalístico
cabalisticos cabalísticos
caballeria caballería
caballerias caballerías
caballlo caballo
caballlos caballos
cabare cabaré
cabares cabarés
cabarron cabarrón
cabezera cabecera
cabezon cabezón
cabidad cavidad
cabidades cavidades
cacan cacán
cacatua cacatúa
cacatuas cacatúas
caceres cáceres
cacerio caserío
cacerios caseríos
cacerío caserío
caceríos caseríos
cachanchan cachanchán
cache caché
cacher cácher
cacheres cácheres
caches cachés
cachet caché
cachets cachés
cachon cachón
cachopin cachopín
cacodilico cacodílico
cacodilicos cacodílicos
cactacea cactácea
cactaceas cactáceas
cactaceo cactáceo
cactaceos cactáceos
cadaver cadáver
cadaveres cadáveres
cadiz cádiz
caera caerá
caeria caería
caerian caerían
caerias caerías
cafe café
cafeina cafeína
cafeinas cafeínas
cafes cafés
cafeses cafés
cafeteria cafetería
cafeterias cafeterías
cagayan cagayán
caid caíd
caida caída
caidas caídas
caides caídes
caido caído
caidos caídos
cain caín
caipirinha caipiriña
caipirinhas caipiriñas
calabacin calabacín
calcamonia calcomanía
calcamonias calcomanías
calcamonía calcomanía
calcamonías calcomanías
calcarea calcárea
calcareas calcáreas
calcareo calcáreo
calcareos calcáreos
calceteria calcetería
calceterias calceterías
calcetin calcetín
calceton calcetón
calcica cálcica
calcicas cálcicas
calcico cálcico
calcicos cálcicos
calcinacion calcinación
calcomania calcomanía
calcomanias calcomanías
calculo cálculo
calculos cálculos
calcutta calcuta
calderon calderón
calefaccion calefacción
calefon calefón
calibracion calibración
calices cálices
calida cálida
calidas cálidas
calido cálido
calidos cálidos
calientapies calientapiés
calificacion calificación
caligrafa calígrafa
caligrafas calígrafas
caligrafia caligrafía
caligrafias caligrafías
caligrafica caligráfica
caligraficas caligráficas
caligrafico caligráfico
caligraficos caligráficos
caligrafo calígrafo
caligrafos calígrafos
caliz cáliz
calleran cayeran
calleron cayeron
caloria caloría
calorica calórica
caloricas calóricas
calorico calórico
caloricos calóricos
calorifera calorífera
caloriferas caloríferas
calorifero calorífero
caloriferos caloríferos
calorimetria calorimetría
calorimetrias calorimetrías
calorimetro calorímetro
calorimetros calorímetros
calsificacion calcificación
calsificaciones calcificaciones
calsificación calcificación
camaguey camagüey
camaleon camaleón
camapaña campaña
camara cámara
camaraderia camaradería
camaraderias camaraderías
camaranchon camaranchón
camaras cámaras
camarin camarín
camaron camarón
cambarin cambarín
cambodia camboya
cambrica cámbrica
cambricas cámbricas
cambrico cámbrico
cambricos cámbricos
cambron cambrón
camelido camélido
camelidos camélidos
camerun camerún
camerunes camerunés
camion camión
camoati camoatí
camoaties camoatíes
camoatis camoatís
campeon campeón
campeóna campeona
campionato campeonato
campionatos campeonatos
campuses campus
campéon campeón
camuati camuatí
camuaties camuatíes
camuatis camuatís
camuflage camuflaje
camuflages camuflajes
camuflajea camufla
canabinea canabínea
canabineas canabíneas
canabineo canabíneo
canabineos canabíneos
canada canadá
canalizacion canalización
canalon canalón
cancan cancán
cancelacion cancelación
cancer cáncer
canceres cánceres
cancerigena cancerígena
cancerigenas cancerígenas
cancerigeno cancerígeno
cancerigenos cancerígenos
cancerijena cancerígena
cancerijenas cancerígenas
cancerijeno cancerígeno
cancerijenos cancerígenos
canceríjena cancerígena
canceríjenas cancerígenas
canceríjeno cancerígeno
canceríjenos cancerígenos
cancilleria cancillería
cancion canción
canciñon canción
canciòn canción
canciónes canciones
cancun cancún
cancíon canción
candadear candear
candida cándida
candidas cándidas
candidatiza candidatea
candidatizada candidateada
candidatizadas candidateadas
candidatizado candidateado
candidatizados candidateados
candidatizar candidatear
candidatizaron candidatearon
candidatizarse candidatearse
candidatizó candidateó
candido cándido
candidos cándidos
candiense canadiense
candienses canadienses
canditada candidata
canditadas candidatas
canditado candidato
canditados candidatos
canelon canelón
canesu canesú
canesues canesúes
canesus canesús
cangilon cangilón
canibal caníbal
canibales caníbales
cannabacea cannabácea
cannabaceas cannabáceas
cannabaceo cannabáceo
cannabaceos cannabáceos
canones cánones
canonica canónica
canonicamente canónicamente
canonicas canónicas
canonico canónico
canonicos canónicos
canoniga canóniga
canonigas canónigas
canonigo canónigo
canonigos canónigos
canonizacion canonización
canserigena cancerígena
canserigenas cancerígenas
canserigeno cancerígeno
canserigenos cancerígenos
canserijena cancerígena
canserijenas cancerígenas
canserijeno cancerígeno
canserijenos cancerígenos
canserígena cancerígena
canserígenas cancerígenas
canserígeno cancerígeno
canserígenos cancerígenos
canseríjena cancerígena
canseríjenas cancerígenas
canseríjeno cancerígeno
canseríjenos cancerígenos
cansia cansía
cansias cansías
cansio cansío
cansion canción
cansiones canciones
cansios cansíos
cansión canción
canson cansón
cantaautor cantautor
cantaautora cantautora
cantaautoras cantautoras
cantaautores cantautores
cantabrica cantábrica
cantabricas cantábricas
cantabrico cantábrico
cantabricos cantábricos
cantandola cantándola
cantandolas cantándolas
cantandole cantándole
cantandoles cantándoles
cantandolo cantándolo
cantandolos cantándolos
cantanta cantante
cantantas cantantes
cantarida cantárida
cantaridas cantáridas
cantaro cántaro
cantaros cántaros
cantico cántico
canticos cánticos
cantides cantidades
canton cantón
cantro centro
cantros centros
caolin caolín
caotica caótica
caoticas caóticas
caotico caótico
caoticos caóticos
capacitacion capacitación
caparazon caparazón
capellan capellán
capellania capellanía
capellanias capellanías
capita cápita
capitan capitán
capitania capitanía
capitanias capitanías
capitone capitoné
capitones capitonés
capitulacion capitulación
capitulo capítulo
capitulos capítulos
capon capón
capot capó
capots capós
cappuchina capuchina
cappuchinas capuchinas
cappuchino capuchino
cappuchinos capuchinos
cappucina capuchina
cappucinas capuchinas
cappucino capuchino
cappucinos capuchinos
capsula cápsula
capsulas cápsulas
captacion captación
capuccina capuchina
capuccinas capuchinas
capuccino capuchino
capuccinos capuchinos
capás capaz
capáz capaz
carabido carábido
carabidos carábidos
carabo cárabo
carabos cárabos
caracter carácter
caracterisa caracteriza
caracterisaba caracterizaba
caracterisabas caracterizabas
caracterisada caracterizada
caracterisadas caracterizadas
caracterisado caracterizado
caracterisados caracterizados
caracterisan caracterizan
caracterisando caracterizando
caracterisaría caracterizaría
caracteristica característica
caracteristicas características
caracteristico característico
caracteristicos característicos
caracterisó caracterizó
caracteritica característica
caracteriticas características
caracterizo caracterizó
caracterìstica característica
caracterìsticas características
caracterísica característica
caracterísicas características
caracterísico característico
caracterísicos característicos
caracterítica característica
caracteríticas características
caractéres caracteres
caracu caracú
caracues caracúes
caracus caracús
caraguata caraguatá
caraguatas caraguatás
caramanchon caramanchón
carambano carámbano
carambanos carámbanos
carater carácter
carateres caracteres
caraterisa caracteriza
caraterisaba caracterizaba
caraterisabas caracterizabas
caraterisada caracterizada
caraterisadas caracterizadas
caraterisado caracterizado
caraterisados caracterizados
caraterisan caracterizan
caraterisando caracterizando
caraterisaría caracterizaría
carateristica característica
carateristicas características
carateristico característico
carateristicos característicos
caraterisó caracterizó
carateritica característica
carateriticas características
caraterizo caracterizó
caraterìstica característica
caraterìsticas características
caraterísica característica
caraterísicas característica
caraterísico característico
caraterísicos característicos
caraterística característica
caraterísticas características
caraterítica característica
carateríticas características
caratula carátula
caratulas carátulas
caratéres caracteres
carau caráu
caraus caráus
carbolico carbólico
carbolicos carbólicos
carbon carbón
carboneria carbonería
carbonerias carbonerías
carbonica carbónica
carbonicas carbónicas
carbonico carbónico
carbonicos carbónicos
carbonifera carbonífera
carboniferas carboníferas
carbonifero carbonífero
carboniferos carboníferos
carbosilica carboxílica
carbosilicas carboxílicas
carbosilico carboxílico
carbosilicos carboxílicos
carbosílica carboxílica
carbosílicas carboxílicas
carbosílico carboxílico
carbosílicos carboxílicos
carboxilica carboxílica
carboxilicas carboxílicas
carboxilico carboxílico
carboxilicos carboxílicos
carcaman carcamán
carcava cárcava
carcaza carcasa
carcel cárcel
carceles cárceles
carcél cárcel
cardena cárdena
cardenas cárdenas
cardeno cárdeno
cardenos cárdenos
cardigam cárdigan
cardigan cárdigan
cardigans cárdigan
cardiologa cardióloga
cardiologas cardiólogas
cardiologia cardiología
cardiologias cardiologías
cardiologica cardiológica
cardiologicas cardiológicas
cardiologico cardiológico
cardiologicos cardiológicos
cardiologo cardiólogo
cardiologos cardiólogos
cardiotonica cardiotónica
cardiotonicas cardiotónicas
cardiotonico cardiotónico
cardiotonicos cardiotónicos
cardon cardón
carerras carreras
careys careyes
caribu caribú
caribues caribúes
caribus caribús
cariolisis cariólisis
cariopside cariópside
cariopsides cariópsides
carismatica carismática
carismaticas carismáticas
carismatico carismático
carismaticos carismáticos
carlor calor
carmesi carmesí
carmesies carmesíes
carmesis carmesís
carneceria carnicería
carnecerias carnicerías
carnecería carnicería
carnecerías carnicerías
carnica cárnica
carnicas cárnicas
carnico cárnico
carnicos cárnicos
carnivora carnívora
carnivoras carnívoras
carnivoro carnívoro
carnivoros carnívoros
carotida carótida
carotidas carótidas
carotidea carotídea
carotideas carotídeas
carotideo carotídeo
carotideos carotídeos
carpinteria carpintería
carpinterias carpinterías
carpologia carpología
carpologias carpologías
carpínteria carpintería
carpínterias carpinterías
carreon carreón
carretara carretera
carreton carretón
carroceria carrocería
carrocerias carrocerías
carrrera carrera
carrreras carreras
carstica cárstica
carsticas cársticas
carstico cárstico
carsticos cársticos
cartagines cartaginés
cartaginéses cartagineses
carteres cárteres
cartilago cartílago
cartilagos cartílagos
cartografa cartógrafa
cartografas cartógrafas
cartografia cartografía
cartografias cartografías
cartografo cartógrafo
cartografos cartógrafos
carton cartón
cartél cartel
carácteres caracteres
carácterística característica
carácterísticas características
caráter carácter
caráteres caracteres
cascara cáscara
cascaras cáscaras
cascaron cascarón
cascue cascué
cascues cascués
caseina caseína
caseinas caseínas
caserio caserío
caset casete
casets casetes
casette casete
casettes casetes
casicazgo cacicazgo
casicazgos cacicazgos
casique cacique
casiques caciques
cason casón
cassete casete
cassetes casetes
cassette casete
cassettes casetes
casteldefels castelldefels
castings cástines
castracion castración
casí casi
catalan catalán
catalisis catálisis
catalogacion catalogación
catalogo catálogo
catalogos catálogos
catamaran catamarán
catapun catapún
catari catarí
cataries cataríes
cataris catarís
catastrofe catástrofe
catastrofes catástrofes
catastrofica catastrófica
catastroficas catastróficas
catastrofico catastrófico
catastroficos catastróficos
catcher cácher
catchers cácheres
catchup cátchup
catecu catecú
catecues catecúes
catecumena catecúmena
catecumenas catecúmenas
catecumeno catecúmeno
catecumenos catecúmenos
catecus catecús
catedra cátedra
catedras cátedras
catedratica catedrática
catedraticas catedráticas
catedratico catedrático
catedraticos catedráticos
categorematica categoremática
categorematicas categoremáticas
categorematico categoremático
categorematicos categoremáticos
categoria categoría
categorias categorías
categorica categórica
categoricas categóricas
categorico categórico
categoricos categóricos
catequistica catequística
catequisticas catequísticas
catequistico catequístico
catequisticos catequísticos
cateresis catéresis
catering cáterin
caterings cáterin
catidad cantidad
catidades cantidades
catigua catiguá
catiguas catiguás
catin catín
cation catión
cativi cativí
catodica catódica
catodicas catódicas
catodico catódico
catodicos catódicos
catodo cátodo
catodos cátodos
catolica católica
catolicas católicas
catolico católico
catolicos católicos
caton catón
catrin catrín
catsup cátsup
catálago catálogo
catálagos catálogos
catégorico categórico
catégoricos categóricos
caucasea caucásica
caucaseas caucásicas
caucaseo caucásico
caucaseos caucásicos
caucasica caucásica
caucasicas caucásicas
caucasico caucásico
caucasicos caucásicos
caul cual
caundo cuando
causo causó
causon causón
caustica cáustica
causticas cáusticas
caustico cáustico
causticos cáusticos
cauterizacion cauterización
cave cabe
cayac kayak
cayacs kayaks
cayak kayak
cayaks kayaks
cazeria cacería
cazerias cacerías
cazería cacería
cazerías cacerías
cazona casona
cazonas casonas
cañadon cañadón
cañamo cáñamo
cañamos cáñamos
cañeria cañería
cañerias cañerías
cañi cañí
cañis cañís
cañon cañón
cañónes cañones
caúcaso cáucaso
cds cd
ceatica ceática
ceaticas ceáticas
cebu cebú
cebues cebúes
cebus cebús
cedaceria cedacería
cedacerias cedacerías
cederron cederrón
cederrónes cederrones
cedio cedió
cedron cedrón
cedula cédula
cedulas cédulas
cefalica cefálica
cefalicas cefálicas
cefalico cefálico
cefalicos cefálicos
cefalopodo cefalópodo
cefalopodos cefalópodos
cefalorraquideo cefalorraquídeo
cefalorraquideos cefalorraquídeos
cefiro céfiro
cefiros céfiros
celaduria celaduría
celadurias celadurías
celebracion celebración
celebraró celebró
celebres célebres
celebro celebró
cellista chelista
cello chelo
celtica céltica
celticas célticas
celtico céltico
celticos célticos
celula célula
celulas células
celulosica celulósica
celulosicas celulósicas
celulosico celulósico
celulosicos celulósicos
cementacion cementación
cementario cementerio
cenaculo cenáculo
cenaculos cenáculos
cenaduria cenaduría
cenadurias cenadurías
cenestesica cenestésica
cenestesicas cenestésicas
cenestesico cenestésico
cenestesicos cenestésicos
cenisa ceniza
cenisas cenizas
centanario centenario
centanarios centenarios
centellon centellón
centeneria centenaria
centenerias centenarias
centenerio centenario
centenerios centenarios
centenials centeniales
centennial centenial
centennials centeniales
centesima centésima
centesimas centésimas
centesimo centésimo
centesimos centésimos
centigrado centígrado
centigrados centígrados
centima céntima
centimas céntimas
centimetro centímetro
centimetros centímetros
centimo céntimo
centimos céntimos
centralizacion centralización
centrica céntrica
centricas céntricas
centrico céntrico
centricos céntricos
centrifuga centrífuga
centrifugacion centrifugación
centrifugas centrífugas
centripeta centrípeta
centripetas centrípetas
centripeto centrípeto
centripetos centrípetos
centroamerica centroamérica
centroaméricana centroamericana
centroaméricanas centroamericanas
centroaméricano centroamericano
centroaméricanos centroamericanos
centupla céntupla
centuplas céntuplas
centuplo céntuplo
centuplos céntuplos
centurion centurión
cequi cequí
cequies cequíes
cequin cequí
cequis cequís
cequín cequí
ceramica cerámica
ceramicas cerámicas
ceramico cerámico
ceramicos cerámicos
cercania cercanía
cercanias cercanías
cercopo cércopo
cercopos cércopos
cerea cérea
cereas céreas
ceremonía ceremonia
ceremonías ceremonias
cereo céreo
cereos céreos
cernicalo cernícalo
cernicalos cernícalos
certamenes certámenes
certificacion certificación
certifico certificó
certámen certamen
cerulea cerúlea
ceruleas cerúleas
ceruleo cerúleo
ceruleos cerúleos
cervantica cervántica
cervanticas cervánticas
cervantico cervántico
cervanticos cervánticos
cervido cérvido
cervidos cérvidos
cervix cérvix
ceràmica cerámica
ceràmicas cerámicas
ceràmico cerámico
ceràmicos cerámicos
ceso cesó
cesped césped
cespedes céspedes
cetaceas cetáceas
cetaceo cetáceo
cetaceos cetáceos
cetinje cetiña
cetreria cetrería
cetrerias cetrerías
ceuti ceutí
ceuties ceutíes
ceutis ceutís
chabacan chabacán
chabacaneria chabacanería
chabacanerias chabacanerías
chachara cháchara
chacharas chácharas
chacineria chacinería
chacinerias chacinerías
chaja chajá
chajas chajás
chaletes chalés
chamame chamamé
chamames chamamés
chaman chamán
chamanica chamánica
chamanicas chamánicas
chamanico chamánico
chamanicos chamánicos
chamanistica chamanística
chamanisticas chamanísticas
chamanistico chamanístico
chamanisticos chamanísticos
chambon chambón
chamelecon chamelecón
champagne champán
champagnes champanes
champan champán
champignon champiñón
champignones champiñones
champignons champiñones
champignón champiñón
champiñon champiñón
champu champú
champues champús
champus champús
champúes champús
chandal chándal
chandales chándales
chantilly chantillí
chantillys chantillís
chaque chaqué
chaques chaqués
chaquet chaqué
chaqueton chaquetón
charcuteria charcutería
charcuterias charcuterías
charrua charrúa
charruas charrúas
charter chárter
charteres chárteres
charters chárteres
chasises chasis
chassis chasis
chavez chávez
cheliabinsk cheliábinsk
chelyabinsk cheliábinsk
chibuqui chibuquí
chibuquies chibuquíes
chibuquis chibuquís
chihirín chiguirín
chii chií
chiies chiíes
chiis chiíes
chimalhuacan chimalhuacán
chimpance chimpancé
chimpances chimpancés
chimu chimú
chimues chimúes
chisinau chisináu
chiísmo chiismo
chiíta chiita
chiítas chiitas
chocarreria chocarrería
chocarrerias chocarrerías
chochin chochín
choped chóped
chopedes chópedes
choriceria choricería
choricerias choricerías
choripan choripán
chortkiv chortkov
chubasqueria chubasquería
chubasquerias chubasquerías
chyhyryn chiguirín
chyhyrýn chiguirín
chásis chasis
cianhidrico cianhídrico
cianhidricos cianhídricos
cianica ciánica
cianicas ciánicas
cianico ciánico
cianicos ciánicos
cianogeno cianógeno
cianogenos cianógenos
ciatica ciática
ciaticas ciáticas
ciatico ciático
ciaticos ciáticos
cibernetica cibernética
ciberneticas cibernéticas
cibernetico cibernético
ciberneticos cibernéticos
ciclica cíclica
ciclicas cíclicas
ciclico cíclico
ciclicos cíclicos
ciclocros ciclocrós
ciclodialisis ciclodiálisis
ciclon ciclón
ciclope cíclope
ciclopea ciclópea
ciclopeas ciclópeas
ciclopeo ciclópeo
ciclopeos ciclópeos
ciclopes cíclopes
ciclotimica ciclotímica
ciclotimicas ciclotímicas
ciclotimico ciclotímico
ciclotimicos ciclotímicos
ciclotron ciclotrón
cidi cedé
cidis cedés
ciduad ciudad
ciduades ciudades
cidí cedé
cidís cedés
ciempie ciempiés
ciempies ciempiés
ciempieses ciempiés
ciempié ciempiés
cienaga ciénaga
cienagas ciénagas
cienega ciénega
cienegas ciénegas
cienes cientos
cienpies ciempiés
cienpiés ciempiés
cientas cientos
cientifica científica
cientificamente científicamente
cientificas científicas
cientifico científico
cientificos científicos
cigofilacea cigofilácea
cigofilaceas cigofiláceas
cigofilaceo cigofiláceo
cigofilaceos cigofiláceos
cigomatica cigomática
cigomaticas cigomáticas
cigomatico cigomático
cigomaticos cigomáticos
cigueña cigüeña
cigueñal cigüeñal
cigueñales cigüeñales
cigueñas cigüeñas
cilindirca cilíndrica
cilindircas cilíndricas
cilindirco cilíndrico
cilindircos cilíndricos
cilindrica cilíndrica
cilindricas cilíndricas
cilindrico cilíndrico
cilindricos cilíndricos
cilíndirca cilíndrica
cilíndircas cilíndricas
cilíndirco cilíndrico
cilíndircos cilíndricos
cilíndro cilindro
cilíndros cilindros
cimentacion cimentación
cinamica cinámica
cinamicas cinámicas
cinamico cinámico
cinamicos cinámicos
cinchon cinchón
cincos cinco
cincuentas cincuenta
cinefila cinéfila
cinefilas cinéfilas
cinefilo cinéfilo
cinefilos cinéfilos
cineforum cinefórum
cinegetica cinegética
cinegeticas cinegéticas
cinegetico cinegético
cinegeticos cinegéticos
cinematica cinemática
cinematicas cinemáticas
cinematico cinemático
cinematicos cinemáticos
cinematografia cinematografía
cinematografias cinematografías
cinematografica cinematográfica
cinematograficas cinematográficas
cinematografico cinematográfico
cinematograficos cinematográficos
cinematografo cinematógrafo
cinematografos cinematógrafos
cinematrografia cinematografía
cinematrografias cinematografías
cinematrografica cinematográfica
cinematrograficas cinematográficas
cinematrografico cinematográfico
cinematrograficos cinematográficos
cinematrografo cinematógrafo
cinematrografos cinematógrafos
cinematrografía cinematografía
cinematrografías cinematografías
cinematrográfica cinematográfica
cinematrográficas cinematográficas
cinematrográfico cinematográfico
cinematrográficos cinematográficos
cinematrógrafo cinematógrafo
cinematrógrafos cinematógrafos
cineracion cineración
cinetica cinética
cineticas cinéticas
cinetico cinético
cineticos cinéticos
cingiberacea cingiberácea
cingiberaceas cingiberáceas
cingiberaceo cingiberáceo
cingiberaceos cingiberáceos
cinica cínica
cinicas cínicas
cinico cínico
cinicos cínicos
cinturon cinturón
cipres ciprés
circon circón
circulacion circulación
circulasion circulación
circulasión circulación
circulo círculo
circulos círculos
circumestelar circunestelar
circumferencia circunferencia
circumferencias circunferencias
circumnavegación circunnavegación
circumstelar circunestelar
circunscripcion circunscripción
circunstelar circunestelar
circuntancia circunstancia
circuntancias circunstancias
circustancia circunstancia
circustancias circunstancias
circuíto circuito
circuítos circuitos
cirscunstancia circunstancia
cirscunstancias circunstancias
cirucito circuito
cirucitos circuitos
cirugia cirugía
cirugias cirugías
ciruhela ciruela
ciruhelas ciruelas
cirujia cirugía
cirujias cirugías
cirujía cirugía
cirujías cirugías
cirumvalacion circunvalación
cirumvalación circunvalación
ciscon ciscón
citacion citación
citodiagnostico citodiagnóstico
citodiagnosticos citodiagnósticos
citolisis citólisis
citologia citología
citologias citologías
citologica citológica
citologicas citológicas
citologico citológico
citologicos citológicos
citoplasmatica citoplasmática
citoplasmaticas citoplasmáticas
citoplasmatico citoplasmático
citoplasmaticos citoplasmáticos
citostatica citostática
citostaticas citostáticas
citostatico citostático
citostaticos citostáticos
citrica cítrica
citricas cítricas
citrico cítrico
citricos cítricos
citroen citroën
citron citrón
citröen citroën
ciuad ciudad
ciuda ciudad
ciudada ciudad
ciudadad ciudad
ciudadades ciudades
ciudadania ciudadanía
ciudadanias ciudadanías
civica cívica
civicas cívicas
civico cívico
civicos cívicos
civilizacion civilización
civilizasion civilización
civilizasión civilización
civíl civil
ciáis ciais
cián cian
cié cie
ciéis cieis
cién cien
ció cio
clabellina clavellina
clabellinas clavellinas
clamide clámide
clamides clámides
clarin clarín
clarion clarión
clasica clásica
clasicas clásicas
clasico clásico
clasicos clásicos
clasifiacion clasificación
clasifiación clasificación
clasificacion clasificación
clasificandose clasificándose
clasificara clasificará
clasificaran clasificarán
clasificiación clasificación
clasifición clasificación
clasifico clasificó
clausula cláusula
clausulas cláusulas
clavecin clavecín
clavicula clavícula
claviculas clavículas
claxones cláxones
claxons cláxones
claúsula cláusula
claúsulas cláusulas
clerigo clérigo
clerigos clérigos
click clic
clicks clics
climaterica climatérica
climatericas climatéricas
climaterico climatérico
climatericos climatéricos
climatico climático
climatizacion climatización
climatologa climatóloga
climatologas climatólogas
climatologia climatología
climatologias climatologías
climatologo climatólogo
climatologos climatólogos
climax clímax
clinica clínica
clinicas clínicas
clinico clínico
clinicos clínicos
cliper clíper
cliperes clíperes
clitoris clítoris
cloracion cloración
clorhidrica clorhídrica
clorhidricas clorhídricas
clorhidrico clorhídrico
clorhidricos clorhídricos
clorica clórica
cloricas clóricas
clorico clórico
cloricos clóricos
cloridrica clorhídrica
cloridricas clorhídricas
cloridrico clorhídrico
cloridricos clorhídricos
cloroacetico cloroacético
cloroaceticos cloroacéticos
clorofilica clorofílica
clorofilicas clorofílicas
clorofilico clorofílico
clorofilicos clorofílicos
clorídrica clorhídrica
clorídricas clorhídricas
clorídrico clorhídrico
clorídricos clorhídricos
closet clóset
closets clósets
cluster clúster
clusteres clústeres
clusters clústeres
cláxons cláxones
clón clon
clústers clústeres
cms cm
cmt cm
cmtrs cm
cmts cm
coach entrenador
coagulacion coagulación
coalcoman coalcomán
coalicción coalición
coalicion coalición
coati coatí
coaties coatíes
coatis coatís
coban cobán
cocaina cocaína
coccido cóccido
coccidos cóccidos
coccigea coccígea
coccigeas coccígeas
coccigeo coccígeo
coccigeos coccígeos
coccion cocción
coccix cóccix
cocineria cocinería
cocinerias cocinerías
cocion cocción
cocix cóccix
coción cocción
cocktail coctel
cocktails cocteles
coctail coctel
coctels cocteles
codice códice
codices códices
codigo código
codigos códigos
coeógrafa coreógrafa
coeógrafas coreógrafas
coeógrafo coreógrafo
coeógrafos coreógrafos
coflicto conflicto
coflictos conflictos
cofradia cofradía
cofradias cofradías
cofraternidad confraternidad
cogera cogerá
cogeran cogerán
cogeras cogerás
cogia cogía
cogian cogían
cogias cogías
cogio cogió
cognac coñac
cognacs coñacs
cohartada coartada
cohartadas coartadas
cohartado coartado
cohartados coartados
cohesion cohesión
coincidia coincidía
coincidian coincidían
coincidias coincidías
cojen cogen
cojer coger
cojerán cogerán
cojia cogía
cojian cogían
cojias cogías
cojida cogida
cojido cogido
cojidos cogidos
cojio cogió
cojió cogió
cojunto conjunto
cojía cogía
cojían cogían
cojías cogías
coktail coctel
coktel coctel
colaboracion colaboración
colacion colación
colageno colágeno
colagenos colágenos
colaicion coalición
colaición coalición
colchon colchón
colchoneria colchonería
colchonerias colchonerías
coleccion colección
colecion colección
coleciones colecciones
coleción colección
colectivizacion colectivización
coleoptero coleóptero
coleopteros coleópteros
colerica colérica
colericas coléricas
colerico colérico
colericos coléricos
colibri colibrí
colibries colibríes
colibris colibrís
colica cólica
colicas cólicas
colicion colisión
colicionaría colisionaría
colicionarían colisionarían
colicionarías colisionarías
coliciones colisiones
colicionó colisionó
colición colisión
colico cólico
colicos cólicos
colinergica colinérgica
colinergicas colinérgicas
colinergico colinérgico
colinergicos colinérgicos
colision colisión
collección colección
colleciones colecciones
colocacion colocación
colocandome colocándome
colocandose colocándose
colocandote colocándote
colofon colofón
colombofila colombófila
colombofilas colombófilas
colombofilo colombófilo
colombofilos colombófilos
colonbia colombia
colonical colonial
colonicales coloniales
colonizacion colonización
colonía colonia
colonías colonias
coloracion coloración
colostomia colostomía
colostomias colostomías
columan columna
columas columnas
columnna columna
columnnas columnas
colunna columna
colómbia colombia
comadreria comadrería
comadrerias comadrerías
comandad comandada
comandadad comandadas
comandadada comandada
comandadadas comandadas
comandadado comandado
comandadados comandados
comandate comandante
comandates comandantes
comaprten comparten
comaprtia compartía
comaprtian compartían
comaprtias compartías
comaprtio compartió
comaprtir compartir
comaprtió compartió
comaprtía compartía
comaprtían compartían
comaprtías compartías
comayaguela comayagüela
comayaguense comayagüense
combatio combatió
combiancion combinación
combianción combinación
combinacion combinación
comboy convoy
comboyes convoyes
combustion combustión
comediografa comediógrafa
comediografas comediógrafas
comediografo comediógrafo
comediografos comediógrafos
comelon comelón
comemoración conmemoración
comenza comienza
comenzo comenzó
comepetencia competencia
comercializo comercializó
cometi cometí
cometia cometía
cometiamos cometíamos
cometian cometían
cometias cometías
cometio cometió
comezaron comenzaron
comezó comenzó
comforma conforma
comforman conforman
comformar conformar
comformas conformas
comfort confort
comic cómic
comica cómica
comicas cómicas
comicio comicios
comico cómico
comicos cómicos
comics cómics
comiendome comiéndome
comiendose comiéndose
comiendote comiéndote
comienze comience
comienzó comenzó
comieza comienza
comiezan comienzan
comiezas comienzas
comiezo comienzo
comiezos comienzos
comilon comilón
comiseria comisaria
comiserias comisarias
comisería comisaria
comiserías comisarias
comision comisión
comisios comicios
comite comité
comites comités
comitre cómitre
comitres cómitres
commodities mercancías
commodity mercancía
comoda cómoda
comodas cómodas
comodo cómodo
comodos cómodos
comos como
compagnia compañía
compagnias compañías
compagnía compañía
compagnías compañías
compania compañía
companias compañías
companía compañía
companías compañías
comparacion comparación
comparasion comparación
comparasión comparación
comparecio compareció
comparo comparó
compartia compartía
compartian compartían
compartias compartías
compartio compartió
compas compás
compasion compasión
compañia compañía
compañias compañías
compañon compañón
compentencia competencia
competancia competencia
competecia competencia
competecias competencias
competicion competición
competieron compitieron
competio compitió
competió compitió
compitio compitió
compitó compitió
complementadno complementando
complicacion complicación
complice cómplice
complices cómplices
complir cumplir
componenen componen
componete componente
componetes componentes
componia componía
componias componías
composicion composición
compraria compraría
comprarian comprarían
comprarias comprarías
comprendi comprendí
comprendia comprendía
comprendiamos comprendíamos
comprendian comprendían
comprendias comprendías
comprendio comprendió
comprension comprensión
compresion compresión
compro compró
comprobacion comprobación
computerizada computarizada
computerizadas computarizadas
computerizado computarizado
computerizados computarizados
computerizar computarizar
comun común
comunicacion comunicación
comunicologa comunicóloga
comunicologas comunicólogas
comunicologia comunicología
comunicologo comunicólogo
comunicologos comunicólogos
comunion comunión
comunmente comúnmente
comúnes comunes
conakry conakri
conb con
conbina combina
conbinacion combinación
conbinación combinación
conbinan combinan
conbinar combinar
conbinas combinas
conboy convoy
conboyes convoyes
concava cóncava
concavas cóncavas
concavo cóncavo
concavos cóncavos
concebiendo concibiendo
concebieron concibieron
concebio concibió
concebió concibió
concencia conciencia
concenciaba concienciaba
concenciados concienciados
concenso consenso
concensos consensos
concentracion concentración
concentrica concéntrica
concentricas concéntricas
concentrico concéntrico
concentricos concéntricos
concepcion concepción
conceptualizacion conceptualización
concerbaron conservaron
concesion concesión
concetra concentra
concetraciones concentraciones
concetración concentración
concetrada concentrada
concetradas concentradas
concetrado concentrado
concetrados concentrados
concetran concentran
concetrandola concentrándola
concetrandolas concentrándolas
concetrandole concentrándole
concetrandoles concentrándoles
concetrandolo concentrándolo
concetrandolos concentrándolos
concetrandose concentrándose
concetrar concentrar
concetrara concentrara
concetraron concentraron
concetrarse concentrarse
concetrica concéntrica
concetricas concéntricas
concetrico concéntrico
concetricos concéntricos
concetrándola concentrándola
concetrándolas concentrándolas
concetrándole concentrándole
concetrándoles concentrándoles
concetrándolo concentrándolo
concetrándolos concentrándolos
concetrándose concentrándose
concetró concentró
concidera considera
conciderable considerable
conciderada considerada
concideradas consideradas
conciderado considerado
conciderados considerados
conciderar considerar
conciente consciente
concientes conscientes
concientizar concienciar
concienzación concienciación
concienzado concienciado
concienzar concienciar
concienzaron concienciaron
concistorial consistorial
concistoriales consistoriales
conclave cónclave
conclaves cónclaves
conclusion conclusión
concluyo concluyó
concluída concluida
concluído concluido
concétrica concéntrica
concétricas concéntricas
concétrico concéntrico
concétricos concéntricos
condede concede
condicion condición
condiciónes condiciones
condor cóndor
condores cóndores
condrologia condrología
condrologias condrologías
conduccion conducción
conduci conduje
conducia conducía
conducian conducían
conducias conducías
conducieron condujeron
conducio condujo
conducion conducción
condució condujo
condución conducción
conducí conduje
condujó condujo
coneccion conexión
conecciones conexiones
conección conexión
conectándo conectando
conexion conexión
confabulacion confabulación
confeccion confección
confeccionaria confeccionaría
confeccionarian confeccionarían
confeccionarias confeccionarías
confecciono confeccionó
confecion confesión
confecionar confeccionar
confecionó confeccionó
confeción confesión
confederacion confederación
conferensista conferencista
conferensistas conferencistas
configuracion configuración
confima confirma
confimada confirmada
confimadas confirmadas
confimado confirmado
confimados confirmados
confiman confirman
confimar confirmar
confimaron confirmaron
confimarse confirmarse
confirmacion confirmación
confirmo confirmó
confiteria confitería
confiterias confiterías
conflito conflicto
conflitos conflictos
confluída confluida
confluídas confluidas
confluído confluido
confluídos confluidos
confluír confluir
conformandola conformándola
conformandolas conformándolas
conformandole conformándole
conformandoles conformándoles
conformandolo conformándolo
conformandolos conformándolos
conformandose conformándose
confrimada confirmada
confrimadas confirmadas
confrimado confirmado
confrimados confirmados
confrontese confróntese
confucion confusión
confusion confusión
congelacion congelación
congelandola congelándola
congelandolas congelándolas
congelandole congelándole
congelandoles congelándoles
congelandolo congelándolo
congelandolos congelándolos
congelandose congelándose
congenita congénita
congenitas congénitas
congenito congénito
congenitos congénitos
congestion congestión
congregacion congregación
congresó congreso
congresós congresos
conica cónica
conicas cónicas
conico cónico
conicos cónicos
conifera conífera
coniferas coníferas
conjugandola conjugándola
conjugandolas conjugándolas
conjugandole conjugándole
conjugandoles conjugándoles
conjugandolo conjugándolo
conjugandolos conjugándolos
conjugandose conjugándose
conjuto conjunto
conjutos conjuntos
conlinda colinda
conlindaba colindaba
conlindaban colindaban
conlindan colindan
conlindar colindar
conmemoracion conmemoración
conmiceracion conmiseración
conmiceración conmiseración
conmiseracion conmiseración
connotacion connotación
conocia conocía
conocian conocían
conocidad conocida
conocio conoció
conocída conocida
conocídas conocidas
conocído conocido
conocídos conocidos
conocío conoció
conosco conozco
conose conoce
conoser conocer
conosida conocida
conosidas conocidas
conosido conocido
conosidos conocidos
conosimiento conocimiento
conosimientos conocimientos
conotacion connotación
conotaciones connotaciones
conotada connotada
conotadas connotadas
conotado connotado
conotados connotados
conpiscua conspicua
conpiscuas conspicuas
conpiscuo conspicuo
conpiscuos conspicuos
conplementadno complementando
conplementando complementando
conposicion composición
conposición composición
consagrabamos consagrábamos
consagracion consagración
consagrandose consagrándose
consagraramos consagráramos
consagrasemos consagrásemos
consagro consagró
consecion concesión
consecionada concesionada
consecionadas concesionadas
consecionado concesionado
consecionados concesionados
conseciones concesiones
conseción concesión
consedio concedió
conseguiendo consiguiendo
conseguió consiguió
conseguría conseguía
consegurían conseguían
consejal concejal
consejales concejales
consejeria consejería
consejerias consejerías
consencuencia consecuencia
consencuencias consecuencias
conservacion conservación
consideracioens consideraciones
consideracion consideración
considereando considerando
considero consideró
consigio consiguió
consigió consiguió
consiguendo consiguiendo
consigueron consiguieron
consiguio consiguió
consiguir conseguir
consiguío consiguió
consiguó consiguió
consistia consistía
consistiais consistíais
consistian consistían
consistias consistías
consite consiste
consitió consistió
consituida constituida
consituidas constituidas
consituido constituido
consituidos constituidos
consitía consistía
consonantica consonántica
consonanticas consonánticas
consonantico consonántico
consonanticos consonánticos
conspiracion conspiración
constelacion constelación
constitucinal constitucional
constitucinales constitucionales
constitucinalistas constitucionalistas
constitucion constitución
constituia constituía
constituian constituían
constituyendola constituyéndola
constituyendolas constituyéndolas
constituyendole constituyéndole
constituyendoles constituyéndoles
constituyendolo constituyéndolo
constituyendolos constituyéndolos
constituyo constituyó
constituída constituida
constituídas constituidas
constituído constituido
constituídos constituidos
constituír constituir
constiyuye constituye
constiyuyen constituyen
constraste contraste
constrastes contrastes
constratista contratista
constratistas contratistas
constriccion constricción
constricion constricción
constrición constricción
construccion construcción
construcion construcción
construción construcción
constructura constructora
constructuras constructoras
construian construían
construiria construiría
construirian construirían
construirias construirías
construyo construyó
construída construida
construídas construidas
construído construido
construídos construidos
construír construir
constuccion construcción
constucción construcción
constuir construir
constumbre costumbre
constumbres costumbres
constumbrismo costumbrismo
constumbrista costumbrista
constumbristas costumbristas
constuyó construyó
consul cónsul
consules cónsules
consúl cónsul
contabilizacion contabilización
contaduria contaduría
contadurias contadurías
contagiandola contagiándola
contagiandolas contagiándolas
contagiandole contagiándole
contagiandoles contagiándoles
contagiandolo contagiándolo
contagiandolos contagiándolos
contagiandose contagiándose
container contenedor
containers contenedores
contaminacion contaminación
contaria contraria
contarias contrarias
contario contrario
contarios contrarios
conteciosa contenciosa
conteciosas contenciosas
contecioso contencioso
conteciosos contenciosos
contectada conectada
contectadas conectadas
contectado conectado
contectados conectados
conteiner contenedor
conteineres contenedores
contemplacion contemplación
contemponráneos contemporáneos
contemporanea contemporánea
contemporaneas contemporáneas
contemporaneo contemporáneo
contemporaneos contemporáneos
contendio contendió
contendra contendrá
contenia contenía
contenian contenían
contenias contenías
contien contiene
contine contiene
continen contienen
continetal continental
continuacion continuación
continuan continúan
continuidada continuada
continuidadas continuadas
continuidado continuado
continuidados continuados
continúnan continúan
continúo continuo
conto contó
contraalto contralto
contraanalisis contraanálisis
contraccion contracción
contracion contracción
contración contracción
contractil contráctil
contractiles contráctiles
contracto contrato
contractos contratos
contradecida contradicha
contradecidas contradichas
contradecido contradicho
contradecidos contradichos
contradeciria contradeciría
contradecirian contradecirían
contradecirias contradecirías
contradicion contradicción
contradiciones contradicciones
contradición contradicción
contradiciónes contradicciones
contradiria contradiría
contradirian contradirían
contradirias contradirías
contrado contrato
contraestays contraestayes
contraloria contraloría
contralorias contralorías
contranalisis contraanálisis
contranto contrato
contrantos contratos
contranálisis contraanálisis
contraposicion contraposición
contrareforma contrarreforma
contrareformas contrarreformas
contrareloj contrarreloj
contrareplica contrarréplica
contrareplicas contrarréplicas
contrarevolucion contrarrevolución
contrarevolución contrarrevolución
contraro contrato
contraros contratos
contrarrestrar contrarrestar
contratacion contratación
contrataria contrataría
contratarian contratarían
contratarias contratarías
contratarón contrataron
contribuccion contribución
contribucción contribución
contribucion contribución
contribuída contribuida
contribuídas contribuidas
contribuído contribuido
contribuídos contribuidos
contribuír contribuir
contriccion contrición
contricción contrición
controvercia controversia
controvercias controversias
contrucciones construcciones
contrucción construcción
contructor constructor
contructoreso constructores
contruia construía
contruian construían
contruias construías
contruida construida
contruidas construidas
contruido construido
contruidos construidos
contruir construir
contruiria construiría
contruirian construirían
contruirias construirías
contruiría construiría
contruirían construirían
contruirías construirías
contruya construya
contruyan construyan
contruye construye
contruyen construyen
contruyendo construyendo
contruyeron construyeron
contruyo construyo
contruía construía
contruían construían
contruías construías
contruída construida
contruídas construidas
contruído construido
contruídos construidos
contruír construir
contundecia contundencia
contáiner contenedor
contáiners contenedores
contéiner contenedor
contéineres contenedores
contínua continua
contínuamente continuamente
contínuas continuas
contínuo continuo
contínuos continuos
convalescencia convalecencia
convalescencias convalecencias
convalescer convalecer
convalesciente convaleciente
convalescientes convalecientes
convencio convenció
convencion convención
convercion conversión
converción conversión
conversacion conversación
conversion conversión
convertiendose convirtiéndose
convertiria convertiría
convertirian convertirían
convertirias convertirías
convertise convertirse
convertiéndose convirtiéndose
convertió convirtió
convezca convenza
convezcamos convenzamos
convezcan convenzan
convezcas convenzas
convezco convenzo
conviccion convicción
conviertiendola convirtiéndola
conviertiendolas convirtiéndolas
conviertiendole convirtiéndole
conviertiendoles convirtiéndoles
conviertiendolo convirtiéndolo
conviertiendolos convirtiéndolos
conviertiendose convirtiéndose
conviertiera convirtiera
conviertieran convirtieran
conviertieron convirtieron
conviertiesen convirtiesen
conviertiría convertiría
conviertirías convertirías
conviertiéndola convirtiéndola
conviertiéndolas convirtiéndolas
conviertiéndole convirtiéndole
conviertiéndoles convirtiéndoles
conviertiéndolo convirtiéndolo
conviertiéndolos convirtiéndolos
conviertiéndose convirtiéndose
conviertió convirtió
convierto convirtió
conviertó convirtió
convina combina
convinar combinar
convinarse combinarse
conviritio convirtió
conviritió convirtió
conviritrse convertirse
conviritó convirtió
convirte convierte
convirtiendola convirtiéndola
convirtiendolas convirtiéndolas
convirtiendole convirtiéndole
convirtiendoles convirtiéndoles
convirtiendolo convirtiéndolo
convirtiendolos convirtiéndolos
convirtiendose convirtiéndose
convirtio convirtió
convirtir convertir
convirtiría convertiría
convirténdose convertiéndose
convirtío convirtió
convirtó convirtió
convoys convoyes
conyuge cónyuge
conyuges cónyuges
conyugue cónyuge
conyugues cónyuges
conyuje cónyuge
conyujes cónyuges
cooperacion cooperación
cooproducida coproducida
cooproducidas coproducidas
cooproducido coproducido
cooproducidos coproducidos
cooproducir coproducir
coordinacion coordinación
coorporacion corporación
coorporación corporación
copenhage copenhague
copenhagen copenhague
copenhaguen copenhague
coperacion cooperación
coperación cooperación
coperar cooperar
coproducion coproducción
coprodución coproducción
coprofaga coprófaga
coprofagas coprófagas
coprofago coprófago
coprofagos coprófagos
coprotagonizo coprotagonizó
coptica cóptica
copticas cópticas
coptico cóptico
copticos cópticos
coracea corácea
coraceas coráceas
coraceo coráceo
coraceos coráceos
corage coraje
corazon corazón
cordenada coordenada
cordenadas coordenadas
cordenado coordenado
cordenados coordenados
cordina coordina
cordinada coordinada
cordinado coordinado
cordinador coordinador
cordinadora coordinadora
cordinadoras coordinadoras
cordinadores coordinadores
cordinan coordinan
cordinar coordinar
cordoba córdoba
cordobas córdobas
cordobes cordobés
cordon cordón
coregencia corregencia
coregente corregente
coriacea coriácea
coriaceas coriáceas
coriaceo coriáceo
coriaceos coriáceos
coriambica coriámbica
coriambicas coriámbicas
coriambico coriámbico
coriambicos coriámbicos
cormoran cormorán
cornea córnea
corneo córneo
corner córner
corneres córneres
corners córneres
corniza cornisa
cornizas cornisas
corono coronó
corporacion corporación
corporasion corporación
corporasión corporación
corporea corpórea
corporeas corpóreas
corporeo corpóreo
corporeos corpóreos
corpusculo corpúsculo
corpusculos corpúsculos
correccion corrección
correcional correccional
correcionales correccionales
correciones correcciones
correción corrección
correjimiento corregimiento
correlacion correlación
correponde corresponde
correponden corresponden
correpondiente correspondiente
correpondientes correspondientes
correposndieron correspondieron
correspodiente correspondiente
correspondecia correspondencia
correspondecias correspondencias
correspondente correspondiente
correspondentes correspondientes
correspondera corresponderá
corresponderan corresponderán
corresponderas corresponderás
correspondere corresponderé
corresponderia correspondería
corresponderiamos corresponderíamos
corresponderian corresponderían
corresponderias corresponderías
correspondi correspondí
correspondia correspondía
correspondiamos correspondíamos
correspondian correspondían
correspondias correspondías
correspondio correspondió
corria corría
corriais corríais
corriamos corríamos
corrian corrían
corrias corrías
corrigo corrijo
corrio corrió
corroboracion corroboración
corrocion corrosión
corroción corrosión
corrosion corrosión
corrupcion corrupción
corse corsé
corses corsés
corset corsé
corsets corsés
cortacesped cortacésped
cortafrio cortafrío
cortafrios cortafríos
cortesia cortesía
cortesias cortesías
cortesmente cortésmente
cortén corten
cortéz cortez
coríntia corintia
coríntias corintias
coríntio corintio
coríntios corintios
cosecho cosechó
cosmetica cosmética
cosmeticas cosméticas
cosmetico cosmético
cosmeticos cosméticos
cosmica cósmica
cosmicas cósmicas
cosmico cósmico
cosmicos cósmicos
cosmodromo cosmódromo
cosmodromos cosmódromos
cosmogonia cosmogonía
cosmogonias cosmogonías
cosmologa cosmóloga
cosmologas cosmólogas
cosmologia cosmología
cosmologias cosmologías
cosmologo cosmólogo
cosmologos cosmólogos
cosmovision cosmovisión
cosnideraba consideraba
cosnideraban consideraban
cosniderabas considerabas
cosntruccion construcción
cosntrucción construcción
cosquin cosquín
costaricense costarricense
costaricenses costarricenses
costitucion constitución
costitución constitución
costituida constituida
costituidas constituidas
costituido constituido
costituidos constituidos
costituirse constituirse
costituye constituye
costituyen constituyen
costituyendo constituyendo
costituída constituida
costituídas constituidas
costituído constituido
costituídos constituidos
costituírse constituirse
costruccion construcción
costrucción construcción
costruida construida
costruidas construidas
costruido construido
costruidos construidos
cotiledon cotiledón
cotiledonea cotiledónea
cotiledoneas cotiledóneas
cotiledoneo cotiledóneo
cotiledoneos cotiledóneos
cotonia cotonía
cotonias cotonías
cotonou cotonú
cotonu cotonú
cotra contra
cotrae contrae
cotro corto
coupe cupé
coupes cupés
coupé cupé
coupés cupés
couscous cuscús
covertura cobertura
coverturas coberturas
covirtiéndose convirtiéndose
covirtió convirtió
coxigea coxígea
coxigeas coxígeas
coxigeo coxígeo
coxigeos coxígeos
coyoacan coyoacán
coys coyes
cpn con
craneo cráneo
craneos cráneos
crapula crápula
crapulas crápulas
crater cráter
crateres cráteres
crawl crol
crayon crayón
creacción creación
creacion creación
crearón crearon
creci crecí
crecio creció
creción creación
credito crédito
creditos créditos
crei creí
creia creía
creian creían
crellendo creyendo
crellendola creyéndola
crellendolas creyéndolas
crellendole creyéndole
crellendoles creyéndoles
crellendolo creyéndolo
crellendolos creyéndolos
crelléndola creyéndola
crelléndolas creyéndolas
crelléndole creyéndole
crelléndoles creyéndoles
crelléndolo creyéndolo
crelléndolos creyéndolos
cremones cremonés
creo creó
creperia crepería
creperias creperías
crepusculo crepúsculo
crepusculos crepúsculos
cresca crezca
crescan crezcan
crestáceo crustáceo
crestáceos crustáceos
cretacea cretácea
cretaceas cretáceas
cretaceo cretáceo
cretaceos cretáceos
cretacica cretácica
cretacicas cretácicas
cretacico cretácico
cretacicos cretácicos
creyendola creyéndola
creyendolas creyéndolas
creyendole creyéndole
creyendoles creyéndoles
creyendolo creyéndolo
creyendolos creyéndolos
cria cría
crian crían
crimenes crímenes
criogenesis criogénesis
criogenica criogénica
criogenicas criogénicas
criogenico criogénico
criogenicos criogénicos
crioscopica crioscópica
crioscopicas crioscópicas
crioscopico crioscópico
crioscopicos crioscópicos
criptica críptica
cripticas crípticas
criptico críptico
cripticos crípticos
criptogama criptógama
criptogamas criptógamas
criptogamo criptógamo
criptogamos criptógamos
criquet críquet
crisolito crisólito
crisolitos crisólitos
cristalografia cristalografía
cristalografias cristalografías
cristalografica cristalográfica
cristalograficas cristalográficas
cristalografico cristalográfico
cristalograficos cristalográficos
cristianizacion cristianización
cristobal cristóbal
cristál cristal
criterium critérium
criteriums critériums
critica crítica
criticas críticas
critico crítico
criticos críticos
critério criterio
critérios criterios
critíca crítica
criáda criada
criádas criadas
criádo criado
criádos criados
criáis criais
crié crie
criéis crieis
crió crio
croche croché
croches crochés
crochet croché
crochets crochés
croisant cruasán
croisantería cruasantería
croisanterías cruasanterías
croisants cruasanes
croissant cruasán
croissantería cruasantería
croissanterías cruasanterías
croissants cruasanes
cromatinolisis cromatinólisis
cromatolisis cromatólisis
cromico crómico
cromicos crómicos
cronica crónica
cronicas crónicas
cronico crónico
cronicos crónicos
cronologia cronología
cronologias cronologías
cronologica cronológica
cronologicamente cronológicamente
cronologicas cronológicas
cronologico cronológico
cronologicos cronológicos
cronologícamente cronológicamente
cronometro cronómetro
cronometros cronómetros
crotalo crótalo
crotalos crótalos
crowdfunding micromecenazgo
cruasan cruasán
cruasanteria cruasantería
cruasanterias cruasanterías
crucifixion crucifixión
crusial crucial
crustacea crustácea
crustaceas crustáceas
crustaceo crustáceo
crustaceos crustáceos
cruze cruce
cruzen crucen
cruzes cruces
cruzo cruzó
cráck crack
críada criada
críadas criadas
críado criado
críados criados
críar criar
crímen crimen
crísis crisis
críticada criticada
críticadas criticadas
críticado criticado
críticados criticados
críticar criticar
críticó crítico
cuadno cuando
cuado cuando
cuadragesima cuadragésima
cuadragesimas cuadragésimas
cuadragesimo cuadragésimo
cuadragesimos cuadragésimos
cuadriceps cuádriceps
cuadricula cuadrícula
cuadriculas cuadrículas
cuadringentesima cuadringentésima
cuadringentesimas cuadringentésimas
cuadringentesimo cuadringentésimo
cuadringentesimos cuadringentésimos
cuadrupedo cuadrúpedo
cuadrupedos cuadrúpedos
cuadrupla cuádrupla
cuadruplas cuádruplas
cuadruple cuádruple
cuadruples cuádruples
cuadruplo cuádruplo
cuadruplos cuádruplos
cuadríceps cuádriceps
cuakero cuáquero
cuakeros cuáqueros
cuanod cuando
cuantica cuántica
cuanticas cuánticas
cuantico cuántico
cuanticos cuánticos
cuantro cuatro
cuaquero cuáquero
cuaqueros cuáqueros
cuaquier cualquier
cuaquiera cualquiera
cuarentas cuarenta
cuasar cuásar
cuasars cuásares
cuatrenio cuatrienio
cuatrenios cuatrienios
cuatros cuatro
cuauhtemoc cuauhtémoc
cuautitlan cuautitlán
cubica cúbica
cubicas cúbicas
cubico cúbico
cubicos cúbicos
cubrio cubrió
cuche cuché
cucu cucú
cucuba cucubá
cucubas cucubás
cucues cucús
cucus cucús
cuentala cuéntala
cuentalas cuéntalas
cuentale cuéntale
cuentales cuéntales
cuentalo cuéntalo
cuentalos cuéntalos
cuentame cuéntame
cuestion cuestión
cuidad ciudad
cuidadana ciudadana
cuidadanas ciudadanas
cuidadano ciudadano
cuidadanos ciudadanos
cuidades ciudades
culiacan culiacán
culmino culminó
cumel cúmel
cumplimento cumplimiento
cumplimentos cumplimientos
cumplio cumplió
cumpliria cumpliría
cumplirian cumplirían
cumplirias cumplirías
cumulo cúmulo
cumulos cúmulos
cumulus cúmulus
cunada cuñada
cunadas cuñadas
cunado cuñado
cunados cuñados
cundo cuando
cuorum cuórum
cupula cúpula
cupulas cúpulas
curacion curación
curcuma cúrcuma
curcumas cúrcumas
curricula currícula
curriculas currículas
curriculo currículo
curriculos currículos
curriculums currículums
curtiduria curtiduría
curtidurias curtidurías
curúles curules
cuscus cuscús
cuscúses cuscuses
cuspide cúspide
cuspides cúspides
cutanea cutánea
cutaneas cutáneas
cutaneo cutáneo
cutaneos cutáneos
cuter cúter
cuteres cúteres
cuters cúteres
cuticula cutícula
cuticulas cutículas
cutter cúter
cutters cúteres
cuádriga cuadriga
cuádrigas cuadrigas
cuákero cuáquero
cuákeros cuáqueros
cuásars cuásares
cuátro cuatro
cuátros cuatros
czarda zarda
cádaver cadáver
cáe cae
cáen caen
cálidad calidad
cánon canon
cápital capital
cápitulo capítulo
cáracter carácter
cárdigans cárdigan
cási casi
cástin castin
cásting casting
cástings cástines
cátalogo catálogo
céramica cerámica
céramicas cerámicas
céramico cerámico
céramicos cerámicos
cíclo ciclo
cíclos ciclos
cículo círculo
cículos círculos
cífra cifra
cífras cifras
cínco cinco
cócix cóccix
cóctels cocteles
cómida comida
cónsola consola
cónsolas consolas
cónyugue cónyuge
cónyugues cónyuges
cónyuje cónyuge
cónyujes cónyuges
córners córneres
cúal cual
cúando cuándo
cúters cúteres
dacion dación
dactilica dactílica
dactilicas dactílicas
dactilico dactílico
dactilicos dactílicos
dactiliologia dactiliología
dactiliologias dactiliologías
dactilion dactilión
dactilografa dactilógrafa
dactilografas dactilógrafas
dactilografia dactilografía
dactilografias dactilografías
dactilografica dactilográfica
dactilograficas dactilográficas
dactilografico dactilográfico
dactilograficos dactilográficos
dactilografo dactilógrafo
dactilografos dactilógrafos
dactilologia dactilología
dactilologias dactilologías
dactilologica dactilológica
dactilologicas dactilológicas
dactilologico dactilológico
dactilologicos dactilológicos
dadaismo dadaísmo
dadaista dadaísta
dadiva dádiva
dalmata dálmata
dalmatas dálmatas
dalmatica dalmática
dalmaticas dalmáticas
dalmatico dalmático
dalmaticos dalmáticos
dandies dandis
dandole dándole
dandose dándose
dandy dandi
dandys dandis
dandysmo dandismo
danes danés
danica dánica
danicas dánicas
danico dánico
danicos dánicos
danli danlí
dara dará
dariais daríais
dariamos daríamos
darian darían
dario darío
darsela dársela
darselas dárselas
darselo dárselo
darselos dárselos
dasocratica dasocrática
dasocraticas dasocráticas
dasocratico dasocrático
dasocraticos dasocráticos
dasonomia dasonomía
dasonomias dasonomías
dasonomica dasonómica
dasonomicas dasonómicas
dasonomico dasonómico
dasonomicos dasonómicos
datil dátil
datiles dátiles
davao dávao
ddts ddt
deasarrolle desarrolle
deasarrollen desarrollen
deasarrolles desarrolles
deascierto desacierto
deasciertos desaciertos
debastada devastada
debastadas devastadas
debastado devastado
debastador devastador
debastadora devastadora
debastadoras devastadoras
debastadores devastadores
debastados devastados
debastar devastar
debatira debatirá
debatiran debatirán
debera deberá
deberan deberán
deberia debería
deberian deberían
debia debía
debias debías
debil débil
debiles débiles
debilitacion debilitación
debilmente débilmente
debio debió
debur debut
deburando debutando
deburar debutar
deburó debutó
debutaria debutaría
debutarian debutarían
debuto debutó
debút debut
debúts debuts
decada década
decadas décadas
decanía decania
decanías decanias
decapodo decápodo
decapodos decápodos
decathlon decatlón
decathlón decatlón
decatlon decatlón
decea desea
deceas deseas
decembre diciembre
decembro diciembre
decendencia descendencia
decender descender
decenderia descendería
decenderias descenderías
decendería descendería
decenderías descenderías
decendia descendía
decendian descendían
decendias descendías
decendida descendida
decendidas descendidas
decendido descendido
decendidos descendidos
decendiente descendiente
decendientes descendientes
decendía descendía
decendían descendían
decendías descendías
decenso descenso
decensos descensos
decentralizada descentralizada
decentralizadas descentralizadas
decentralizado descentralizado
decentralizados descentralizados
deceo deseo
decercion deserción
decerción deserción
decersion deserción
decersión deserción
decertar desertar
deceó deseó
decia decía
decian decían
decicion decisión
decición decisión
decidia decidía
decidierón decidieron
decidio decidió
decidua caduca
deciduas caducas
deciduo caduco
deciduos caducos
decidío decidió
deciembre diciembre
deciende desciende
decienden descienden
decifra descifra
decifraba descifraba
decifraban descifraban
decifrada descifrada
decifradas descifradas
decifrado descifrado
decifrados descifrados
decifran descifran
decifrar descifrar
decifraron descifraron
decifre descifre
decifro descifro
decifró descifró
decima décima
decimacuarta decimocuarta
decimacuartas decimocuartas
decimanovena decimonovena
decimanovenas decimonovenas
decimaoctava decimoctava
decimaoctavas decimoctavas
decimaprimera decimoprimera
decimaprimeras decimoprimeras
decimaquinta decimoquinta
decimaquintas decimoquintas
decimas décimas
decimasegunda decimosegunda
decimasegundas decimosegundas
decimaseptima decimoséptima
decimaseptimas decimoséptimas
decimasexta decimosexta
decimasextas decimosextas
decimaséptima decimoséptima
decimaséptimas decimoséptimas
decimatercera decimotercera
decimaterceras decimoterceras
decimetro decímetro
decimetros decímetros
decimo décimo
decimononica decimonónica
decimononicas decimonónicas
decimononico decimonónico
decimononicos decimonónicos
decimooctava decimoctava
decimooctavas decimoctavas
decimooctavo decimoctavo
decimooctavos decimoctavos
decimos décimos
decimoseptima decimoséptima
decimoseptimas decimoséptimas
decimoseptimo decimoséptimo
decimoseptimos decimoséptimos
decision decisión
declamacion declamación
declaracion declaración
declaro declaró
declinacion declinación
decolage despegue
decolaje despegue
decolar despegar
decoloracion decoloración
decoratiba decorativa
decoratibas decorativas
decoratibo decorativo
decoratibos decorativos
decrepita decrépita
decrepitas decrépitas
decrepito decrépito
decrepitos decrépitos
decribe describe
decribes describes
decubito decúbito
decubitos decúbitos
dedalo dédalo
dedalos dédalos
dedete dedeté
dedetes dedeté
dedetés dedeté
dedicacion dedicación
dediciden deciden
dedicidó decidió
dedico dedicó
deduccion deducción
deducieron dedujeron
deducio dedujo
dedució dedujo
defecacion defecación
defendera defenderá
defenderan defenderán
defenderas defenderás
defendere defenderé
defenderia defendería
defenderiamos defenderíamos
defenderian defenderían
defenderias defenderías
defendes defendés
defendi defendí
defendia defendía
defendiamos defendíamos
defendian defendían
defendias defendías
defendiendonos defendiéndonos
defendieremos defendiéremos
defendio defendió
deficit déficit
deficits déficits
definción definición
definicion definición
definio definió
definitva definitiva
definitvas definitivas
definitvo definitivo
definitvos definitivos
defisiente deficiente
deflacciones deflaciones
deflacción deflación
deflacion deflación
deflagracion deflagración
defoliacion defoliación
deforestacion deforestación
deformacion deformación
defraudacion defraudación
defraudo defraudó
deglucion deglución
degolla degüella
degollan degüellan
degollo degüello
deica dedica
deicada dedicada
deicadas dedicadas
deicado dedicado
deicados dedicados
deican dedican
deicandose dedicándose
deicándose dedicándose
deicó dedicó
dejacion dejación
dejame déjame
dejandola dejándola
dejandolas dejándolas
dejandole dejándole
dejandoles dejándoles
dejandolo dejándolo
dejandolos dejándolos
dejandose dejándose
dejaria dejaría
dejarian dejarían
dejate déjate
dejo dejó
dejándo dejando
delaccion delación
delacción delación
delacion delación
delagación delegación
delecion deleción
delegacion delegación
delfin delfín
delineo delineó
deliverada deliberada
deliveradas deliberadas
deliverado deliberado
deliverados deliberados
deltáica deltaica
deltáicas deltaicas
deltáico deltaico
deltáicos deltaicos
demaciada demasiada
demaciadas demasiadas
demaciado demasiado
demaciados demasiados
demagogica demagógica
demagogicas demagógicas
demagogico demagógico
demagogicos demagógicos
demarcacion demarcación
demas demás
demerito demérito
demeritos deméritos
demiurgica demiúrgica
demiurgicas demiúrgicas
demiurgico demiúrgico
demiurgicos demiúrgicos
democrata demócrata
democratas demócratas
democratica democrática
democraticas democráticas
democratico democrático
democraticos democráticos
democráta demócrata
democrátas demócratas
demografia demografía
demografias demografías
demografica demográfica
demograficas demográficas
demografico demográfico
demograficos demográficos
demolicion demolición
demostenes demóstenes
demostrabamos demostrábamos
demostraramos demostráramos
demostraria demostraría
demostrarian demostrarían
demostrarias demostrarías
demostras demostrás
demostrasemos demostrásemos
demostre demostré
demostro demostró
demócratacristiana democratacristiana
demócratacristianas democratacristianas
demócratacristiano democratacristiano
demócratacristianos democratacristianos
denomiando denominando
denominacion denominación
denominavas denominabas
dentifrica dentífrica
dentifricas dentífricas
dentifrico dentífrico
dentifricos dentífricos
dentrifica dentífrica
dentrificas dentífricas
dentrifico dentífrico
dentrificos dentífricos
dentrífica dentífrica
dentríficas dentífricas
dentrífico dentífrico
dentríficos dentífricos
deparatamento departamento
deparatamentos departamentos
departamente departamento
departamenteo departamento
departamentes departamentos
departamiento departamento
departamientos departamentos
departemento departamento
departementos departamentos
departmento departamento
departmentos departamentos
depatamento departamento
depatamentos departamentos
dependia dependía
dependias dependías
deposito depósito
depositos depósitos
depresion depresión
deprtamento departamento
deprtamentos departamentos
depués después
derby derbi
derbys derbis
derechizacion derechización
dermatolisis dermatólisis
dermatologia dermatología
dermatologias dermatologías
dermatologica dermatológica
dermatologicas dermatológicas
dermatologico dermatológico
dermatologicos dermatológicos
dermica dérmica
dermicas dérmicas
dermico dérmico
dermicos dérmicos
dermolisis dermólisis
derogacion derogación
derretia derretía
derretian derretían
derretias derretías
derritio derritió
derroco derrocó
derrotandolo derrotándolo
derruída derruida
derruídas derruidas
derruído derruido
derruídos derruidos
desace deshace
desacer deshacer
desacerse deshacerse
desaciendo deshaciendo
desaciendose deshaciéndose
desacieron desasieron
desaciéndose deshaciéndose
desafia desafía
desafias desafías
desafio desafío
desafios desafíos
desague desagüe
desagues desagües
desambiguacion desambiguación
desambigüacion desambiguación
desambigüación desambiguación
desaparación desaparición
desaparesca desaparezca
desaparicion desaparición
desapercibido inadvertido
desaprenciba desaprensiva
desaprencibas desaprensivas
desaprencibo desaprensivo
desaprencibos desaprensivos
desaprenciva desaprensiva
desaprencivas desaprensivas
desaprencivo desaprensivo
desaprencivos desaprensivos
desaprensiba desaprensiva
desaprensibas desaprensivas
desaprensibo desaprensivo
desaprensibos desaprensivos
desaprobacion desaprobación
desarolla desarrolla
desarollada desarrollada
desarolladas desarrolladas
desarollado desarrollado
desarollador desarrollador
desarolladora desarrolladora
desarolladoras desarrolladoras
desarolladores desarrolladores
desarollados desarrollados
desarollan desarrollan
desarollando desarrollando
desarollar desarrollar
desarollara desarrollara
desarollaran desarrollaran
desarollarlo desarrollarlo
desarollaron desarrollaron
desarollarse desarrollarse
desarollaría desarrollaría
desarollarías desarrollarías
desarollo desarrollo
desarolló desarrolló
desarrollalista desarrollista
desarrollalistas desarrollistas
desarrollaria desarrollaría
desarrollarias desarrollarías
desarrolo desarrollo
desarrolos desarrollos
desarroyaron desarrollaron
desatre desastre
desatres desastres
desatrosa desastrosa
desatrosas desastrosas
desatroso desastroso
desatrosos desastrosos
desaveniencia desavenencia
desazon desazón
desblokeando desbloqueando
descanzar descansar
descapacidad discapacidad
descburir descubrir
descenderia descendería
descenderias descenderías
descendio descendió
descentralizacion descentralización
descibre describe
descibren describen
descicion decisión
desciciones decisiones
descición decisión
descide decide
descolla descuella
descollan descuellan
descolle descuelle
descollen descuellen
descomposicion descomposición
desconformidad disconformidad
desconformidades disconformidades
desconoser desconocer
desconosida desconocida
desconosidas desconocidas
desconosido desconocido
desconosidos desconocidos
desconosimiento desconocimiento
desconto descontó
describia describía
describian describían
describiendola describiéndola
describiendolas describiéndolas
describiendolo describiéndolo
describiendolos describiéndolos
describio describió
descricion descripción
descrición descripción
descriita descrita
descriitas descritas
descriito descrito
descriitos descritos
descrimina discrimina
descriminación discriminación
descriminada discriminada
descriminadas discriminadas
descriminado discriminado
descriminados discriminados
descriminar discriminar
descriminativa discriminativa
descriminativas discriminativas
descriminativo discriminativo
descriminativos discriminativos
descripcion descripción
descripcíon descripción
descripsion descripción
descripsión descripción
descubrimento descubrimiento
descubrio descubrió
descuentada descontada
descuentadas descontadas
descuentado descontado
descuentados descontados
desden desdén
desdes desde
desecacion desecación
desede desde
desencadenaria desencadenaría
desencadenarias desencadenarías
desenderia descendería
desenderias descenderías
desendería descendería
desenderías descenderías
desendiendo descendiendo
desendiente descendiente
desendientes descendientes
desendimiento descendimiento
desendió descendió
desenpeña desempeña
desenpeñar desempeñar
desenpeñarse desempeñarse
desenpeñas desempeñas
desenpeño desempeño
desenpeños desempeños
desenpeñó desempeñó
desenrredada desenredada
desenrredadas desenredadas
desenrredado desenredado
desenrredados desenredados
desenrredar desenredar
desenrrollar desenrollar
desentralizada descentralizada
desentralizadas descentralizadas
desentralizado descentralizado
desentralizados descentralizados
desertica desértica
deserticas desérticas
desertico desértico
deserticos desérticos
desestimacion desestimación
desguaze desguace
desguazes desguaces
deshacieron desasieron
deshechando desechando
deshechar desechar
deshidratacion deshidratación
deshuso desuso
desicion decisión
desiciones decisiones
desición decisión
desiganda designada
desigandas designadas
desigando designado
desigandos designados
designacion designación
designo designó
desilusion desilusión
desintegracion desintegración
desisiva decisiva
desisivas decisivas
desisivo decisivo
desisivos decisivos
desmitificacion desmitificación
desmpeñó desempeñó
desoir desoír
desordenes desórdenes
desorientacion desorientación
desovediente desobediente
desoxiribonucleotido desoxirribonucleótido
desoxiribonucleotidos desoxirribonucleótidos
desoxirribonucleotido desoxirribonucleótido
desoxirribonucleotidos desoxirribonucleótidos
desparasitacion desparasitación
desparecida desaparecida
desparecidas desaparecidas
desparecido desaparecido
desparecidos desaparecidos
desparición desaparición
desperto despertó
despidio despidió
despliege despliegue
despota déspota
despotas déspotas
despotica despótica
despoticas despóticas
despotico despótico
despoticos despóticos
despresia desprecia
despresiable despreciable
despresiables despreciables
despresiada despreciada
despresiadas despreciadas
despresiado despreciado
despresiados despreciados
despresiar despreciar
despresias desprecias
despresio desprecio
despresió despreció
despues después
despúes después
destacadada destacada
destacadadas destacadas
destacadado destacado
destacadados destacados
destacadan destacaban
destacadandose destacándose
destacadisima destacadísima
destacadisimas destacadísimas
destacadisimo destacadísimo
destacadisimos destacadísimos
destacador destacado
destacadó destacó
destacandola destacándola
destacandolas destacándolas
destacandole destacándole
destacandoles destacándoles
destacandolo destacándolos
destacandolos destacándolo
destaco destacó
destacádamente destacadamente
destancando destacando
destilacion destilación
destileria destilería
destilerias destilerías
destinacion destinación
destitucion destitución
destituída destituida
destituídas destituidas
destituído destituido
destituídos destituidos
destrisima destrísima
destrisimas destrísimas
destrisimo destrísimo
destrisimos destrísimos
destruccion destrucción
destruída destruida
destruídas destruidas
destruído destruido
destruídos destruidos
destruímos destruimos
destruír destruir
desvan desván
desvario desvarío
desvarios desvaríos
desvastada devastada
desvastadas devastadas
desvastado devastado
desvastador devastador
desvastadora devastadora
desvastadoras devastadoras
desvastadores devastadores
desvastados devastados
desvastar devastar
desverguenza desvergüenza
desverguenzas desvergüenzas
desviacion desviación
desviandola desviándola
desviandolas desviándolas
desviandole desviándole
desviandoles desviándoles
desviandolo desviándolo
desviandolos desviándolos
desviandose desviándose
desvio desvío
desvios desvíos
detaca destaca
detacaba destacaba
detacable destacable
detacables destacables
detacada destacada
detacadas destacadas
detacado destacado
detacados destacados
detacan destacan
detacando destacando
detacar destacar
detacándola destacándola
detacándolas destacándolas
detacándole destacándole
detacándoles destacándoles
detacándolo destacándolo
detacándolos destacándolos
detacándose destacándose
detacó destacó
detonacion detonación
detox depurativo
detras detrás
detro dentro
detrozado destrozado
deuce iguales
deuvede deuvedé
deuvedes deuvedés
devaluacion devaluación
deve debe
devede devedé
devedes devedés
develacion develación
deven deben
dever deber
deves debes
devia debía
devias debías
devido debido
devocion devoción
devolucion devolución
devonica devónica
devonicas devónicas
devonico devónico
devonicos devónicos
devía debía
devías debías
dhaka daca
dia día
diabatica diabática
diabaticas diabáticas
diabatico diabático
diabaticos diabáticos
diabetica diabética
diabeticas diabéticas
diabetico diabético
diabeticos diabéticos
diabetis diabetes
diabolica diabólica
diabolicas diabólicas
diabolico diabólico
diabolicos diabólicos
diabolo diábolo
diabolos diábolos
diacono diácono
diaconos diáconos
diacritica diacrítica
diacriticas diacríticas
diacritico diacrítico
diacriticos diacríticos
diada díada
diadas díadas
diadica diádica
diadicas diádicas
diadico diádico
diadicos diádicos
diafana diáfana
diafanas diáfanas
diafano diáfano
diafanos diáfanos
diafasica diafásica
diafasicas diafásicas
diafasico diafásico
diafasicos diafásicos
diafisis diáfisis
diaforetica diaforética
diaforeticas diaforéticas
diaforetico diaforético
diaforeticos diaforéticos
diafragmatica diafragmática
diafragmaticas diafragmáticas
diafragmatico diafragmático
diafragmaticos diafragmáticos
diagnostico diagnóstico
diagnosticos diagnósticos
diagolo diálogo
diagolos diálogos
dialectica dialéctica
dialecticas dialécticas
dialectico dialéctico
dialecticos dialécticos
dialisis diálisis
dialogo diálogo
dialogos diálogos
diametro diámetro
diametros diámetros
diapason diapasón
diara diaria
diaras diarias
diaro diario
diaros diarios
dias días
diaspora diáspora
diasporas diásporas
diastole diástole
diastoles diástoles
diastolica diastólica
diastolicas diastólicas
diastolico diastólico
diastolicos diastólicos
diatesica diatésica
diatesicas diatésicas
diatesico diatésico
diatesicos diatésicos
diatesis diátesis
diatomacea diatomácea
diatomaceas diatomáceas
diatomaceo diatomáceo
diatomaceos diatomáceos
diatonica diatónica
diatonicas diatónicas
diatonico diatónico
diatonicos diatónicos
diatopica diatópica
diatopicas diatópicas
diatopico diatópico
diatopicos diatópicos
diaz díaz
dicarboxilico dicarboxílico
dicarboxilicos dicarboxílicos
diceimbre diciembre
dicembre diciembre
dicernimiento discernimiento
dicernimientos discernimientos
dicernir discernir
diciembe diciembre
dicienbre diciembre
diciendola diciéndola
diciendolas diciéndolas
diciendole diciéndole
diciendoles diciéndoles
diciendolo diciéndolo
diciendolos diciéndolos
diciendome diciéndome
diciendote diciéndote
dicimbre diciembre
dicimebre diciembre
diciplina disciplina
dicipula discípula
dicipulas discípulas
dicipulo discípulo
dicipulos discípulos
diciéndo diciendo
dicográfica discográfica
dicográficas discográficas
dicográfico discográfico
dicográficos discográficos
dicotiledon dicotiledón
dicotiledonea dicotiledónea
dicotiledoneas dicotiledóneas
dicotiledoneo dicotiledóneo
dicotiledoneos dicotiledóneos
dicotoma dicótoma
dicotomas dicótomas
dicotomia dicotomía
dicotomias dicotomías
dicotomo dicótomo
dicotomos dicótomos
dictamenes dictámenes
dictámen dictamen
dicípula discípula
dicípulas discípulas
dicípulo discípulo
dicípulos discípulos
didactica didáctica
didacticas didácticas
didactico didáctico
didacticos didácticos
didatica didáctica
didaticas didácticas
didatico didáctico
didaticos didácticos
didática didáctica
didáticas didácticas
didático didáctico
didáticos didácticos
diecembre diciembre
dieciseis dieciséis
dieciseís dieciséis
dielectrica dieléctrica
dielectricas dieléctricas
dielectrico dieléctrico
dielectricos dieléctricos
dieresis diéresis
diesiseis dieciséis
diesiséis dieciséis
dietetica dietética
dieteticas dietéticas
dietetico dietético
dieteticos dietéticos
difamacion difamación
difente diferente
difentes diferentes
diferencía diferencia
diferencías diferencias
differente diferente
differentes diferentes
dificil difícil
dificiles difíciles
dificilmente difícilmente
dificuldad dificultad
dificuldades dificultades
dificíl difícil
difraccion difracción
difrente diferente
difrentes diferentes
difterica diftérica
diftericas diftéricas
difterico diftérico
diftericos diftéricos
difucion difusión
difución difusión
difundio difundió
difusion difusión
digestion digestión
digito dígito
digitos dígitos
digrafo dígrafo
digrafos dígrafos
digresion digresión
dijistes dijiste
dijó dijo
dilaccion dilación
dilacción dilación
dilacion dilación
dilatacion dilatación
dileccion dilección
dilecion dilección
dileción dilección
dimanacion dimanación
dimension dimensión
dinamarques dinamarqués
dinamica dinámica
dinamicas dinámicas
dinamico dinámico
dinamicos dinámicos
dinastia dinastía
dinastias dinastías
dinucleotido dinucleótido
dinucleotidos dinucleótidos
diocesis diócesis
diofantica diofántica
diofanticas diofánticas
dioptria dioptría
dioptrias dioptrías
dioxido dióxido
dioxidos dióxidos
diplomatica diplomática
diplomaticas diplomáticas
diplomatico diplomático
diplomaticos diplomáticos
diplómatica diplomática
diplómaticas diplomáticas
diplómatico diplomático
diplómaticos diplomáticos
diponible disponible
diponibles disponibles
dipteras dípteras
diptero díptero
dipteros dípteros
diptico díptico
dipticos dípticos
dirctamente directamente
direccion dirección
dirge dirige
dirgen dirigen
dirgida dirigida
dirgido dirigido
dirgien dirigen
dirgiendo dirigiendo
dirgimos dirigimos
dirgio dirigió
dirgir dirigir
dirgió dirigió
dirgue dirige
dirgía dirigía
dirigda dirigida
dirigia dirigía
dirigiendose dirigiéndose
dirigio dirigió
dirigue dirige
diriguida dirigida
diriguidas dirigidas
diriguido dirigido
diriguidos dirigidos
diriguiendo dirigiendo
diriguieron dirigieron
diriguir dirigir
diriguirse dirigirse
diriguió dirigió
dirigío dirigió
dirigó dirigió
dirije dirige
dirijida dirigida
dirijidas dirigidas
dirijido dirigido
dirijidos dirigidos
dirijieron dirigieron
dirijio dirigió
dirijir dirigir
dirijió dirigió
dirrección dirección
disarmonia disarmonía
disarmonias disarmonías
discipula discípula
discipulas discípulas
discipulo discípulo
discipulos discípulos
discografia discografía
discografias discografías
discografica discográfica
discograficas discográficas
discografico discográfico
discograficos discográficos
discografria discografía
discografrias discografías
discografrica discográfica
discografricas discográficas
discografrico discográfico
discografricos discográficos
discografría discografía
discografrías discografías
discografíca discográfica
discografícas discográficas
discografíco discográfico
discografícos discográficos
discográfrica discográfica
discográfricas discográficas
discográfrico discográfico
discográfricos discográficos
discontínua discontinua
discontínuas discontinuas
discontínuo discontinuo
discontínuos discontinuos
discreccion discreción
discreccional discrecional
discrección discreción
discucion discusión
discución discusión
discurcion discusión
discurción discusión
discursion discusión
discursión discusión
discusion discusión
disecacion disecación
diseccion disección
diselo díselo
diseminacion diseminación
disención disensión
diseno diseño
disenos diseños
disenteria disentería
disenterica disentérica
disentericas disentéricas
disenterico disentérico
disentericos disentéricos
disernimiento discernimiento
disernir discernir
disertacion disertación
disgresion digresión
disipacion disipación
diskete disquete
disketes disquetes
diskette disquete
diskettes disquetes
dislalica dislálica
dislalicas dislálicas
dislalico dislálico
dislalicos dislálicos
dislexica disléxica
dislexicas disléxicas
dislexico disléxico
dislexicos disléxicos
dislocacion dislocación
disminucion disminución
disminulle disminuye
disminuyo disminuyó
disolucion disolución
dispersion dispersión
dispocicion disposición
dispocición disposición
dispocision disposición
dispocisión disposición
disposicion disposición
dispostivo dispositivo
dispostivos dispositivos
dispusó dispuso
disputo disputó
disrutan disfrutan
disrutando disfrutando
disrutar disfrutar
disrutas disfrutas
distanciacion distanciación
distincion distinción
distinguio distinguió
distita distinta
distitas distintas
distito distinto
distitos distintos
distorcionada distorsionada
distorcionadas distorsionadas
distorcionado distorsionado
distorcionados distorsionados
distorción distorsión
distraida distraída
distraidas distraídas
distraido distraído
distraidos distraídos
distribucion distribución
distribuicion distribución
distribuiciones distribuciones
distribuición distribución
distribuída distribuida
distribuídas distribuidas
distribuído distribuido
distribuídos distribuidos
districto distrito
districtos distritos
distrubucion distribución
distrubuciones distribuciones
distrubución distribución
distrubuiciones distribuciones
distrubuida distribuida
distrubuidas distribuidas
distrubuido distribuido
distrubuidos distribuidos
distrubuída distribuida
distrubuídas distribuidas
distrubuído distribuido
distrubuídos distribuidos
disyoquey disyóquey
disyoquis disyoqueis
disyóqueis disyoqueis
disyóquis disyoqueis
diuretica diurética
diureticas diuréticas
diuretico diurético
diureticos diuréticos
divagacion divagación
divan diván
divera diversa
diveras diversas
divergemos divergimos
diverger divergir
divergería divergiría
diveros diversos
diversion diversión
divicion división
diviciones divisiones
divición división
dividia dividía
dividian dividían
dividias dividías
dividide divide
divididen dividen
dividiendola dividiéndola
dividiendolas dividiéndolas
dividiendole dividiéndole
dividiendoles dividiéndoles
dividiendolo dividiéndolo
dividiendolos dividiéndolos
dividiendome dividiéndome
dividiendose dividiéndose
dividio dividió
divido dividido
dividó dividió
divirgiendo divergiendo
divirgiera divergiera
divirgieron divergieron
divirgió divergió
division división
divison división
divisones divisiones
divisón división
diéz diez
diò dio
dió dio
djakarta yakarta
djibouti yibuti
dnis dni
doblage doblaje
docientos doscientos
docil dócil
dociles dóciles
docimastica docimástica
docimasticas docimásticas
docimastico docimástico
docimasticos docimásticos
documentacion documentación
dodecasilaba dodecasílaba
dodecasilabas dodecasílabas
dodecasilabo dodecasílabo
dodecasilabos dodecasílabos
dodne donde
dogmatica dogmática
dogmaticas dogmáticas
dogmatico dogmático
dogmaticos dogmáticos
dogmatísmo dogmatismo
dogmatísmos dogmatismos
dogmàtica dogmática
dolar dólar
dolares dólares
dolmenes dólmenes
doláres dólares
domestica doméstica
domesticacion domesticación
domesticas domésticas
domestico doméstico
domesticos domésticos
domicilo domicilio
domicilos domicilios
domigo domingo
domigos domingos
dominacion dominación
dominguez domínguez
dominiques dominiqués
domino dominó
domotica domótica
domoticas domóticas
domotico domótico
domoticos domóticos
donacion donación
dondé donde
doping dopaje
dopings dopajes
dopler doppler
doptor doctor
doptora doctora
doptoras doctoras
doptores doctores
dormia dormía
dormian dormían
dormilon dormilón
dossier dosier
dossieres dosieres
dossiers dosier
dotacion dotación
dotor doctor
dotora doctora
dotoras doctoras
dotores doctores
dramatica dramática
dramaticamente dramáticamente
dramaticas dramáticas
dramatico dramático
dramaticos dramáticos
dramuturgo dramaturgo
dramuturgos dramaturgos
drastica drástica
drasticas drásticas
drastico drástico
drasticos drásticos
dresden dresde
drogadiccion drogadicción
drogandola drogándola
drogandolas drogándolas
drogandole drogándole
drogandoles drogándoles
drogandolo drogándolo
drogandolos drogándolos
drogandome drogándome
drogandose drogándose
drogandote drogándote
drogueria droguería
droguerias droguerías
dua dúa
duarante durante
duas dúas
dubai dubái
dublin dublín
dublines dublinés
ducentesima ducentésima
ducentesimas ducentésimas
ducentesimo ducentésimo
ducentesimos ducentésimos
ductil dúctil
ductiles dúctiles
dudo dudó
dulceacuicola dulceacuícola
dulceacuicolas dulceacuícolas
dulcemele dulcémele
dulcemeles dulcémeles
dulciacuicola dulciacuícola
dulciacuicolas dulciacuícolas
dulcificacion dulcificación
duo dúo
duodecima duodécima
duodecimas duodécimas
duodecimo duodécimo
duodecimos duodécimos
duos dúos
duqueza duquesa
duquezas duquesas
duracción duración
duracion duración
durcal dúrcal
durente durante
duriante durante
dusambe dusambé
dushanbe dusambé
dvds dvd
dá da
dás das
décimacuarta decimocuarta
décimacuartas decimocuartas
décimanovena decimonovena
décimanovenas decimonovenas
décimaoctava decimoctava
décimaoctavas decimoctavas
décimaprimera decimoprimera
décimaprimeras decimoprimeras
décimaquinta decimoquinta
décimaquintas decimoquintas
décimasegunda decimosegunda
décimasegundas decimosegundas
décimaseptima decimoséptima
décimaseptimas decimoséptimas
décimasexta decimosexta
décimasextas decimosextas
décimatercera decimotercera
décimaterceras decimoterceras
décimoctava decimoctava
décimoctavas decimoctavas
décimoctavo decimoctavo
décimoctavos decimoctavos
décimocuarta decimocuarta
décimocuartas decimocuartas
décimocuarto decimocuarto
décimocuartos decimocuartos
décimonovena decimonovena
décimonovenas decimonovenas
décimonoveno decimonoveno
décimonovenos decimonovenos
décimooctava decimoctava
décimooctavas decimoctavas
décimooctavo decimoctavo
décimooctavos decimoctavos
décimoprimer decimoprimer
décimoprimera decimoprimera
décimoprimeras decimoprimeras
décimoprimero decimoprimero
décimoprimeros decimoprimeros
décimoquinta decimoquinta
décimoquintas decimoquintas
décimoquinto decimoquinto
décimoquintos decimoquintos
décimosegunda decimosegunda
décimosegundas decimosegundas
décimosegundo decimosegundo
décimosegundos decimosegundos
décimoseptima decimoséptima
décimoseptimas decimoséptimas
décimoseptimo decimoséptimo
décimoseptimos decimoséptimos
décimosexta decimosexta
décimosextas decimosextas
décimosexto decimosexto
décimosextos decimosextos
décimotercer decimotercer
décimotercera decimotercera
décimoterceras decimoterceras
décimotercero decimotercero
décimoterceros decimoterceros
dés des
déspues después
dí día
díficil difícil
dígital digital
dólmen dolmen
dóping dopaje
dópings dopajes
dós dos
dósis dosis
ebanisteria ebanistería
ebanisterias ebanisterías
ebano ébano
ebanos ébanos
ebenacea ebenácea
ebenaceas ebenáceas
ebenaceo ebenáceo
ebenaceos ebenáceos
eccenario escenario
eccenarios escenarios
eccentrica excéntrica
eccentricas excéntricas
eccentricidad excentricidad
eccentricidades excentricidades
eccentrico excéntrico
eccentricos excéntricos
ecclesiastica eclesiástica
ecclesiasticas eclesiásticas
ecclesiastico eclesiástico
ecclesiasticos eclesiásticos
ecclesiástica eclesiástica
ecclesiásticas eclesiásticas
ecclesiástico eclesiástico
ecclesiásticos eclesiásticos
eccéntrica excéntrica
eccéntricas excéntricas
eccéntrico excéntrico
eccéntricos excéntricos
ecena escena
ecenas escenas
ecencia esencia
ecencial esencial
ecepto excepto
ecetera etcétera
eceteras etcéteras
echacorveria echacorvería
echacorverias echacorverías
echague echagüe
echeverria echeverría
ecicion edición
ecición edición
ecision escisión
ecisión escisión
eclectica ecléctica
eclecticas eclécticas
eclectico ecléctico
eclecticos eclécticos
eclesiastica eclesiástica
eclesiasticas eclesiásticas
eclesiastico eclesiástico
eclesiasticos eclesiásticos
eclesiática eclesiástica
eclesiáticas eclesiásticas
eclesiático eclesiástico
eclesiáticos eclesiásticos
ecliptica eclíptica
ecografia ecografía
ecografias ecografías
ecologia ecología
ecologica ecológica
ecologicas ecológicas
ecologico ecológico
ecologicos ecológicos
econoimca económica
econoimcas económicas
econoimco económico
econoimcos económicos
econometria econometría
econometrias econometrías
economia economía
economias economías
economica económica
economicamente económicamente
economicas económicas
economico económico
economicos económicos
econonica económica
econonicas económicas
econonico económico
econonicos económicos
econtra encuentra
econtraba encontraba
econtraban encontraban
econtran encuentran
econtrar encontrar
econóimca económica
econóimcas económicas
econóimco económico
econóimcos económicos
económia economía
ecoregion ecorregión
ecoregiones ecorregiones
ecoregión ecorregión
ecuacion ecuación
ecumenica ecuménica
ecumenicas ecuménicas
ecumenico ecuménico
ecumenicos ecuménicos
ecónomica económica
ecónomicas económicas
ecónomico económico
ecónomicos económicos
edafologa edafóloga
edafologas edafólogas
edafologia edafología
edafologo edafólogo
edafologos edafólogos
edecan edecán
ediccion edición
edicciones ediciones
edicción edición
edicion edición
edifcio edificio
edifcios edificios
edificacion edificación
edificiación edificación
edifició edificio
edificiós edificios
edifico edificio
edificos edificios
edito editó
eduación educación
educacion educación
efectauda efectuada
efectaudas efectuadas
efectaudo efectuado
efectaudos efectuados
efemeride efeméride
efemerides efemérides
efeso éfeso
efetiva efectiva
efetivas efectivas
efetivo efectivo
efetivos efectivos
efeto efecto
efetos efectos
eficio edificio
eficios edificios
efimera efímera
efimeras efímeras
efimero efímero
efimeros efímeros
efisema enfisema
efisemas enfisemas
efrain efraín
efrentan enfrentan
efrentar enfrentar
efrentas enfrentas
efrente enfrente
efrenten enfrenten
efrentes enfrentes
egercia ejercía
egercian ejercían
egercias ejercías
egercía ejercía
egercían ejercían
egercías ejercías
egersia ejercía
egersian ejercían
egersias ejercías
egersía ejercía
egersían ejercían
egersías ejercías
egida égida
egidas égidas
egiptologia egiptología
egiptologo egiptólogo
egloga égloga
egoista egoísta
egoistas egoístas
egolatra ególatra
egolatras ególatras
egolatria egolatría
egolatrias egolatrías
eibar éibar
ejecuccion ejecución
ejecucción ejecución
ejecucion ejecución
ejecuto ejecutó
ejercia ejercía
ejercian ejercían
ejercias ejercías
ejercio ejerció
ejercios ejercicios
ejercito ejército
ejercitos ejércitos
ejersia ejercía
ejersian ejercían
ejersias ejercías
ejersía ejercía
ejersían ejercían
ejersías ejercías
elaboracion elaboración
elacion elación
elastica elástica
elasticas elásticas
elastico elástico
elasticos elásticos
elastisidad elasticidad
elastolisis elastólisis
eleagnacea eleagnácea
eleagnaceas eleagnáceas
eleagnaceo eleagnáceo
eleagnaceos eleagnáceos
eleatica eleática
eleaticas eleáticas
eleatico eleático
eleaticos eleáticos
eleccion elección
electrica eléctrica
electricas eléctricas
electrico eléctrico
electricos eléctricos
electrificacion electrificación
electroacustica electroacústica
electroacusticas electroacústicas
electroacustico electroacústico
electroacusticos electroacústicos
electroanalisis electroanálisis
electrocardiografo electrocardiógrafo
electrocardiografos electrocardiógrafos
electrodialisis electrodiálisis
electrodinamica electrodinámica
electrodinamicas electrodinámicas
electrodinamico electrodinámico
electrodinamicos electrodinámicos
electrodomestico electrodoméstico
electrodomesticos electrodomésticos
electroencefalografo electroencefalógrafo
electroencefalografos electroencefalógrafos
electroencefelograma electroencefalograma
electroencefelogramas electroencefalogramas
electrolisis electrólisis
electrolitica electrolítica
electroliticas electrolíticas
electrolitico electrolítico
electroliticos electrolíticos
electromagnetica electromagnética
electromagneticas electromagnéticas
electromagnetico electromagnético
electromagneticos electromagnéticos
electromecanica electromecánica
electromecanicas electromecánicas
electromecanico electromecánico
electromecanicos electromecánicos
electronica electrónica
electronicas electrónicas
electronico electrónico
electronicos electrónicos
electroquimica electroquímica
electroquimicas electroquímicas
electroquimico electroquímico
electroquimicos electroquímicos
electrostatica electrostática
electrostaticas electrostáticas
electrostatico electrostático
electrostaticos electrostáticos
elegieron eligieron
elegio eligió
elegira elegirá
elegiran elegirán
elegiras elegirás
elegió eligió
elejida elegida
elejidas elegidas
elejido elegido
elejidos elegidos
elejir elegir
elepe elepé
elepes elepés
elevacion elevación
elgida elegida
elgidas elegidas
elgido elegido
elgidos elegidos
elias elías
eligida elegida
eligidas elegidas
eligido elegido
eligidos elegidos
eligira elegirá
eligiras elegirás
eligirá elegirá
eligirás elegirás
elijen eligen
elijieron eligieron
eliminacion eliminación
elimino eliminó
eliptica elíptica
elipticas elípticas
eliptico elíptico
elipticos elípticos
elloas ellas
emabrgo embargo
emanacion emanación
emancipacion emancipación
embarcacion embarcación
embarcaciónes embarcaciones
embarcacíon embarcación
embebido adscrito
embite envite
embites envites
emblematica emblemática
emblematicas emblemáticas
emblematico emblemático
emblematicos emblemáticos
embolo émbolo
embolos émbolos
embolía embolia
embolías embolias
embrago embargo
embrazada embarazada
embrazadas embarazadas
embriago embriagó
embriologica embriológica
embriologicas embriológicas
embriologico embriológico
embriologicos embriológicos
embrion embrión
emepzó empezó
emergir emerger
emerita emérita
emeritas eméritas
emerito emérito
emeritos eméritos
emetica emética
emeticas eméticas
emetico emético
emeticos eméticos
emiciones emisiones
emición emisión
emigracion emigración
emigrio emigró
emigrió emigró
emision emisión
emitada emitida
emitia emitía
emitian emitían
emitio emitió
emitira emitirá
emitiran emitirán
emitiron emitieron
emocion emoción
emotívamente emotivamente
empataria empataría
empatarian empatarían
empato empató
empazaba empezaba
empazado empezado
empazamiento emplazamiento
empazando empezando
empazaron empezaron
empazarán empezarán
empeoro empeoró
emperatris emperatriz
emperatrises emperatrices
emperatríz emperatriz
emperorando empeorando
empesar empezar
empeso empezó
empesó empezó
empezo empezó
empienza empieza
empienzan empiezan
empiesa empieza
empiesan empiezan
empiese empiece
empiesen empiecen
empieso empiezo
empiezó empezó
empirica empírica
empiricas empíricas
empirico empírico
empiricos empíricos
emplezar emplazar
emprendurismo emprendedurismo
emprestito empréstito
emprestitos empréstitos
emulsion emulsión
enajenacion enajenación
enantiomero enantiómero
enantiomeros enantiómeros
enbarcacion embarcación
enbarcaciones embarcaciones
enbarcación embarcación
encabezo encabezó
encargarón encargaron
encaustica encáustica
encausticas encáusticas
encaustico encáustico
encausticos encáusticos
encefalo encéfalo
encefalos encéfalos
enceuntra encuentra
enceuntran encuentran
enceuntras encuentras
enceuntro encuentro
enceuntros encuentros
enciclica encíclica
enciclicas encíclicas
enciclopedica enciclopédica
enciclopedicas enciclopédicas
enciclopedico enciclopédico
enciclopedicos enciclopédicos
enconta encuentra
encontaba encontraba
encontaban encontraban
encontado encontrado
encontar encontrar
encontarse encontrarse
encontrandose encontrándose
encontrarón encontraron
encontro encontró
encoontrará encontrará
encoontrarán encontrarán
encotrar encontrar
encuantran encuentran
encuemtra encuentra
encuemtran encuentran
encuemtras encuentras
encuenta encuentra
encuentan encuentran
encuentas encuentras
encuentraba encontraba
encuentraban encontraban
encuentraria encontraría
encuentrariamos encontraríamos
encuentrarian encontrarían
encuentraría encontraría
encuentraríamos encontraríamos
encuentrarían encontrarían
encuentró encuentro
encunetra encuentra
encunetras encuentras
encuntra encuentra
encuntran encuentran
encuntras encuentras
encuntre encuentre
endecasilaba endecasílaba
endecasilabas endecasílabas
endecasilabo endecasílabo
endecasilabos endecasílabos
endemica endémica
endemicas endémicas
endemico endémico
endemicos endémicos
endogena endógena
endogenas endógenas
endogeno endógeno
endogenos endógenos
endoplasmico endoplásmico
endoplasmicos endoplásmicos
endorreismo endorreísmo
endorreismos endorreísmos
endorréica endorreica
endorréicas endorreicas
endorréico endorreico
endorréicos endorreicos
endulcorante edulcorante
endulcorantes edulcorantes
enegrecida ennegrecida
enegrecidas ennegrecidas
enegrecido ennegrecido
enegrecidos ennegrecidos
enegía energía
enegías energías
enerfía energía
energia energía
energias energías
enfasis énfasis
enfatica enfática
enfaticamente enfáticamente
enfaticas enfáticas
enfatico enfático
enfaticos enfáticos
enfermedaddes enfermedades
enfermeria enfermería
enfermerias enfermerías
enfrentandose enfrentándose
enfrentarian enfrentarían
enfrento enfrentó
enfreta enfrenta
enfretamiento enfrentamiento
enfretamientos enfrentamientos
enfretandose enfrentándose
enfurenciendo enfureciendo
enfásis énfasis
engreida engreída
engreidas engreídas
engreido engreído
engreidos engreídos
engreir engreír
enlance enlace
enlances enlaces
enlase enlace
enlases enlaces
enlaze enlace
enlazes enlaces
enologa enóloga
enologas enólogas
enologia enología
enologias enologías
enologo enólogo
enologos enólogos
enpezar empezar
enpiesa empieza
enriedar enredar
enriedo enredo
enriedos enredos
enriquez enríquez
enrredada enredada
enrredadas enredadas
enrredadera enredadera
enrredaderas enredaderas
enrredado enredado
enrredados enredados
enrredar enredar
enrrique enrique
enrrolla enrolla
enrrollada enrollada
enrrolladas enrolladas
enrrollado enrollado
enrrollados enrollados
enrrollan enrollan
enrrollar enrollar
enrrollas enrollas
enrrolle enrolle
enrrolles enrolles
enrrollo enrollo
ensallar ensayar
ensenanza enseñanza
ensenanzas enseñanzas
enserrar encerrar
enseñandola enseñándola
enseñandolas enseñándolas
enseñandole enseñándole
enseñandoles enseñándoles
enseñandolo enseñándolo
enseñandolos enseñándolos
enseñansa enseñanza
enseñansas enseñanzas
enseñaza enseñanza
enseñazas enseñanzas
entablacion entablación
entale enlace
entales enlaces
entar entrar
entenador entrenador
enterica entérica
entericas entéricas
enterico entérico
entericos entéricos
entevista entrevista
entevistas entrevistas
entomces entonces
entomologa entomóloga
entomologas entomólogas
entomologia entomología
entomologias entomologías
entomologo entomólogo
entomologos entomólogos
entrarón entraron
entrego entregó
entreoir entreoír
entres entre
entro entró
entropia entropía
entropias entropías
entropica entrópica
entropicas entrópicas
entropico entrópico
entropicos entrópicos
enttrada entrada
enttradas entradas
entómces entonces
entónces entonces
enucentra encuentra
enucentran encuentran
enucentras encuentras
envargo embargo
envargos embargos
enves envés
envian envían
enviandola enviándola
envio envío
envios envíos
envíada enviada
envíadas enviadas
envíado enviado
envíados enviados
envíaron enviaron
enzimatica enzimática
enzimaticas enzimáticas
enzimatico enzimático
enzimaticos enzimáticos
enzimoinmunoanalisis enzimoinmunoanálisis
eolica eólica
eolicas eólicas
eolico eólico
eolicos eólicos
epica épica
epicas épicas
epico épico
epicos épicos
epicurea epicúrea
epicureas epicúreas
epicureo epicúreo
epicureos epicúreos
epidermica epidérmica
epidermicas epidérmicas
epidermico epidérmico
epidermicos epidérmicos
epidermolisis epidermólisis
epidosio episodio
epidosios episodios
epifisiolisis epifisiólisis
epigrafe epígrafe
epigrafes epígrafes
epilogo epílogo
epilogos epílogos
episodica episódica
episodicamente episódicamente
episodicas episódicas
episodico episódico
episodicos episódicos
episodo episodio
episodos episodios
epistemologia epistemología
epistemologias epistemologías
epistemologica epistemológica
epistemologicas epistemológicas
epistemologico epistemológico
epistemologicos epistemológicos
epistola epístola
epistolas epístolas
epiteto epíteto
epitetos epítetos
epoca época
epocas épocas
eponima epónima
eponimas epónimas
eponimo epónimo
eponimos epónimos
epopeyica epopéyica
epopeyicas epopéyicas
epopeyico epopéyico
epopeyicos epopéyicos
epoxy epoxi
epóca época
epócas épocas
equalización ecualización
equalizador ecualizador
equalizadores ecualizadores
equalizar ecualizar
equiangula equiángula
equiangulas equiángulas
equiangulo equiángulo
equiangulos equiángulos
equida équida
equidas équidas
equidistribucion equidistribución
equido équido
equidos équidos
equilatera equilátera
equilateras equiláteras
equilatero equilátero
equilateros equiláteros
equipacion equipación
equipamento equipamiento
equipamentos equipamientos
equiparacion equiparación
equitacion equitación
equite équite
equites équites
equpo equipo
equpos equipos
equípo equipo
equípos equipos
ereccion erección
erecion erección
erectil eréctil
erectiles eréctiles
eregi erigí
eregida erigida
eregido erigido
eregieron erigieron
eregir erigir
eregirle erigirle
eregirse erigirse
eregiría erigiría
eregirían erigirían
eregió erigió
eregí erigí
eregía erigía
eregían erigían
erevan ereván
ergonomia ergonomía
ergonomias ergonomías
ergonomica ergonómica
ergonomicas ergonómicas
ergonomico ergonómico
ergonomicos ergonómicos
ericacea ericácea
ericaceas ericáceas
ericaceo ericáceo
ericaceos ericáceos
erida herida
eridas heridas
erido herido
eridos heridos
erir herir
erivan eriván
erogena erógena
erogenas erógenas
erogeno erógeno
erogenos erógenos
eroina heroína
eroinas heroínas
erosion erosión
erotica erótica
eroticas eróticas
erotico erótico
eroticos eróticos
erotísmo erotismo
eroína heroína
eroínas heroínas
erronea errónea
erroneamente erróneamente
erroneas erróneas
erroneo erróneo
erroneos erróneos
erróres errores
erupcion erupción
erán eran
escalafon escalafón
escandalo escándalo
escandalos escándalos
escaner escáner
escaneres escáneres
escaners escáneres
escavada excavada
escavadas excavadas
escavado excavado
escavados excavados
escaza escasa
escazas escasas
escazo escaso
escazos escasos
escencia esencia
escencial esencial
escenciales esenciales
escencias esencias
escenica escénica
escenicas escénicas
escenico escénico
escenicos escénicos
esceptica escéptica
escepticas escépticas
esceptico escéptico
escepticos escépticos
escicion escisión
escición escisión
escision escisión
esclavizo esclavizó
escleroproteina escleroproteína
escleroproteinas escleroproteínas
esclerotica esclerótica
escleroticas escleróticas
esclerotico esclerótico
escleroticos escleróticos
escluida excluida
escluidas excluidas
escluido excluido
escluidos excluidos
escluída excluida
escluídas excluidas
escluído excluido
escluídos excluidos
escoces escocés
escoje escoge
escojen escogen
escojer escoger
escojida escogida
escojidas escogidas
escojido escogido
escojidos escogidos
escojiendo escogiendo
escolastica escolástica
escolasticas escolásticas
escolastico escolástico
escolasticos escolásticos
escondídas escondidas
escorpion escorpión
escorrentia escorrentía
escorrentias escorrentías
escribi escribí
escribio escribió
escribío escribió
escritunio escrutinio
escriva escriba
escrivas escribas
escrupulo escrúpulo
escrupulos escrúpulos
escrutino escrutinio
escrutinos escrutinios
escuadron escuadrón
escualida escuálida
escualidas escuálidas
escualido escuálido
escualidos escuálidos
escucho escuchó
escuderia escudería
escuderias escuderías
escuelña escuela
escuelñas escuelas
escuerso escuerzo
escuersos escuerzos
escultorica escultórica
escultoricas escultóricas
escultorico escultórico
escultoricos escultóricos
escursion excursión
escursión excursión
escusa excusa
escuter escúter
escuteres escúteres
escuters escúteres
escuuela escuela
escuuelas escuelas
escáners escáneres
escúters escúteres
esdrujula esdrújula
esdrujulas esdrújulas
eselente excelente
eselentes excelentes
esena escena
esenario escenario
esenarios escenarios
esenas escenas
esensia esencia
esferica esférica
esfericas esféricas
esferico esférico
esfericos esféricos
esfinter esfínter
esfinteres esfínteres
eshibida exhibida
eshibidas exhibidas
eshibido exhibido
eshibidos exhibidos
esicion escisión
esición escisión
esito éxito
eslabon eslabón
eslalom eslalon
eslalones eslálones
eslalons eslálones
esloganes eslóganes
eslogans eslóganes
eslovakia eslovaquia
eslálom eslalon
eslálon eslalon
eslálons eslálones
eslógan eslogan
eslógans eslóganes
esmóquin esmoquin
esofago esófago
esofagos esófagos
esoterica esotérica
esotericas esotéricas
esoterico esotérico
esotericos esotéricos
espaldon espaldón
espana españa
espande expande
espander expandir
espandida expandida
espandidas expandidas
espandido expandido
espandidos expandidos
espandir expandir
espandió expandió
espanol español
espanola española
espanolas españolas
espanoles españoles
espantapajaros espantapájaros
esparrago espárrago
esparragos espárragos
esparsan esparzan
esparse esparce
esparsida esparcida
esparsidas esparcidas
esparsido esparcido
esparsidos esparcidos
espasmodica espasmódica
espasmodicas espasmódicas
espasmodico espasmódico
espasmodicos espasmódicos
espatula espátula
espatulas espátulas
especeria especería
especerias especerías
especialemente especialmente
especialita especialista
especialitas especialistas
especieria especiería
especierias especierías
especifica específica
especificamente específicamente
especificas específicas
especifico específico
especificos específicos
especifíca especifica
especifícamente específicamente
especil especial
especila especial
especilaes especiales
especilaidades especialidades
especilaistas especialistas
especilamente especialmente
especiles especiales
especilidad especialidad
especilista especialista
especilistas especialistas
especilizada especializada
especilizadas especializadas
especilizado especializado
especilizados especializados
especimen espécimen
especimenes especímenes
espectaculo espectáculo
espectaculos espectáculos
espectativa expectativa
espectativas expectativas
espectrografia espectrografía
espectrografias espectrografías
espectrografo espectrógrafo
espectrografos espectrógrafos
espectrometro espectrómetro
espectrometros espectrómetros
espectroscopica espectroscópica
espectroscopicas espectroscópicas
espectroscopico espectroscópico
espectroscopicos espectroscópicos
especulacion especulación
especímen espécimen
espeleologa espeleóloga
espeleologas espeleólogas
espeleologia espeleología
espeleologias espeleologías
espeleologica espeleológica
espeleologicas espeleológicas
espeleologico espeleológico
espeleologicos espeleológicos
espeleologo espeleólogo
espeleologos espeleólogos
espermatica espermática
espermaticas espermáticas
espermatico espermático
espermaticos espermáticos
espermatogenesis espermatogénesis
espermatosoide espermatozoide
espermatosoides espermatozoides
espetacular espectacular
espetaculares espectaculares
espetaculo espectáculo
espetaculos espectáculos
espetáculo espectáculo
espetáculos espectáculos
espia espía
espiandola espiándola
espiandolas espiándolas
espiandole espiándole
espiandoles espiándoles
espiandolo espiándolo
espiandolos espiándolos
espias espías
espiracion espiración
espiraculo espiráculo
espiraculos espiráculos
espiritu espíritu
espiritus espíritus
espiritú espíritu
espiritús espíritus
espisodio episodio
espisodios episodios
esplanada explanada
esplanadas explanadas
esplendida espléndida
esplendidas espléndidas
esplendido espléndido
esplendidos espléndidos
espondilolisis espondilólisis
espone expone
esponer exponer
espontanea espontánea
espontaneamente espontáneamente
espontaneas espontáneas
espontaneo espontáneo
espontaneos espontáneos
esporadica esporádica
esporadicas esporádicas
esporadico esporádico
esporadicos esporádicos
esprais espráis
esprays espráis
esprecion expresión
espreción expresión
espresa expresa
espresaban expresaban
espresada expresada
espresadas expresadas
espresado expresado
espresados expresados
espresamente expresamente
espresan expresan
espresar expresar
espresara expresara
espresarse expresarse
espresas expresas
esprese exprese
espresion expresión
espresiva expresiva
espresivas expresivas
espresivo expresivo
espresivos expresivos
espresión expresión
espreso expreso
espresé expresé
espresó expresó
esprin esprín
esprinter esprínter
esprinteres esprínteres
esprinters esprínteres
espráys espráis
esprínes esprines
esprínters esprínteres
espurea espuria
espureas espurias
espureo espurio
espureos espurios
espécie especie
espécies especies
espécimenes especímenes
espéctaculo espectáculo
espíritual espiritual
espúrea espuria
espúreas espurias
espúreo espurio
espúreos espurios
esqueletica esquelética
esqueleticas esqueléticas
esqueletico esquelético
esqueleticos esqueléticos
esquematica esquemática
esquematicamente esquemáticamente
esquematicas esquemáticas
esquematico esquemático
esquematicos esquemáticos
esquematizacion esquematización
esqui esquí
esquies esquíes
esquis esquís
estabelece establece
estabelecen establecen
estableciendose estableciéndose
establecio estableció
establicieron establecieron
establicio estableció
establició estableció
estabán estaban
estacion estación
estaciónes estaciones
estadia estadía
estadias estadías
estadistica estadística
estadisticamente estadísticamente
estadisticas estadísticas
estadistico estadístico
estadisticos estadísticos
estadoundense estadounidense
estadoundenses estadounidenses
estadounidénse estadounidense
estadounidénses estadounidenses
estadouniense estadounidense
estadounienses estadounidenses
estadío estadio
estadíos estadios
estallo estalló
estampacion estampación
estan están
estandar estándar
estandard estándar
estandares estándares
estandars estándares
estara estará
estaria estaría
estariamos estaríamos
estarian estarían
estatica estática
estaticas estáticas
estatico estático
estaticos estáticos
estatística estadística
estatísticas estadísticas
estavan estaban
estays estayes
estba estaba
estban estaban
estbas estabas
estearico esteárico
estearicos esteáricos
estefania estefanía
esteli estelí
esten estén
estender extender
estendera extenderá
estenderan extenderán
estenderia extendería
estenderian extenderían
estenderá extenderá
estenderán extenderán
estendería extendería
estenderían extenderían
estendia extendía
estendian extendían
estendida extendida
estendidas extendidas
estendido extendido
estendidos extendidos
estendiendo extendiendo
estendieron extendieron
estendio extendió
estendió extendió
estendía extendía
estendían extendían
estensa extensa
estensas extensas
estension extensión
estensión extensión
estenso extenso
estensos extensos
estereo estéreo
estereofonia estereofonía
estereofonias estereofonías
estereofonica estereofónica
estereofonicas estereofónicas
estereofonico estereofónico
estereofonicos estereofónicos
estereografa estereógrafa
estereografas estereógrafas
estereografia estereografía
estereografias estereografías
estereografica estereográfica
estereograficas estereográficas
estereografico estereográfico
estereograficos estereográficos
estereografo estereógrafo
estereografos estereógrafos
estereometria estereometría
estereometrias estereometrías
esteres ésteres
esterica histérica
estericas histéricas
esterico histérico
estericos histéricos
esteril estéril
esteriles estériles
esternon esternón
estes estés
estetica estética
esteticas estéticas
estetico estético
esteticos estéticos
estevez estévez
estienda extienda
estiendan extiendan
estiende extiende
estienden extienden
estiendo extiendo
estiercol estiércol
estiercoleros estercoleros
estilistica estilística
estilisticamente estilísticamente
estilisticas estilísticas
estilistico estilístico
estilisticos estilísticos
estilistícamente estilísticamente
estimacion estimación
estimulo estímulo
estimulos estímulos
estipite estípite
estipites estípites
estomago estómago
estomagos estómagos
estomatologa estomatóloga
estomatologas estomatólogas
estomatologia estomatología
estomatologias estomatologías
estomatologo estomatólogo
estomatologos estomatólogos
estrambotica estrambótica
estramboticas estrambóticas
estrambotico estrambótico
estramboticos estrambóticos
estrangera extranjera
estrangeras extranjeras
estrangero extranjero
estrangeros extranjeros
estranjera extranjera
estranjeras extranjeras
estranjero extranjero
estranjeros extranjeros
estraodinaria extraordinaria
estraodinarias extraordinarias
estraodinario extraordinario
estraodinarios extraordinarios
estrategica estratégica
estrategicas estratégicas
estrategico estratégico
estrategicos estratégicos
estrategía estrategia
estrategías estrategias
estratigrafia estratigrafía
estratigrafias estratigrafías
estratigrafica estratigráfica
estratigraficas estratigráficas
estratigrafico estratigráfico
estratigraficos estratigráficos
estratégia estrategia
estratégias estrategias
estrello estrelló
estremidad extremidad
estremidades extremidades
estremo extremo
estremos extremos
estrepean estropean
estrepito estrépito
estrepitos estrépitos
estreptococica estreptocócica
estreptococicas estreptocócicas
estreptococico estreptocócico
estreptococicos estreptocócicos
estres estrés
estriacion estriación
estribacion estribación
estriper estríper
estriperes estríperes
estrogeno estrógeno
estrogenos estrógenos
estropeo estropeó
estrucutra estructura
estrucutran estructuran
estrucutrar estructurar
estrucutras estructuras
estríada estriada
estríadas estriadas
estríado estriado
estríados estriados
estríctamente estrictamente
estuacion estuación
estuatua estatua
estuatuas estatuas
estube estuve
estubiece estuviese
estubieceis estuvieseis
estubiecemos estuviésemos
estubieces estuvieses
estubiera estuviera
estubierais estuvierais
estubieramos estuviéramos
estubieran estuvieran
estubieras estuvieras
estubiere estuviere
estubiereis estuviereis
estubieremos estuviéremos
estubieren estuvieren
estubieres estuvieres
estubieron estuvieron
estubiese estuviese
estubieseis estuvieseis
estubiesemos estuviésemos
estubiesen estuviesen
estubieses estuvieses
estubimos estuvimos
estubiste estuviste
estubisteis estuvisteis
estubiécemos estuviésemos
estubiéramos estuviéramos
estubiéremos estuviéremos
estubiésemos estuviésemos
estubo estuvo
estudantil estudiantil
estuido estudio
estuidos estudios
estupefaccion estupefacción
estutua estatua
estutuas estatuas
estuvieces estuvieses
estuvó estuvo
estába estaba
estádios estadios
estándard estándar
estándardes estándares
estár estar
estás estas
estátua estatua
estátuas estatuas
estátus estatus
estér éster
estéres ésteres
estérica histérica
estéricas histéricas
estérico histérico
estéricos histéricos
estílo estilo
estílos estilos
estó esto
estúdio estudio
esutdio estudio
esutdios estudios
esvastica esvástica
esvasticas esvásticas
esóterica esotérica
esótericas esotéricas
esóterico esotérico
esótericos esotéricos
etcetera etcétera
etceteras etcéteras
eter éter
eterea etérea
etereas etéreas
etereo etéreo
etereos etéreos
eteres éteres
etica ética
eticas éticas
etico ético
eticos éticos
etilica etílica
etilicas etílicas
etilico etílico
etilicos etílicos
etimo étimo
etimologia etimología
etimologias etimologías
etimologica etimológica
etimologicamente etimológicamente
etimologicas etimológicas
etimologico etimológico
etimologicos etimológicos
etimos étimos
etiologia etiología
etiologias etiologías
etiologica etiológica
etiologicas etiológicas
etiologico etiológico
etiologicos etiológicos
etiope etíope
etiopes etíopes
etiopia etiopía
etnica étnica
etnicas étnicas
etnico étnico
etnicos étnicos
etnocentrica etnocéntrica
etnocentricas etnocéntricas
etnocentrico etnocéntrico
etnocentricos etnocéntricos
etnologia etnología
etnologias etnologías
etnologica etnológica
etnologicas etnológicas
etnologico etnológico
etnologicos etnológicos
etnía etnia
etnías etnias
eucariotica eucariótica
eucarioticas eucarióticas
eucariotico eucariótico
eucarioticos eucarióticos
euclideana euclidiana
euclideanas euclidianas
euclideano euclidiano
euclideanos euclidianos
eufrates éufrates
europeismo europeísmo
europeista europeísta
europeistas europeístas
euscara éuscara
euscaras éuscaras
euscaro éuscaro
euscaros éuscaros
eutectica eutéctica
eutecticas eutécticas
eutectico eutéctico
eutecticos eutécticos
eutrofizacion eutrofización
evacuacion evacuación
evalua evalúa
evaluacion evaluación
evaluan evalúan
evaluandose evaluándose
evaluas evalúas
evalue evalúe
evangelica evangélica
evangelicas evangélicas
evangelico evangélico
evangelicos evangélicos
eventualmente finalmente
eviccion evicción
evolucion evolución
exacademica exacadémica
exacademicas exacadémicas
exacademico exacadémico
exacademicos exacadémicos
exacerbacion exacerbación
exagonal hexagonal
exaltacion exaltación
examenes exámenes
examinación examen
exathlon exatlón
exathlón exatlón
exatlon exatlón
exaustiva exhaustiva
exaustivas exhaustivas
exaustivo exhaustivo
exaustivos exhaustivos
excabacion excavación
excavacion excavación
excelentisima excelentísima
excelentisimas excelentísimas
excelentisimo excelentísimo
excelentisimos excelentísimos
excena escena
excenas escenas
excenta exenta
excentas exentas
excento exento
excentos exentos
excentrica excéntrica
excentricas excéntricas
excentrico excéntrico
excentricos excéntricos
excepcion excepción
exceptica escéptica
excepticas escépticas
excepticismo escepticismo
exceptico escéptico
excepticos escépticos
exceptuan exceptúan
excision escisión
excisión escisión
exclamacion exclamación
exclusa esclusa
exclusion exclusión
exclusívamente exclusivamente
excluída excluida
excluídas excluidas
excluído excluido
excluídos excluidos
excomunion excomunión
excrecion excreción
excursion excursión
excéptica escéptica
excépticas escépticas
excéptico escéptico
excépticos escépticos
execución ejecución
exeda exceda
exedan excedan
exede excede
exeden exceden
exedencia excedencia
exedencias excedencias
exeder exceder
exedida excedida
exedidas excedidas
exedido excedido
exedidos excedidos
exelencia excelencia
exelencias excelencias
exelente excelente
exelentes excelentes
exemplo ejemplo
exemplos ejemplos
exencion exención
exentrica excéntrica
exentricas excéntricas
exentrico excéntrico
exentricos excéntricos
exepcion excepción
exepcional excepcional
exepcionales excepcionales
exepcionalidad excepcionalidad
exepción excepción
exepsion excepción
exepsión excepción
exepto excepto
exeptuando exceptuando
exequaturs execuáturs
exequátur execuátur
exequáturs execuáturs
exercía ejercía
exercían ejercían
exercías ejercías
exesiva excesiva
exesivas excesivas
exesivo excesivo
exesivos excesivos
exeso exceso
exhibia exhibía
exhibiamos exhibíamos
exhibian exhibían
exhibias exhibías
exhibicion exhibición
exhibio exhibió
exhorbitante exorbitante
exhortacion exhortación
exhuberancia exuberancia
exhuberancias exuberancias
exhuberante exuberante
exhuberantes exuberantes
exibia exhibía
exibiamos exhibíamos
exibian exhibían
exibicion exhibición
exibición exhibición
exibida exhibida
exibidas exhibidas
exibido exhibido
exibidos exhibidos
exibimos exhibimos
exibio exhibió
exibir exhibir
exibió exhibió
exibíamos exhibíamos
exibían exhibían
exiguidad exigüidad
exisite existe
exisitido existido
exisitieran existieran
exisitieron existieron
exisitiese existiese
exisitir existir
exisitirá existirá
exisitiría existiría
exisitirían existirían
exisitirías existirías
exisitió existió
exisitía existía
exisitían existían
existia existía
existian existían
existias existías
existosa exitosa
existosas exitosas
existoso exitoso
existosos exitosos
exitar excitar
exito éxito
exitos éxitos
exitósamente exitosamente
exlusiva exclusiva
exlusivas exclusivas
exlusivo exclusivo
exlusivos exclusivos
exodo éxodo
exoftalmica exoftálmica
exoftalmicas exoftálmicas
exoftalmico exoftálmico
exoftalmicos exoftálmicos
exogena exógena
exogenas exógenas
exogeno exógeno
exogenos exógenos
exorta exhorta
exortacion exhortación
exortaciones exhortaciones
exortación exhortación
exortado exhortado
exortador exhortador
exortadora exhortadora
exortando exhortando
exortar exhortar
exortaron exhortaron
exortativa exhortativa
exortativas exhortativas
exortativo exhortativo
exortativos exhortativos
exorto exhorto
exortos exhortos
exoterica exotérica
exotericas exotéricas
exoterico exotérico
exotericos exotéricos
exotermica exotérmica
exotermicas exotérmicas
exotermico exotérmico
exotermicos exotérmicos
exotica exótica
exoticas exóticas
exotico exótico
exoticos exóticos
expanción expansión
expandemos expandimos
expander expandir
expanderse expandirse
expanderá expandirá
expanderán expandirán
expanderás expandirás
expanderé expandiré
expandería expandiría
expanderían expandirían
expanderías expandirías
expandio expandió
expandéis expandís
expansion expansión
expasión expansión
expecie especie
expecies especies
expectacular espectacular
expectaculo espectáculo
expectáculo espectáculo
expedicion expedición
expedieron expidieron
explendida espléndida
explendidas espléndidas
explendido espléndido
explendidos espléndidos
explendor esplendor
explicacion explicación
explicit éxplicit
explicita explícita
explicitas explícitas
explicito explícito
explicitos explícitos
explicits éxplicits
exploracion exploración
explosion explosión
explotacion explotación
expléndida espléndida
expléndidas espléndidas
expléndido espléndido
expléndidos espléndidos
explóta explota
explóte explote
expocision exposición
expocisión exposición
expontaneo espontáneo
exportacion exportación
exposicion exposición
exposita expósita
expositas expósitas
exposito expósito
expositos expósitos
exprecion expresión
expreción expresión
expres exprés
expresion expresión
exprinter esprínter
expropiacion expropiación
exprínter esprínter
expulsion expulsión
expusó expuso
expèrimentada experimentada
expèrimentadas experimentadas
expèrimentado experimentado
expèrimentados experimentados
exsite existe
exsiten existen
exsitido existido
exsitió existió
exsitosa exitosa
exsitía existía
exsitían existían
extasis éxtasis
extaterrestre extraterrestre
extaterrestres extraterrestres
extatica extática
extaticamente extáticamente
extaticas extáticas
extatico extático
extaticos extáticos
extencion extensión
extención extensión
extendera extenderá
extenderan extenderán
extenderas extenderás
extendere extenderé
extenderia extendería
extenderiamos extenderíamos
extenderian extenderían
extenderias extenderías
extendi extendí
extendia extendía
extendiamos extendíamos
extendian extendían
extendias extendías
extendiendose extendiéndose
extendio extendió
extension extensión
extermo extremo
externoss externos
extiendía extendía
extiendían extendían
extincion extinción
extingida extinguida
extingidas extinguidas
extingido extinguido
extingidos extinguidos
extingió extinguió
extinguiendose extinguiéndose
extirpacion extirpación
extracion extracción
extraciones extracciones
extración extracción
extradicciones extradicione
extradicción extradición
extradicion extradición
extraible extraíble
extraibles extraíbles
extraida extraída
extraidas extraídas
extraido extraído
extraidos extraídos
extrajero extranjero
extrajeros extranjeros
extrangero extranjero
extrangeros extranjeros
extranjero estranjero
extraorinaria extraordinaria
extraorinarias extraordinarias
extraorinario extraordinario
extraorinarios extraordinarios
extrerna externa
extrernas externas
extrerno externo
extrernos externos
extres estrés
extresada estresada
extresadas estresadas
extresado estresado
extresados estresados
extricta estricta
extrictamente estrictamente
extrictas estrictas
extricto estricto
extrictos estrictos
extructura estructura
extructuras estructuras
extrés estrés
exumacion exhumación
exumación exhumación
exumada exhumada
exumadas exhumadas
exumado exhumado
exumados exhumados
exumar exhumar
exáctamente exactamente
exácto exacto
exámen examen
exéntrica excéntrica
exéntricas excéntricas
exéntrico excéntrico
exéntricos excéntricos
eúfrates éufrates
fabian fabián
fabregas fábregas
fabrica fábrica
fabricacion fabricación
fabricas fábricas
fabula fábula
fabulas fábulas
faccion facción
facil fácil
facilemente fácilmente
faciles fáciles
facilmente fácilmente
facinación fascinación
facinada fascinada
facinadas fascinadas
facinado fascinado
facinados fascinados
facinante fascinante
facinantes fascinantes
facinar fascinar
facismo fascismo
facista fascista
facsimil facsímil
facsimile facsímile
factica fáctica
facticas fácticas
factico fáctico
facticos fácticos
faculdad facultad
faculdades facultades
fagacea fagácea
fagaceas fagáceas
fagaceo fagáceo
fagaceos fagáceos
fagundez fagúndez
faisan faisán
fajon fajón
falconida falcónida
falconidas falcónidas
falconido falcónido
falconidos falcónidos
faldon faldón
falica fálica
falicas fálicas
falico fálico
falicos fálicos
fallecio falleció
famelica famélica
famelicas famélicas
famelico famélico
famelicos famélicos
famias familias
famicon famicom
famila familia
familas familias
famula fámula
famulas fámulas
famulo fámulo
famulos fámulos
família familia
famílias familias
fanatica fanática
fanaticamente fanáticamente
fanaticas fanáticas
fanatico fanático
fanaticos fanáticos
fanerogama fanerógama
fanerogamas fanerógamas
fanerogamo fanerógamo
fanerogamos fanerógamos
fanfarron fanfarrón
fanfarroneria fanfarronería
fanfarronerias fanfarronerías
fans fanes
fantasia fantasía
fantasias fantasías
fantasmagoria fantasmagoría
fantasmagorias fantasmagorías
fantasmagorica fantasmagórica
fantasmagoricas fantasmagóricas
fantasmagorico fantasmagórico
fantasmagoricos fantasmagóricos
fantastica fantástica
fantasticamente fantásticamente
fantasticas fantásticas
fantastico fantástico
fantasticos fantásticos
fantásmagórico fantasmagórico
farallon farallón
farandula farándula
farandulas farándulas
faraon faraón
faraonica faraónica
faraonicas faraónicas
faraonico faraónico
faraonicos faraónicos
farenheit fahrenheit
farinacea farinácea
farinaceas farináceas
farinaceo farináceo
farinaceos farináceos
farmaceutica farmacéutica
farmaceuticas farmacéuticas
farmaceutico farmacéutico
farmaceuticos farmacéuticos
farmaceútica farmacéutica
farmaceúticas farmacéuticas
farmaceútico farmacéutico
farmaceúticos farmacéuticos
farmaco fármaco
farmacologia farmacología
farmacologias farmacologías
farmacologica farmacológica
farmacologicas farmacológicas
farmacologico farmacológico
farmacologicos farmacológicos
farmacos fármacos
farrago fárrago
farrallon farallón
farsalica farsálica
farsalicas farsálicas
farsalico farsálico
farsalicos farsálicos
fasciculo fascículo
fasciculos fascículos
fascinerosa facinerosa
fascinerosas facinerosas
fascineroso facineroso
fascinerosos facinerosos
fascistol facistol
fasilitara facilitara
fasinación fascinación
fasinada fascinada
fasinadas fascinadas
fasinado fascinado
fasinados fascinados
fasinante fascinante
fasinantes fascinantes
fasinar fascinar
fasista fascista
fatidica fatídica
fatidicas fatídicas
fatidico fatídico
fatidicos fatídicos
fatima fátima
fatricida fratricida
fatricidas fratricidas
faunistica faunística
faunisticas faunísticas
faunistico faunístico
faunisticos faunísticos
feberero febrero
febrerp febrero
febrifuga febrífuga
febrifugas febrífugas
febrifugo febrífugo
febrifugos febrífugos
fechoria fechoría
fechorias fechorías
fecula fécula
feculas féculas
fecundacion fecundación
federacion federación
felacion felación
feldespatica feldespática
feldespaticas feldespáticas
feldespatico feldespático
feldespaticos feldespáticos
feligresia feligresía
feligresias feligresías
felix félix
felíz feliz
femur fémur
femures fémures
fenix fénix
fenomeno fenómeno
fenomenos fenómenos
fenotipica fenotípica
fenotipicas fenotípicas
fenotipico fenotípico
fenotipicos fenotípicos
feretro féretro
feretros féretros
fermentacion fermentación
fermin fermín
fernado fernando
fernandez fernández
fernándes fernández
feroes feroés
ferrcarriles ferrocarriles
ferrea férrea
ferreas férreas
ferreo férreo
ferreos férreos
ferreteria ferretería
ferreterias ferreterías
ferrobus ferrobús
ferrocaril ferrocarril
ferrocariles ferrocarriles
ferrocarríl ferrocarril
ferroviara ferroviaria
ferroviaras ferroviarias
ferroviaro ferroviario
ferroviaros ferroviarios
ferrys ferris
fertil fértil
fertiles fértiles
ferula férula
ferulas férulas
festin festín
fetacion fetación
fetida fétida
fetidas fétidas
fetido fétido
fetidos fétidos
fibrinolisis fibrinólisis
fibroina fibroína
fibroinas fibroínas
ficcion ficción
ficharia ficharía
ficharian ficharían
fictícia ficticia
fictícias ficticias
fictício ficticio
fictícios ficticios
fidji fiyi
fidyi fiyi
fienes fines
fifi fifí
fifies fifíes
fifis fifís
figuron figurón
fiji fiyi
fijiana fiyiana
fijianas fiyianas
fijiano fiyiano
fijianos fiyianos
filantropa filántropa
filantropas filántropas
filantropia filantropía
filantropias filantropías
filantropica filantrópica
filantropicas filantrópicas
filantropico filantrópico
filantropicos filantrópicos
filantropo filántropo
filantropos filántropos
filarmonica filarmónica
filarmonicas filarmónicas
filastica filástica
filasticas filásticas
filemon filemón
filiacion filiación
filipines filipinas
filmica fílmica
filmicas fílmicas
filmico fílmico
filmicos fílmicos
filmo filmó
filmografia filmografía
filmografias filmografías
filogenesis filogénesis
filogenetica filogenética
filogeneticas filogenéticas
filogenetico filogenético
filogeneticos filogenéticos
filogenica filogénica
filogenicas filogénicas
filogenico filogénico
filogenicos filogénicos
filologa filóloga
filologas filólogas
filologia filología
filologo filólogo
filologos filólogos
filon filón
filosofa filósofa
filosofas filósofas
filosofia filosofía
filosofica filosófica
filosoficamente filosóficamente
filosoficas filosóficas
filosofico filosófico
filosoficos filosóficos
filosofo filósofo
filosofos filósofos
finaciera financiera
finacieramente financieramente
finacieras financieras
finaciero financiero
finacieros financieros
finalemente finalmente
finalizacion finalización
finalize finalice
finalizo finalizó
financiamento financiamiento
financiamentos financiamientos
financía financia
finje finge
finlamente finalmente
finlandes finlandés
finál final
firmo firmó
fisan fisán
fiscalia fiscalía
fiscalias fiscalías
fisgon fisgón
fisiatria fisiatría
fisiatrias fisiatrías
fisiatrica fisiátrica
fisiatricas fisiátricas
fisiatrico fisiátrico
fisiatricos fisiátricos
fisica física
fisicamente físicamente
fisicas físicas
fisico físico
fisicoquimica fisicoquímica
fisicoquimicas fisicoquímicas
fisicoquimico fisicoquímico
fisicoquimicos fisicoquímicos
fisicos físicos
fisiocrata fisiócrata
fisiocratas fisiócratas
fisiologica fisiológica
fisiologicas fisiológicas
fisiologico fisiológico
fisiologicos fisiológicos
fisionomia fisonomía
fisionomica fisonómica
fisionomico fisonómico
fisionomicos fisonómicos
fisionómica fisonómica
fisionómico fisonómico
fisionómicos fisonómicos
fisiopatologia fisiopatología
fisiopatologias fisiopatologías
fisonomia fisonomía
fisonomias fisonomías
fisonomica fisonómica
fisonomicas fisonómicas
fisonomico fisonómico
fisonomicos fisonómicos
fisostoma fisóstoma
fisostomas fisóstomas
fisostomo fisóstomo
fisostomos fisóstomos
fistula fístula
fistulas fístulas
fitofaga fitófaga
fitofagas fitófagas
fitofago fitófago
fitofagos fitófagos
fitografia fitografía
fitografias fitografías
fitografica fitográfica
fitograficas fitográficas
fitografico fitográfico
fitograficos fitográficos
fiáis fiais
fié fie
fiéis fieis
fió fio
flabelifera flabelífera
flabeliferas flabelíferas
flabelifero flabelífero
flabeliferos flabelíferos
flacida flácida
flacidas flácidas
flacido flácido
flacidos flácidos
flagelancia flagelación
flanqueda flanqueada
flanquedas flanqueadas
flanquedo flanqueado
flanquedos flanqueados
flautin flautín
flexion flexión
floracion floración
floreria florería
florerias florerías
florez flórez
floristico florístico
floristicos florísticos
fluor flúor
fluorecencia fluorescencia
fluorecencias fluorescencias
fluorecente fluorescente
fluorecentes fluorescentes
fluores flúores
fluorhidrico fluorhídrico
fluorhidricos fluorhídricos
fluoroinmunoanalisis fluoroinmunoanálisis
fluoroscente fluorescente
fluoroscentes fluorescentes
fluors flúores
fluí flui
fluída fluida
fluídas fluidas
fluído fluido
fluídos fluidos
fluís fluis
flóres flores
flúors flúores
fmilia familia
fmilias familias
focalizacion focalización
folclorica folclórica
folcloricamente folclóricamente
folcloricas folclóricas
folclorico folclórico
folcloricos folclóricos
folder fólder
folderes fólderes
folico fólico
foliculo folículo
foliculos folículos
folklorica folklórica
folkloricas folklóricas
folklorico folklórico
folkloricos folklóricos
foma forma
fonacion fonación
fondillon fondillón
fonetica fonética
foneticamente fonéticamente
foneticas fonéticas
fonetico fonético
foneticos fonéticos
fonica fónica
fonicas fónicas
fonico fónico
fonicos fónicos
fonografia fonografía
fonografias fonografías
fonografica fonográfica
fonograficas fonográficas
fonografico fonográfico
fonograficos fonográficos
fonologa fonóloga
fonologas fonólogas
fonologia fonología
fonologias fonologías
fonologica fonológica
fonologicas fonológicas
fonologico fonológico
fonologicos fonológicos
fonologizacion fonologización
fonologo fonólogo
fonologos fonólogos
fontibon fontibón
foranea foránea
foraneas foráneas
foraneo foráneo
foraneos foráneos
forceps fórceps
forestacion forestación
formacion formación
formaldehido formaldehído
formaldehidos formaldehídos
formarón formaron
formico fórmico
formicos fórmicos
formo formó
formon formón
formula fórmula
formulas fórmulas
fortalecio fortaleció
fortalesa fortaleza
fortalezer fortalecer
fortalezieron fortalecieron
fortificacion fortificación
fortin fortín
forum fórum
forums fórums
fosforica fosfórica
fosforicas fosfóricas
fosforico fosfórico
fosforicos fosfóricos
fosforo fósforo
fosforolisis fosforólisis
fosforos fósforos
fosil fósil
fosiles fósiles
fosilifera fosilífera
fosiliferas fosilíferas
fosilifero fosilífero
fosiliferos fosilíferos
fosilizacion fosilización
fotocatalisis fotocatálisis
fotoelectrica fotoeléctrica
fotoelectricas fotoeléctricas
fotoelectrico fotoeléctrico
fotoelectricos fotoeléctricos
fotografa fotógrafa
fotografada fotografiada
fotografadas fotografiadas
fotografado fotografiado
fotografados fotografiados
fotografas fotógrafas
fotografia fotografía
fotografian fotografían
fotografias fotografías
fotografica fotográfica
fotograficas fotográficas
fotografico fotográfico
fotograficos fotográficos
fotografo fotógrafo
fotografos fotógrafos
fotográfo fotógrafo
fotogrñafo fotógrafo
fotolisis fotólisis
foton fotón
fotosintesis fotosíntesis
fotosintetica fotosintética
fotosinteticas fotosintéticas
fotosintetico fotosintético
fotosinteticos fotosintéticos
fotosintésis fotosíntesis
fototipica fototípica
fototipicas fototípicas
fototipico fototípico
fototipicos fototípicos
fraccion fracción
fragil frágil
fraguandola fraguándola
fraguandolas fraguándolas
fraguandole fraguándole
fraguandoles fraguándoles
fraguandolo fraguándolo
fraguandolos fraguándolos
fraguandome fraguándome
fraguandose fraguándose
fraguandote fraguándote
fraguo fraguó
frances francés
francfort fráncfort
francfórt fráncfort
francofila francófila
francofilas francófilas
francofilo francófilo
francofilos francófilos
francofona francófona
francofonas francófonas
francofono francófono
francofonos francófonos
francéses franceses
fransisco francisco
fraseologia fraseología
fraseologias fraseologías
fraseologica fraseológica
fraseologicas fraseológicas
fraseologico fraseológico
fraseologicos fraseológicos
fraticida fratricida
fraticidas fratricidas
freatica freática
freaticas freáticas
freatico freático
freaticos freáticos
frebrero febrero
freceuntemente frecuentemente
frecuentamente frecuentemente
freezer frízer
freezers frízeres
freida freída
freidas freídas
freido freído
freidos freídos
freir freír
frenesi frenesí
frenesies frenesíes
frenesis frenesís
frenetica frenética
freneticamente frenéticamente
freneticas frenéticas
frenetico frenético
freneticos frenéticos
frenta frente
frequencia frecuencia
frequencias frecuencias
fria fría
frias frías
friatica friática
friaticas friáticas
friatico friático
friaticos friáticos
fricacion fricación
friccion fricción
fricion fricción
frición fricción
frie fríe
frien fríen
frigorifica frigorífica
frigorificas frigoríficas
frigorifico frigorífico
frigorificos frigoríficos
frio frío
frios fríos
frison frisón
frivola frívola
frivolas frívolas
frivolo frívolo
frivolos frívolos
frizer frízer
frizeres frízeres
friáis friais
frió frio
froma forma
frustacion frustración
frustación frustración
frustada frustrada
frustadas frustradas
frustado frustrado
frustados frustrados
fruí frui
fruís fruis
fuagras fuagrás
fuagráses fuagrases
fubolista futbolista
fubolistas futbolistas
fucion función
fución función
fuearn fueran
fueorn fueron
fuerons fueron
fuerón fueron
fueza fuerza
fuezan fuerzan
fuezas fuerzas
fuistes fuiste
fulgida fúlgida
fulgidas fúlgidas
fulgido fúlgido
fulgidos fúlgidos
fulmicoton fulmicotón
fulminico fulmínico
fulminicos fulmínicos
fumaria fumaría
fumarias fumarías
funcion función
funcionamento funcionamiento
funcionamentos funcionamientos
fundacion fundación
fundarian fundarían
fundicion fundición
fundiria fundiría
fundirian fundirían
fundo fundó
funebre fúnebre
funebres fúnebres
funguicida fungicida
funguicidas fungicidas
funsion función
funsión función
fureza fuerza
furezas fuerzas
furfuracea furfurácea
furfuraceas furfuráceas
furfuraceo furfuráceo
furfuraceos furfuráceos
furgon furgón
fusion fusión
fusionandola fusionándola
fusionandolas fusionándolas
fusionandolo fusionándolo
fusionandolos fusionándolos
fusíble fusible
fusíbles fusibles
futbolin futbolín
futbolisa futbolista
futbolisas futbolistas
futbolistica futbolística
futbolisticamente futbolísticamente
futbolisticas futbolísticas
futbolistico futbolístico
futbolisticos futbolísticos
futbolita futbolista
futbolitas futbolistas
futbolísta futbolista
futbolístas futbolistas
futból fútbol
futil fútil
futiles fútiles
futolista futbolista
futolistas futbolistas
futon futón
futuricion futurición
futurologa futuróloga
futurologas futurólogas
futurologia futurología
futurologias futurologías
futurologo futurólogo
futurologos futurólogos
fué fue
fuí fui
fácilemente fácilmente
fé fe
fénomeno fenómeno
fénomenos fenómenos
fés fes
fín fin
físicoquimica fisicoquímica
físicoquimicas fisicoquímicas
físicoquimico fisicoquímico
físicoquimicos fisicoquímicos
fútbolin futbolín
fútbolista futbolista
fútbolistas futbolistas
fútbolistica futbolística
fútbolisticamente futbolísticamente
fútbolisticas futbolísticas
fútbolistico futbolístico
fútbolisticos futbolísticos
fútsal futsal
gabañon gabañón
gabon gabón
gabones gabonés
gaelica gaélica
gaelicas gaélicas
gaelico gaélico
gaelicos gaélicos
galactica galáctica
galacticas galácticas
galactico galáctico
galacticos galácticos
galactofaga galactófaga
galactofagas galactófagas
galactofago galactófago
galactofagos galactófagos
galactofora galactófora
galactoforas galactóforas
galactoforo galactóforo
galactoforos galactóforos
galactogena galactógena
galactogenas galactógenas
galactogeno galactógeno
galactogenos galactógenos
galactometro galactómetro
galactometros galactómetros
galan galán
galapagos galápagos
galardon galardón
galerias galerías
galeristica galerística
galeristicas galerísticas
galeristico galerístico
galeristicos galerísticos
galibo gálibo
galibos gálibos
gallinacea gallinácea
gallinaceas gallináceas
gallinaceo gallináceo
gallinaceos gallináceos
galon galón
galvan galván
galvez gálvez
galéria galería
galérias galerías
gametogenesis gametogénesis
ganacia ganancia
ganacias ganancias
ganaderia ganadería
ganaderias ganaderías
ganandole ganándole
ganaria ganaría
ganarian ganarían
gangster gánster
gangsteres gánsteres
gangsteril gansteril
gangsteriles gansteriles
gangsterismo gansterismo
gangsterismos gansterismos
gangsters gánsteres
gano ganó
gansaron gansarón
ganzua ganzúa
ganzuas ganzúas
ganándo ganando
garage garaje
garages garajes
garcia garcía
garganchon garganchón
garganteria gargantería
garganterias garganterías
gargara gárgara
gargaras gárgaras
gargola gárgola
gargolas gárgolas
garrafon garrafón
gasometro gasómetro
gasometros gasómetros
gasteropoda gasterópoda
gasteropodas gasterópodas
gasteropodo gasterópodo
gasteropodos gasterópodos
gaston gastón
gastralgica gastrálgica
gastralgicas gastrálgicas
gastralgico gastrálgico
gastralgicos gastrálgicos
gastrectomia gastrectomía
gastrectomias gastrectomías
gastrica gástrica
gastricas gástricas
gastrico gástrico
gastricos gástricos
gastroenterologa gastroenteróloga
gastroenterologas gastroenterólogas
gastroenterologia gastroenterología
gastroenterologias gastroenterologías
gastroenterologica gastroenterológica
gastroenterologicas gastroenterológicas
gastroenterologico gastroenterológico
gastroenterologicos gastroenterológicos
gastroenterologo gastroenterólogo
gastroenterologos gastroenterólogos
gastromonomia gastronomía
gastromonomía gastronomía
gastronoma gastrónoma
gastronomas gastrónomas
gastronomia gastronomía
gastronomica gastronómica
gastronomicas gastronómicas
gastronomico gastronómico
gastronomicos gastronómicos
gastronomo gastrónomo
gastronomos gastrónomos
gastroparalisis gastroparálisis
gavilan gavilán
gays gais
gecela gacela
gecelas gacelas
geconido gecónido
geconidos gecónidos
gegrafia geografía
gegrafica geográfica
gegraficas geográficas
gegrafico geográfico
gegraficos geográficos
gegráfica geográfica
gegráficas geográficas
gegráfico geográfico
gegráficos geográficos
geiser géiser
geiseres géiseres
geisers géiseres
gelida gélida
gelidas gélidas
gelido gélido
gelidos gélidos
gemacion gemación
geminacion geminación
geminis géminis
gemologia gemología
gemologias gemologías
gemologica gemológica
gemologicas gemológicas
gemologico gemológico
gemologicos gemológicos
gemonias gemonías
gencianacea gencianácea
gencianaceas gencianáceas
gencianaceo gencianáceo
gencianaceos gencianáceos
gendarmeria gendarmería
gendarmerias gendarmerías
genealogia genealogía
genealogias genealogías
genealogica genealógica
genealogicas genealógicas
genealogico genealógico
genealogicos genealógicos
generacion generación
generalemente generalmente
generica genérica
genericas genéricas
generico genérico
genericos genéricos
generlamente generalmente
genero género
generos géneros
genesica genésica
genesicas genésicas
genesico genésico
genesicos genésicos
genesis génesis
genetica genética
geneticas genéticas
genetico genético
geneticos genéticos
gengibre jengibre
gengivre jengibre
genica génica
genicas génicas
genico génico
genicos génicos
genjibre jengibre
genjivre jengibre
genotipica genotípica
genotipicas genotípicas
genotipico genotípico
genotipicos genotípicos
genova génova
genoves genovés
gentilica gentílica
gentilicas gentílicas
gentilico gentílico
gentilicos gentílicos
gentio gentío
gentios gentíos
genéro género
genéros géneros
geodesica geodésica
geodesicas geodésicas
geodesico geodésico
geodesicos geodésicos
geodinamica geodinámica
geodinamicas geodinámicas
geofrafico geográfico
geofrafía geografía
geofráfico geográfico
geofráficos geográficos
geografa geógrafa
geografas geógrafas
geografia geografía
geografica geográfica
geograficamente geográficamente
geograficas geográficas
geografico geográfico
geograficos geográficos
geografo geógrafo
geografos geógrafos
geologia geología
geologias geologías
geologica geológica
geologicas geológicas
geologico geológico
geologicos geológicos
geometria geometría
geometrias geometrías
geometrica geométrica
geometricamente geométricamente
geometricas geométricas
geometrico geométrico
geometricos geométricos
geomorfologia geomorfología
geomorfologias geomorfologías
geomorfologica geomorfológica
geomorfologicas geomorfológicas
geomorfologico geomorfológico
geomorfologicos geomorfológicos
geonomia geonomía
geonomias geonomías
geonomica geonómica
geonomicas geonómicas
geonomico geonómico
geonomicos geonómicos
geoquimica geoquímica
geoquimicas geoquímicas
geoquimico geoquímico
geoquimicos geoquímicos
geotermica geotérmica
geotermicas geotérmicas
geotermico geotérmico
geotermicos geotérmicos
geotica geótica
geoticas geóticas
geotico geótico
geoticos geóticos
geriatria geriatría
geriatrias geriatrías
geriatrica geriátrica
geriatricas geriátricas
geriatrico geriátrico
geriatricos geriátricos
german germán
germanica germánica
germanicas germánicas
germanico germánico
germanicos germánicos
germenes gérmenes
germána germana
germánas germanas
germáno germano
germános germanos
geronte anciana
gerontes ancianas
gerontologa gerontóloga
gerontologas gerontólogas
gerontologia gerontología
gerontologias gerontologías
gerontologo gerontólogo
gerontologos gerontólogos
gestacion gestación
gestion gestión
gestoria gestoría
gestorias gestorías
geógrafica geográfica
geógraficamente geográficamente
ghandi gandhi
ghanes ghanés
gheto gueto
ghetos guetos
ghetto gueto
ghettos guetos
gijon gijón
gijones gijonés
gili gilí
gilis gilís
gimenez giménez
gimnacia gimnasia
gimnacias gimnasias
gimnacio gimnasio
gimnacios gimnasios
gimnastica gimnástica
gimnasticas gimnásticas
gimnastico gimnástico
gimnasticos gimnásticos
ginecologa ginecóloga
ginecologas ginecólogas
ginecologia ginecología
ginecologica ginecológica
ginecologicas ginecológicas
ginecologico ginecológico
ginecologicos ginecológicos
ginecologo ginecólogo
ginecologos ginecólogos
ginete jinete
ginetes jinetes
gipuzkoa guipúzcoa
girandula girándula
girandulas girándulas
giroscopica giroscópica
giroscopicas giroscópicas
giroscopico giroscópico
giroscopicos giroscópicos
giroscopo giróscopo
giroscopos giróscopos
girostatica girostática
girostaticas girostáticas
girostatico girostático
girostaticos girostáticos
giza guiza
glaciacion glaciación
glaciario glaciar
glaciologa glacióloga
glaciologas glaciólogas
glaciologia glaciología
glaciologias glaciologías
glaciologica glaciológica
glaciologicas glaciológicas
glaciologico glaciológico
glaciologicos glaciológicos
glaciologo glaciólogo
glaciologos glaciólogos
glamour glamur
glamouroso glamuroso
glandula glándula
glandulacion glandulación
glandulas glándulas
glase glasé
glass glas
glicogenolisis glicogenólisis
glicoproteina glicoproteína
glicoproteinas glicoproteínas
glicosido glicósido
glicosidos glicósidos
globulo glóbulo
globulos glóbulos
glucido glúcido
glucidos glúcidos
glucogeno glucógeno
glucogenolisis glucogenólisis
glucogenos glucógenos
gluglu gluglú
glutea glútea
gluteas glúteas
gluteo glúteo
gluteos glúteos
gnetacea gnetácea
gnetaceas gnetáceas
gnetaceo gnetáceo
gnetaceos gnetáceos
gnomica gnómica
gnomicas gnómicas
gnomico gnómico
gnomicos gnómicos
gnoseologia gnoseología
gnoseologias gnoseologías
gnoseologica gnoseológica
gnoseologicas gnoseológicas
gnoseologico gnoseológico
gnoseologicos gnoseológicos
gnostica gnóstica
gnosticas gnósticas
gnostico gnóstico
gnosticos gnósticos
goal gol
goberbador gobernador
goberbadora gobernadora
goberbadoras gobernadoras
goberbadores gobernadores
gobernacion gobernación
gobieno gobierno
gobienro gobierno
gobienrosg gobiernos
gobiernador gobernador
gobiernadora gobernadora
gobiernadoras gobernadoras
gobiernadores gobernadores
gogo gogó
gomeria gomería
gomerias gomerías
gomez gómez
gonada gónada
gonadas gónadas
gondola góndola
gondolas góndolas
gonzalez gonzález
gorbachev gorbachov
gordiflon gordiflón
gordinflon gordinflón
gorgon gorgón
gorky gorki
gospel góspel
gotele gotelé
gothemburgo gotemburgo
gotica gótica
goticas góticas
gotico gótico
goticos góticos
gourmet gurmé
gourmets gurmés
govierno gobierno
goviernos gobiernos
grabacion grabación
grabo grabó
gradacion gradación
graderia gradería
graderias graderías
graduacion graduación
graduandose graduándose
graffiti grafiti
graffitis grafitis
grafia grafía
grafias grafías
grafica gráfica
graficas gráficas
grafico gráfico
graficos gráficos
grafitacion grafitación
grafitica grafítica
grafiticas grafíticas
grafitico grafítico
grafiticos grafíticos
grafitti grafiti
grafittis grafitis
gramatica gramática
gramaticas gramáticas
gramatico gramático
gramaticos gramáticos
graminea gramínea
gramineas gramíneas
gramineo gramíneo
gramineos gramíneos
gramofonica gramofónica
gramofonicas gramofónicas
gramofonico gramofónico
gramofonicos gramofónicos
gramofono gramófono
gramofonos gramófonos
grance grancé
grandioza grandiosa
grandiozas grandiosas
grandiozo grandioso
grandiozos grandiosos
grandisima grandísima
grandisimas grandísimas
grandisimo grandísimo
grandisimos grandísimos
granivora granívora
granivoras granívoras
granivoro granívoro
granivoros granívoros
granulometria granulometría
granulometrias granulometrías
granulometrica granulométrica
granulometricas granulométricas
granulometrico granulométrico
granulometricos granulométricos
grappa grapa
grappas grapas
gratin gratín
gratiuta gratuita
gratiutas gratuitas
gratiuto gratuito
gratiutos gratuitos
gratuíta gratuita
gratuítas gratuitas
gratuíto gratuito
gratuítos gratuitos
gratíuta gratuita
gratíutas gratuitas
gratíuto gratuito
gratíutos gratuitos
gravacion grabación
gravaciones grabaciones
gravación grabación
gravimetria gravimetría
gravimetrias gravimetrías
gravisima gravísima
gravisimas gravísimas
gravisimo gravísimo
gravisimos gravísimos
gravitacion gravitación
grecoromana grecorromana
grecoromanas grecorromanas
grecoromano grecorromano
grecoromanos grecorromanos
gregueria greguería
greguerias greguerías
greguesco gregüesco
greguescos gregüescos
grisacea grisácea
grisaceas grisáceas
grisaceo grisáceo
grisaceos grisáceos
grisasea grisácea
grisaseas grisáceas
grisaseo grisáceo
grisaseos grisáceos
grisásea grisácea
grisáseas grisáceas
grisáseo grisáceo
grisáseos grisáceos
griteria gritería
griterias griterías
griterio griterío
griterios griteríos
groenlandes groenlandés
groggie grogui
groggies groguis
groggy grogui
groggys groguis
grogy grogui
grogys groguis
groseria grosería
groserias groserías
grua grúa
gruas grúas
grupusculo grupúsculo
grupusculos grupúsculos
grán gran
guaguanco guaguancó
guamuchil guamúchil
guantanamo guantánamo
guarani guaraní
guaranies guaraníes
guaranis guaranís
guardaropa guardarropa
guardaropas guardarropas
guardarrail guardarraíl
guarderia guardería
guarderias guarderías
guardian guardián
guardían guardián
guarnicion guarnición
guedejon guedejón
guemes güemes
guera guerra
guerilla guerrilla
guerillas guerrillas
guerillera guerrillera
guerilleras guerrilleras
guerillero guerrillero
guerilleros guerrilleros
guero güero
guerrila guerrilla
guerrilas guerrillas
guetto gueto
guettos guetos
guia guía
guian guían
guias guías
guinaldes guinaldés
guines güines
guipuzcoa guipúzcoa
guirigays guirigayes
guisqueria güisquería
guisquerias güisquerías
guisquería güisquería
guisquerías güisquerías
guisqui güisqui
guisquis güisquis
guitarista guitarrista
guitaristas guitarristas
guitarreria guitarrería
guitarrerias guitarrerías
guiáis guiais
guié guie
guiéis guieis
guió guio
guión guion
gujarat guyarat
gupo grupo
gupos grupos
gustacion gustación
gustaria gustaría
gustarian gustarían
gustarias gustarías
gutierrez gutiérrez
guyarati guyaratí
guzman guzmán
gángster gánster
gángsteres gánsteres
gángsterismo gansterismo
gángsterismos gansterismos
gángsters gánsteres
géisers géiseres
génerica genérica
génericas genéricas
génerico genérico
génericos genéricos
gérmen germen
güarani guaraní
güaranies guaraníes
güaranis guaranís
güaraní guaraní
güaraníes guaraníes
güaranís guaranís
güisqueria güisquería
güisquerias güisquerías
habeis habéis
haber haver
habia había
habian habían
habias habías
habiendose habiéndose
habil hábil
habiles hábiles
habilmente hábilmente
habitacion habitación
habitaculo habitáculo
habitaculos habitáculos
habitad hábitat
habitat hábitat
habitats hábitats
habitiual habitual
habitiuales habituales
habitiualmente habitualmente
habito hábito
habián habían
habladuria habladuría
habladurias habladurías
hablo habló
habria habría
habrian habrían
habrias habrías
habrieron abrieron
habrio abrió
habrió abrió
habrío abrió
hacecha acecha
hacechan acechan
hacechar acechar
hacerca acerca
hacercamiento acercamiento
hacercar acercar
hacerce hacerse
hacerco acercó
hacersela hacérsela
hacerselas hacérselas
hacerselo hacérselo
hacerselos hacérselos
hachis hachís
haci asi
hacian hacían
hacias hacías
haciendise haciéndose
haciendola haciéndola
haciendolas haciéndolas
haciendole haciéndole
haciendoles haciéndoles
haciendolo haciéndolo
haciendolos haciéndolos
haciendose haciéndose
hacinacion hacinación
haciéndo haciendo
hací así
hagamosla hagámosla
hagamoslas hagámoslas
hagamosle hagámosle
hagamosles hagámosles
hagamoslo hagámoslo
hagamoslos hagámoslos
hagiografa hagiógrafa
hagiografas hagiógrafas
hagiografia hagiografía
hagiografias hagiografías
hagiografica hagiográfica
hagiograficas hagiográficas
hagiografico hagiográfico
hagiograficos hagiográficos
hagiografo hagiógrafo
hagiografos hagiógrafos
hai hay
haiga haya
haigan hayan
haigas hayas
haiti haití
halagueña halagüeña
halagueñamente halagüeñamente
halagueñas halagüeñas
halagueño halagüeño
halagueños halagüeños
halcon halcón
halito hálito
halitos hálitos
hallandola hallándola
hallandolas hallándolas
hallandolo hallándolo
hallandolos hallándolos
halogena halógena
halogenas halógenas
halogeno halógeno
halogenos halógenos
halon halón
hamamelidacea hamamelidácea
hamamelidaceas hamamelidáceas
hamamelidaceo hamamelidáceo
hamamelidaceos hamamelidáceos
hamas hamás
hambienta hambrienta
hambientas hambrientas
hamster hámster
hamsteres hámsteres
hamsters hámsteres
hamter hámster
hamteres hámsteres
hamters hámsteres
handball balonmano
hanoi hanói
haora ahora
haran harán
haras harás
haren harén
haria haría
harian harían
harias harías
harmonia armonía
harmonias armonías
harmonica armónica
harmonicas armónicas
harmonico armónico
harmonicos armónicos
harmónica armónica
harmónicas armónicas
harmónico armónico
harmónicos armónicos
harpia harpía
harpias harpías
hasburgo habsburgo
haschisch hachís
haschish hachís
hashish hachís
hashísh hachís
haviendo habiendo
havía había
hawai hawái
hawaii hawái
haxix hachís
hayaba hallaba
hayaban hallaban
hayabas hallabas
hazmereir hazmerreír
hazmereires hazmerreíres
hazmereír hazmerreír
hazmereíres hazmerreíres
hazmerreir hazmerreír
hazmerreires hazmerreíres
heben hebén
hebijon hebijón
hebron hebrón
hechada echada
hechadas echadas
hechado echado
hechados echados
hechan echan
hechar echar
hechiceria hechicería
hechicerias hechicerías
hecho echo
hechó echó
hectarea hectárea
hectareas hectáreas
hectarias hectáreas
hectarías hectáreas
hectica héctica
hecticas hécticas
hectico héctico
hecticos hécticos
hectometro hectómetro
hectometros hectómetros
hector héctor
hegemonia hegemonía
hegemonias hegemonías
hegemonica hegemónica
hegemonicas hegemónicas
hegemonico hegemónico
hegemonicos hegemónicos
hegida égida
heladeria heladería
heladerias heladerías
helenistica helenística
helenisticas helenísticas
helenistico helenístico
helenisticos helenísticos
helice hélice
helices hélices
heliconides helicónides
helicoptero helicóptero
helicopteros helicópteros
heliofisica heliofísica
heliofisicas heliofísicas
heliofisico heliofísico
heliofisicos heliofísicos
helion helión
helvetica helvética
helveticas helvéticas
helvetico helvético
helveticos helvéticos
hemana hermana
hemanada hermanada
hemanadas hermanadas
hemanado hermanado
hemanados hermanados
hemanas hermanas
hemano hermano
hemanos hermanos
hematica hemática
hematicas hemáticas
hematico hemático
hematicos hemáticos
hematie hematíe
hematies hematíes
hematofaga hematófaga
hematofagas hematófagas
hematofago hematófago
hematofagos hematófagos
hematogena hematógena
hematogenas hematógenas
hematogeno hematógeno
hematogenos hematógenos
hematologa hematóloga
hematologas hematólogas
hematologia hematología
hematologias hematologías
hematologo hematólogo
hematologos hematólogos
hematopoyetica hematopoyética
hematopoyeticas hematopoyéticas
hematopoyetico hematopoyético
hematopoyeticos hematopoyéticos
hematí hematíe
hemiparalisis hemiparálisis
hemoaglutinacion hemoaglutinación
hemodialisis hemodiálisis
hemolisis hemólisis
hemorragica hemorrágica
hemorragicas hemorrágicas
hemorragico hemorrágico
hemorragicos hemorrágicos
henriquez henríquez
hepatica hepática
hepaticas hepáticas
hepatico hepático
hepaticos hepáticos
heptagono heptágono
heptagonos heptágonos
heptathlon heptatlón
heptathlón heptatlón
heptatlon heptatlón
heracliteismo heracliteísmo
heracliteismos heracliteísmos
heraldica heráldica
heraldicas heráldicas
heraldico heráldico
heraldicos heráldicos
herbacea herbácea
herbaceas herbáceas
herbaceo herbáceo
herbaceos herbáceos
herbibora herbívora
herbiboras herbívoras
herbiboro herbívoro
herbiboros herbívoros
herbivora herbívora
herbivoras herbívoras
herbivoro herbívoro
herbivoros herbívoros
herbíbora herbívora
herbíboras herbívoras
herbíboro herbívoro
herbíboros herbívoros
herculea hercúlea
herculeas hercúleas
herculeo hercúleo
herculeos hercúleos
hercules hércules
hermeneutica hermenéutica
hermeneuticas hermenéuticas
hermeneutico hermenéutico
hermeneuticos hermenéuticos
hermetica hermética
hermeticamente herméticamente
hermeticas herméticas
hermetico hermético
hermeticos herméticos
hermisferio hemisferio
hermisferios hemisferios
hermita ermita
hermitas ermitas
hernandez hernández
herodoto heródoto
heroe héroe
heroes héroes
heroina heroína
heroinas heroínas
heroismo heroísmo
heroismos heroísmos
herreria herrería
herrerias herrerías
hervibora herbívora
herviboras herbívoras
herviboro herbívoro
herviboros herbívoros
hervivora herbívora
hervivoras herbívoras
hervivoro herbívoro
hervivoros herbívoros
hervíbora herbívora
hervíboras herbívoras
hervíboro herbívoro
hervíboros herbívoros
hervívora herbívora
hervívoras herbívoras
hervívoro herbívoro
hervívoros herbívoros
heróica heroica
heróicas heroicas
heróico heroico
heróicos heroicos
hesperica hespérica
hespericas hespéricas
hesperico hespérico
hespericos hespéricos
hesperida hespérida
hesperidas hespéridas
hesperido hespérido
hesperidos hespéridos
heterociclica heterocíclica
heterociclicas heterocíclicas
heterociclico heterocíclico
heterociclicos heterocíclicos
heterocigotica heterocigótica
heterocigoticas heterocigóticas
heterocigotico heterocigótico
heterocigoticos heterocigóticos
heteroclamidea heteroclamídea
heteroclamideas heteroclamídeas
heteroclamideo heteroclamídeo
heteroclamideos heteroclamídeos
heterodóxa heterodoxa
heterodóxas heterodoxas
heterodóxo heterodoxo
heterodóxos heterodoxos
heterogenea heterogénea
heterogeneas heterogéneas
heterogeneo heterogéneo
heterogeneos heterogéneos
heterolisis heterólisis
heterolitica heterolítica
heteroliticas heterolíticas
heterolitico heterolítico
heteroliticos heterolíticos
heteromero heterómero
heteromeros heterómeros
heterotrofa heterótrofa
heterotrofas heterótrofas
heterotrofica heterotrófica
heterotroficas heterotróficas
heterotrofico heterotrófico
heterotroficos heterotróficos
heterotrofo heterótrofo
heterotrofos heterótrofos
heuristica heurística
heuristicas heurísticas
heuristico heurístico
heuristicos heurísticos
hexagerar exagerar
hexagono hexágono
hexagonos hexágonos
hialuronico hialurónico
hialuronicos hialurónicos
hiba iba
hiban iban
hibas ibas
hibernacion hibernación
hibrida híbrida
hibridas híbridas
hibridiza hibrida
hibridizaciones hibridaciones
hibridización hibridación
hibridizada hibridada
hibridizadas hibridadas
hibridizado hibridado
hibridizados hibridados
hibridizan hibridan
hibridizar hibridar
hibridizaron hibridaron
hibridizarse hibridarse
hibridizase hibridarse
hibridizó hibridó
hibrido híbrido
hibridos híbridos
hicistes hiciste
hidalguia hidalguía
hidratacion hidratación
hidraulica hidráulica
hidraulicas hidráulicas
hidraulico hidráulico
hidraulicos hidráulicos
hidraúlica hidráulica
hidraúlicas hidráulicas
hidraúlico hidráulico
hidraúlicos hidráulicos
hidrica hídrica
hidricas hídricas
hidrico hídrico
hidricos hídricos
hidroclorica hidroclórica
hidrocloricas hidroclóricas
hidroclorico hidroclórico
hidrocloricos hidroclóricos
hidrocloroquina hidroxicloroquina
hidrodinamica hidrodinámica
hidrodinamicas hidrodinámicas
hidrodinamico hidrodinámico
hidrodinamicos hidrodinámicos
hidroelectrica hidroeléctrica
hidroelectricas hidroeléctricas
hidroelectrico hidroeléctrico
hidroelectricos hidroeléctricos
hidrofuga hidrófuga
hidrofugas hidrófugas
hidrofugo hidrófugo
hidrofugos hidrófugos
hidrogenacion hidrogenación
hidrogeno hidrógeno
hidrogenos hidrógenos
hidrografia hidrografía
hidrografias hidrografías
hidrografica hidrográfica
hidrograficas hidrográficas
hidrografico hidrográfico
hidrograficos hidrográficos
hidrolisis hidrólisis
hidroxido hidróxido
hidroxidos hidróxidos
hierva hierba
hiervas hierbas
higado hígado
higados hígados
higienica higiénica
higienicas higiénicas
higienico higiénico
higienicos higiénicos
higroscopica higroscópica
higroscopicas higroscópicas
higroscopico higroscópico
higroscopicos higroscópicos
higuey higüey
hilación ilación
hincapie hincapié
hincapies hincapiés
hinchazon hinchazón
hindostan indostán
hindostán indostán
hindu hindú
hindues hindúes
hindustani indostana
hindustanies indostanas
hindustanis indostanas
hindustaní indostana
hindustaníes indostanas
hindustanís indostanas
hinduísmo hinduismo
hinduísta hinduista
hinduístas hinduistas
hiperbaton hipérbaton
hiperbatón hipérbaton
hiperbole hipérbole
hiperboles hipérboles
hiperinflacion hiperinflación
hiperonimo hiperónimo
hiperonimos hiperónimos
hipertension hipertensión
hipertonia hipertonía
hipertonias hipertonías
hiperventilacion hiperventilación
hipica hípica
hipicas hípicas
hipico hípico
hipicos hípicos
hipnoanalisis hipnoanálisis
hipnotica hipnótica
hipnoticas hipnóticas
hipnotico hipnótico
hipnoticos hipnóticos
hipoalergenica hipoalergénica
hipoalergenicas hipoalergénicas
hipoalergenico hipoalergénico
hipoalergenicos hipoalergénicos
hipoalergica hipoalérgica
hipoalergicas hipoalérgicas
hipoalergico hipoalérgico
hipoalergicos hipoalérgicos
hipocalorica hipocalórica
hipocaloricas hipocalóricas
hipocalorico hipocalórico
hipocaloricos hipocalóricos
hipocondria hipocondría
hipocras hipocrás
hipocrates hipócrates
hipocratica hipocrática
hipocraticas hipocráticas
hipocratico hipocrático
hipocraticos hipocráticos
hipocresia hipocresía
hipocrita hipócrita
hipocritas hipócritas
hipocráses hipocrases
hipodamica hipodámica
hipodamicas hipodámicas
hipodamico hipodámico
hipodamicos hipodámicos
hipodermica hipodérmica
hipodermicas hipodérmicas
hipodermico hipodérmico
hipodermicos hipodérmicos
hipodromo hipódromo
hipodromos hipódromos
hipofisis hipófisis
hipolito hipólito
hipopotamo hipopótamo
hipopotamos hipopótamos
hipostasis hipóstasis
hipostatica hipostática
hipostaticas hipostáticas
hipostatico hipostático
hipostaticos hipostáticos
hipotalamo hipotálamo
hipotalamos hipotálamos
hipotension hipotensión
hipotermica hipotérmica
hipotermicas hipotérmicas
hipotermico hipotérmico
hipotermicos hipotérmicos
hipotesis hipótesis
hipotetica hipotética
hipoteticamente hipotéticamente
hipoteticas hipotéticas
hipotetico hipotético
hipoteticos hipotéticos
hirce irse
hiso hizo
hispanica hispánica
hispanicas hispánicas
hispanico hispánico
hispanicos hispánicos
hispanoamerica hispanoamérica
histerectomia histerectomía
histerectomias histerectomías
histeresis histéresis
histerica histérica
histericas histéricas
histerico histérico
histericos histéricos
histerologia histerología
histerologias histerologías
histologia histología
histologias histologías
historica histórica
historicamente históricamente
historicas históricas
historico histórico
historicos históricos
historiografia historiografía
historiografias historiografías
historía historia
história historia
históridos históricos
hitoria historia
hizó hizo
hobachon hobachón
hocicon hocicón
hogera hoguera
hogeras hogueras
hoi hoy
holandes holandés
holandésa holandesa
holandésas holandesas
holandéses holandeses
holistica holística
holisticamente holísticamente
holisticas holísticas
holistico holístico
holisticos holísticos
hollin hollín
holocáusto holocausto
holocáustos holocaustos
holografa hológrafa
holografas hológrafas
holografia holografía
holografias holografías
holografo hológrafo
holografos hológrafos
holywood hollywood
homeage homenaje
homeaje homenaje
homenage homenaje
homenages homenajes
homeopata homeópata
homeopatas homeópatas
homeopatia homeopatía
homeopatias homeopatías
homeopatica homeopática
homeopaticamente homeopáticamente
homeopaticas homeopáticas
homeopatico homeopático
homeopaticos homeopáticos
homilia homilía
hominido homínido
homogeiniza homogeneiza
homogeinizas homogeneizas
homogeinizo homogeneizo
homogenea homogénea
homogeneas homogéneas
homogeneo homogéneo
homogeneos homogéneos
homologa homóloga
homologas homólogas
homologia homología
homologias homologías
homologo homólogo
homologos homólogos
homonima homónima
homonimas homónimas
homonimo homónimo
homonimos homónimos
homoptero homóptero
homopteros homópteros
homófobica homofóbica
homófobicas homofóbicas
homófobico homofóbico
homófobicos homofóbicos
hongkones hongkonés
hongkonguense hongkonés
hongkongues hongkonés
hongkongués hongkonés
hongones hongkonés
honkones hongkonés
honkonguense hongkonés
honkongues hongkonés
honkongués hongkonés
honkonés hongkonés
honorifica honorífica
honorificas honoríficas
honorifico honorífico
honorificos honoríficos
hopistal hospital
hopistales hospitales
hoquedad oquedad
hoquedades oquedades
horadacion horadación
horible horrible
horibles horribles
hormigon hormigón
horoscopo horóscopo
horoscopos horóscopos
horrifica horrífica
horrificas horríficas
horrifico horrífico
horrificos horríficos
horrisona horrísona
horrisonas horrísonas
horrisono horrísono
horrisonos horrísonos
hosteleria hostelería
hostelerias hostelerías
hosteria hostería
hosterias hosterías
hostíl hostil
hoteleria hotelería
hotelerias hotelerías
hsta hasta
hualañe hualañé
huancaina huancaína
huancainas huancaínas
huancaino huancaíno
huancainos huancaínos
hubicacion ubicación
hubicaciones ubicaciones
hubicación ubicación
hubican ubican
hubicandola ubicándola
hubicandolas ubicándolas
hubicandole ubicándole
hubicandoles ubicándoles
hubicandolo ubicándolo
hubicandolos ubicándolos
hubicandose ubicándose
hubicar ubicar
hubicándola ubicándola
hubicándolas ubicándolas
hubicándole ubicándole
hubicándoles ubicándoles
hubicándolo ubicándolo
hubicándolos ubicándolos
hubicándose ubicándose
hubieramos hubiéramos
huelgista huelguista
huelgistas huelguistas
huerfama huérfana
huerfamas huérfanas
huerfamo huérfano
huerfamos huérfanos
huerfana huérfana
huerfanas huérfanas
huerfano huérfano
huerfanos huérfanos
huesped huésped
huespeda huéspeda
huespedas huéspedas
huespedes huéspedes
humadera humareda
humaderas humaredas
humanistica humanística
humanisticas humanísticas
humanistico humanístico
humanisticos humanísticos
humanizacion humanización
humectacion humectación
humeda húmeda
humedada humedad
humedas húmedas
humedo húmedo
humedos húmedos
humidificacion humidificación
humificacion humificación
humoristica humorística
humoristicas humorísticas
humoristico humorístico
humoristicos humorísticos
humorísta humorista
humorístas humoristas
hundio hundió
hundira hundirá
hungara húngara
hungaras húngaras
hungaro húngaro
hungaros húngaros
hungria hungría
huracan huracán
huri hurí
huries huríes
hurna urna
hurnas urnas
huron hurón
huyo huyó
huérfama huérfana
huérfamas huérfanas
huérfamo huérfano
huérfamos huérfanos
huí hui
huída huida
huídas huidas
huído huido
huídos huidos
huís huis
hya hay
hábeas habeas
hábitad hábitat
hácia hacia
hámsters hámsteres
hámter hámster
hámteres hámsteres
hámters hámsteres
hé he
héctarea hectárea
héctareas hectáreas
hégida égida
hóckey hockey
hómonima homónima
hómonimas homónimas
hómonimo homónimo
hómonimos homónimos
iatrogenica iatrogénica
iatrogenicas iatrogénicas
iatrogenico iatrogénico
iatrogenicos iatrogénicos
ibadan ibadán
ibamos íbamos
ibañez ibáñez
iberica ibérica
ibericas ibéricas
iberico ibérico
ibericos ibéricos
icnografia icnografía
icnografias icnografías
iconica icónica
iconicas icónicas
iconico icónico
iconicos icónicos
iconografia iconografía
iconografias iconografías
iconografica iconográfica
iconograficas iconográficas
iconografico iconográfico
iconograficos iconográficos
icorporaron incorporaron
icorporarón incorporaron
icterica ictérica
ictericas ictéricas
icterico ictérico
ictericos ictéricos
icóno icono
icónos iconos
idelfonso ildefonso
idem ídem
idems ídems
identación indentación
identica idéntica
identicas idénticas
identico idéntico
identicos idénticos
identificacion identificación
ideologia ideología
ideologias ideologías
ideologica ideológica
ideologicamente ideológicamente
ideologicas ideológicas
ideologico ideológico
ideologicos ideológicos
ideosincracia idiosincrasia
ideosincracias idiosincrasias
ideosincrasia idiosincrasia
ideosincrasias idiosincrasias
idetnificada identificada
idetnificadas identificadas
idetnificado identificado
idetnificados identificados
idiologia ideología
idiologias ideologías
idiología ideología
idiologías ideologías
idiosincracia idiosincrasia
idiosincracias idiosincrasias
idolatria idolatría
idolatrias idolatrías
idolatrica idolátrica
idolatricas idolátricas
idolatrico idolátrico
idolatricos idolátricos
idolo ídolo
idolologia idolología
idolologias idolologías
idolos ídolos
idoma idioma
idomas idiomas
idonea idónea
idoneas idóneas
idoneo idóneo
idoneos idóneos
idustrial industrial
iglesía iglesia
iglesías iglesias
iglu iglú
iglues iglúes
iglus iglús
ignauguro inauguró
ignauguró inauguró
ignea ígnea
igneas ígneas
igneo ígneo
igneos ígneos
ignifuga ignífuga
ignifugas ignífugas
ignifugo ignífugo
ignifugos ignífugos
ignografia ignografía
ignografias ignografías
igualemente igualmente
igualemte igualmente
igualidad igualdad
iguazu iguazú
ilegitima ilegítima
ilegitimas ilegítimas
ilegitimo ilegítimo
ilegitimos ilegítimos
ileon íleon
ilicita ilícita
ilicitas ilícitas
ilicito ilícito
ilicitos ilícitos
illustrada ilustrada
illustradas ilustradas
illustrado ilustrado
illustrados ilustrados
ilucion ilusión
ilucionada ilusionada
ilucionadas ilusionadas
ilucionado ilusionado
ilucionados ilusionados
ilución ilusión
ilustada ilustrada
ilustadas ilustradas
ilustado ilustrado
ilustados ilustrados
ilustarcion ilustración
ilustarciones ilustraciones
ilustracciones ilustraciones
ilustracción ilustración
ilustracion ilustración
ilustrasion ilustración
ilustrasión ilustración
imagenes imágenes
imaginacion imaginación
imagineria imaginería
imaginerias imaginerías
imagén imagen
imagénes imágenes
imbensible invencible
imigrante inmigrante
imigrantes inmigrantes
immigrante inmigrante
immigrantes inmigrantes
immortalidad inmortalidad
immunosupresor inmunosupresor
immunosupresora inmunosupresora
immunosupresoras inmunosupresoras
immunosupresores inmunosupresores
imnumerables innumerables
impavida impávida
impavidas impávidas
impavido impávido
impavidos impávidos
impedimiento impedimento
impementan implementan
impementar implementar
impementas implementas
impermeabilizacion impermeabilización
imperterrita impertérrita
imperterritas impertérritas
imperterrito impertérrito
imperterritos impertérritos
impescindible imprescindible
impescindibles imprescindibles
impetu ímpetu
impetus ímpetus
implementacion implementación
implicacion implicación
implorarón imploraron
impolitica impolítica
impoliticamente impolíticamente
impoliticas impolíticas
impolitico impolítico
impoliticos impolíticos
importacion importación
importasion importación
importasión importación
importate importante
imposiblidad imposibilidad
imposiblidades imposibilidades
imprecacion imprecación
imprecindible imprescindible
imprecindibles imprescindibles
imprecision imprecisión
imprensonista impresionista
imprensonistas impresionistas
imprimacion imprimación
impudica impúdica
impudicas impúdicas
impudico impúdico
impudicos impúdicos
impugnacion impugnación
impurificacion impurificación
impusó impuso
impérial imperial
imágen imagen
inabilitada inhabilitada
inabilitadas inhabilitadas
inabilitado inhabilitado
inabilitados inhabilitados
inacesible inaccesible
inacesibles inaccesibles
inagura inaugura
inaguración inauguración
inagurada inaugurada
inaguradas inauguradas
inagurado inaugurado
inagurados inaugurados
inagural inaugural
inagurando inaugurando
inagurar inaugurar
inaguro inauguró
inaguró inauguró
inalambrica inalámbrica
inalambricas inalámbricas
inalambrico inalámbrico
inalambricos inalámbricos
inalinaeble inalienable
inalineable inalienable
inanime inánime
inanimes inánimes
inaugracion inauguración
inaugración inauguración
inauguracion inauguración
inauguro inauguró
incapas incapaz
incapases incapaces
incapie hincapié
incapié hincapié
incautacion incautación
inchada hinchada
inchadas hinchadas
inchado hinchado
inchados hinchados
inchar hinchar
incia inicia
inciaba iniciaba
inciaban iniciaban
inciada iniciada
inciadas iniciadas
inciado iniciado
inciados iniciados
incial inicial
inciales iniciales
incialmente inicialmente
incian inician
inciando iniciando
inciandola iniciándola
inciandolas iniciándolas
inciandole iniciándole
inciandoles iniciándoles
inciandolo iniciándolo
inciandolos iniciándolos
inciandose iniciándose
inciar iniciar
inciara iniciara
inciaran iniciaran
inciaron iniciaron
inciativa iniciativa
inciativas iniciativas
incieso incienso
inciio inicio
incineracion incineración
incio inicio
incios inicios
incision incisión
inciándola iniciándola
inciándolas iniciándolas
inciándole iniciándole
inciándoles iniciándoles
inciándolo iniciándolo
inciándolos iniciándolos
inciándose iniciándose
inció inició
inclucion inclusión
inclución inclusión
incluia incluía
incluio incluyó
incluió incluyó
inclusion inclusión
inclusó incluso
incluyo incluyó
incluyía incluía
incluída incluida
incluídas incluidas
incluído incluido
incluídos incluidos
incluír incluir
inclyendo incluyendo
incognita incógnita
incognitas incógnitas
incognito incógnito
incognitos incógnitos
incolume incólume
incolumes incólumes
incomodas incómodas
incomodo incómodo
inconciente inconsciente
inconcientes inconscientes
inconita incógnita
inconitas incógnitas
inconito incógnito
inconitos incógnitos
inconsiente inconsciente
inconsientes inconscientes
incontitucionalidad inconstitucionalidad
incopora incorpora
incoporada incorporada
incoporadas incorporadas
incoporado incorporado
incoporados incorporados
incoporan incorporan
incoporar incorporar
incoporara incorporara
incoporaran incorporaran
incoporaron incorporaron
incoporarse incorporarse
incoporó incorporó
incorporacion incorporación
incorporandose incorporándose
incorporo incorporó
incostitucionalidad inconstitucionalidad
incoveniente inconveniente
incovenientes inconvenientes
increible increíble
increiblemente increíblemente
increibles increíbles
incrementadola incrementándola
incrementadolas incrementándolas
incrementadole incrementándole
incrementadoles incrementándoles
incrementadolo incrementándolo
incrementadolos incrementándolos
incrementadome incrementándome
incrementadose incrementándose
incrementadote incrementándote
incremetando incrementando
incremetar incrementar
incremetaron incrementaron
incremetarían incrementarían
incremtnra incrementa
incripción inscripción
incrustacion incrustación
incubacion incubación
incursion incursión
incustracion incrustación
incustraciones incrustaciones
incustración incrustación
incustrada incrustada
incustradas incrustadas
incustrado incrustado
incustrados incrustados
incustran incrustan
incuyendo incluyendo
incónita incógnita
incónitas incógnitas
incónito incógnito
incónitos incógnitos
indagacion indagación
indecision indecisión
indemnizacion indemnización
indentacion hendidura
indentaciones hendiduras
indentación hendidura
indentaciónes hendiduras
indentidad identidad
indentidades identidades
indentifican identifican
indentificar identificar
independiencia independencia
independiencias independencias
independientista independentista
independientistas independentistas
independista independentista
independistas independentistas
independizo independizó
indianapolis indianápolis
indianes indianés
indicacion indicación
indiccion indicción
indice índice
indices índices
indico índico
indigena indígena
indigenas indígenas
indigienas indígenas
indigienista indigenista
indigienistas indigenistas
indisposicion indisposición
indivíduo individuo
indivíduos individuos
indole índole
indoles índoles
induccion inducción
inducieron indujeron
inducio indujo
indució indujo
industra industria
industral industrial
industras industrias
industrializacion industrialización
industría industria
industrías industrias
indú hindú
inedita inédita
ineditas inéditas
inedito inédito
ineditos inéditos
inequivoca inequívoca
inequivocas inequívocas
inequivoco inequívoco
inequivocos inequívocos
ines inés
infamacion infamación
infanteria infantería
infanterias infanterías
infeccion infección
infectólga infectóloga
infectólgo infectólogo
infernaculo infernáculo
infernaculos infernáculos
infima ínfima
infimas ínfimas
infimo ínfimo
infimos ínfimos
inflaccion inflación
inflacción inflación
inflacion inflación
inflamacion inflamación
inflijida infligida
inflijidas infligidas
inflijido infligido
inflijidos infligidos
inflijiendo infligiendo
inflijir infligir
inflijió infligió
inflingida infligida
inflingidas infligidas
inflingido infligido
inflingidos infligidos
inflingiendo infligiendo
inflingir infligir
inflingirle infligirle
inflingirles infligirles
inflingió infligió
inflinjida infligida
inflinjidas infligidas
inflinjido infligido
inflinjidos infligidos
inflinjiendo infligiendo
inflinjir infligir
inflitra infiltra
inflitracion infiltración
inflitraciones infiltraciones
inflitración infiltración
inflitrada infiltrada
inflitradas infiltradas
inflitrado infiltrado
inflitrados infiltrados
inflitran infiltran
inflitrar infiltrar
inflitraron infiltraron
inflitrarse infiltrarse
inflitro infiltró
inflitró infiltró
influecia influencia
influecias influencias
influenciar influir
influída influida
influídas influidas
influído influido
influídos influidos
infografia infografía
infografias infografías
informacion información
informatibo informativo
informatibos informativos
informatica informática
informaticamente informáticamente
informaticas informáticas
informatico informático
informaticos informáticos
infracion infracción
infraestuctura infraestructura
infraestucturas infraestructuras
infraroja infrarroja
infrarojas infrarrojas
infrarojo infrarrojo
infrarojos infrarrojos
infrastructura infraestructura
infrestructura infraestructura
infrestructuras infraestructuras
infucion infusión
infución infusión
infula ínfula
infulas ínfulas
infundiendola infundiéndola
infundiendolas infundiéndolas
infundiendole infundiéndole
infundiendoles infundiéndoles
infundiendolo infundiéndolo
infundiendolos infundiéndolos
infusion infusión
ingeneria ingeniería
ingenerias ingenierías
ingenería ingeniería
ingenerías ingenierías
ingenieria ingeniería
ingenierias ingenierías
ingenierio ingeniero
ingenierios ingenieros
ingerencia injerencia
ingerencias injerencias
ingestion ingestión
ingles inglés
inglésa inglesa
inglésas inglesas
ingléses ingleses
ingnoraba ignoraba
ingnoraban ignoraban
ingnorabas ignorabas
ingés inglés
inhalambrico inalámbrico
inhalámbrico inalámbrico
inhibicion inhibición
inhospita inhóspita
inhospitas inhóspitas
inhospito inhóspito
inhospitos inhóspitos
inica inicia
inical inicial
inicalmente inicialmente
inicar iniciar
iniciandola iniciándola
iniciandolas iniciándolas
iniciandole iniciándole
iniciandoles iniciándoles
iniciandolo iniciándolo
iniciandolos iniciándolos
iniciandome iniciándome
iniciandose iniciándose
iniciandote iniciándote
ininterumpida ininterrumpida
ininterumpidas ininterrumpidas
ininterumpido ininterrumpido
ininterumpidos ininterrumpidos
inlcuso incluso
inlcuye incluye
inlcuyendo incluyendo
inmaginación imaginación
inmaginar imaginar
inmagínate imagínate
inmendiaciones inmediaciones
inmersion inmersión
inmigracción inmigración
inmigracion inmigración
inmobilizarán inmovilizarán
inmotalidad inmortalidad
inmovil inmóvil
inmunoanalisis inmunoanálisis
inmunologia inmunología
inmunologias inmunologías
inmunologica inmunológica
inmunologicas inmunológicas
inmunologico inmunológico
inmunologicos inmunológicos
innodoro inodoro
innodoros inodoros
innovacion innovación
inospita inhóspita
inospitalaria inhospitalaria
inospitalarias inhospitalarias
inospitalario inhospitalario
inospitalarios inhospitalarios
inospitas inhóspitas
inospito inhóspito
inospitos inhóspitos
inovación innovación
inpolitica impolítica
inpoliticamente impolíticamente
inpoliticas impolíticas
inpolitico impolítico
inpoliticos impolíticos
inprobable improbable
inrrenconciliable irreconciliable
inrrenconciliables irreconciliables
insalivacion insalivación
inscripcion inscripción
inscrustacion incrustación
inscrustaciones incrustaciones
inscrustación incrustación
insectivoras insectívoras
insectivoro insectívoro
insectivoros insectívoros
inseminacion inseminación
insercción inserción
inserruccion insurrección
insfraestructura infraestructura
insfraestructuras infraestructuras
insinua insinúa
insinuan insinúan
insinuas insinúas
insinue insinúe
insinuen insinúen
insinuo insinuó
insipida insípida
insipidas insípidas
insipido insípido
insipidos insípidos
insite incite
insiten inciten
insites incites
insitución institución
inspiracion inspiración
instalacion instalación
instalo instaló
instantanea instantánea
instantaneamente instantáneamente
instantaneas instantáneas
instantaneo instantáneo
instantaneos instantáneos
instigacion instigación
instilacion instilación
institucion institución
instituiciones instituciones
instituición institución
instituo instituto
instituos institutos
instituída instituida
instituídas instituidas
instituído instituido
instituídos instituidos
instruccion instrucción
instrucciónes instrucciones
instrutor instructor
instrutora instructora
instrutoras instructoras
instrutores instructores
insufuciencia insuficiencia
insufuciencias insuficiencias
insurreccion insurrección
insurrecion insurrección
insurreción insurrección
intantanea instantánea
intantaneas instantáneas
intantaneo instantáneo
intantaneos instantáneos
intantánea instantánea
intantáneas instantáneas
intantáneo instantáneo
intantáneos instantáneos
integerrima integérrima
integerrimas integérrimas
integerrimo integérrimo
integerrimos integérrimos
integracion integración
integramente íntegramente
integranre integrante
integranres integrantes
integrisima integrísima
integrisimas integrísimas
integrisimo integrísimo
integrisimos integrísimos
integro íntegro
intencion intención
intension intención
intensión intención
intentaria intentaría
intepreta interpreta
intepretaron interpretaron
inteprete intérprete
intepretes intérpretes
interaccion interacción
interacion interacción
interación interacción
interactua interactúa
interactuan interactúan
intercesion intercesión
interelacion interrelación
interelacionada interrelacionada
interelacionadas interrelacionadas
interelacionado interrelacionado
interelacionados interrelacionados
interes interés
interface interfaz
interferon interferón
interfáz interfaz
interin ínterin
interjeccion interjección
intermiediaria intermediaria
intermiediarias intermediarias
intermiediario intermediario
intermiediarios intermediarios
interogante interrogante
interogantes interrogantes
interperie intemperie
interperies intemperies
interposicion interposición
interpretacion interpretación
interpretarón interpretaron
interprete intérprete
interpretes intérpretes
interpreto interpretó
interrelacion interrelación
interrumpio interrumpió
interrupcion interrupción
interseccion intersección
intersecta interseca
intersectaba intersecaba
intersectada intersecada
intersectadas intersecada
intersectado intersecado
intersectados intersecado
intersectan intersecan
intersectando intersecando
intersectandose intersecándose
intersectar intersecar
intersectaran intersecarán
intersectaron intersecaron
intersectarse intersecarse
intersectarán intersecarán
intersecto intersecó
intersectándose intersecándose
interstatal interestatal
interstatales interestatales
intervencion intervención
intervinó intervino
interviu interviú
intervius interviús
intimamente íntimamente
intrados intradós
intrepida intrépida
intrepidas intrépidas
intrepido intrépido
intrepidos intrépidos
intrepreta interpreta
intrepretaba interpretaba
intrepretaciones interpretaciones
intrepretación interpretación
intrepretada interpretada
intrepretadas interpretadas
intrepretado interpretado
intrepretados interpretados
intrepretan interpretan
intrepretando interpretando
intrepretar interpretar
intrepretaron interpretaron
intrepretaría interpretaría
intrepretarías interpretarías
intrepretativas interpretativas
intrepretó interpretó
intrigulis intríngulis
intringulis intríngulis
intrinseca intrínseca
intrinsecamente intrínsecamente
intrinsecas intrínsecas
intrinseco intrínseco
intrinsecos intrínsecos
intrinsica intrínseca
intrinsicamente intrínsecamente
intrinsicas intrínsecas
intrinsico intrínseco
intrinsicos intrínsecos
introduccion introducción
introducieron introdujeron
introducio introdujo
introducion introducción
introdució introdujo
introdución introducción
introducí introduje
introdujó introdujo
intromision intromisión
intrucción instrucción
intrígulis intríngulis
intrínsica intrínseca
intrínsicamente intrínsecamente
intrínsicas intrínsecas
intrínsico intrínseco
intrínsicos intrínsecos
intuicion intuición
intéprete intérprete
intépretes intérpretes
intéres interés
intérvalo intervalo
intérvalos intervalos
inumerable innumerable
inumerables innumerables
inutil inútil
inutiles inútiles
invadio invadió
invalido inválido
invasion invasión
invenciblidad invencibilidad
invencion invención
invencivilidad invencibilidad
invensible invencible
invensibles invencibles
inverosimil inverosímil
inversion inversión
invertió invirtió
investigacion investigación
investigaciónes investigaciones
involucro involucró
inyeccion inyección
inícia inicia
inóspita inhóspita
inóspitas inhóspitas
inóspito inhóspito
inóspitos inhóspitos
ionica iónica
ionicas iónicas
ionico iónico
ionicos iónicos
iraki iraquí
irakies iraquíes
irakis iraquís
irakí iraquí
irakíes iraquíes
irakís iraquís
iran irán
irani iraní
iranies iraníes
iranis iraníes
iranís iraníes
iraqui iraquí
iraquies iraquíes
iraquis iraquíes
iraquís iraquíes
ire iré
irenica irénica
irenicas irénicas
irenico irénico
irenicos irénicos
iria iría
irian irían
irias irías
iridacea iridácea
iridaceas iridáceas
iridaceo iridáceo
iridaceos iridáceos
iridodialisis iridodiálisis
iridologa iridóloga
iridologas iridólogas
iridologia iridología
iridologias iridologías
iridologo iridólogo
iridologos iridólogos
irlandes irlandés
ironia ironía
ironian ironían
ironias ironías
ironicamente irónicamente
irrenconciliable irreconciliable
irrenconciliables irreconciliables
irrision irrisión
isagogica isagógica
isagogicas isagógicas
isagogico isagógico
isagogicos isagógicos
isaias isaías
isavel isabel
isfahan isfahán
isiste hiciste
islamica islámica
islamicas islámicas
islamico islámico
islamicos islámicos
islandes islandés
isobarica isobárica
isobaricas isobáricas
isobarico isobárico
isobaricos isobáricos
isobata isóbata
isobatas isóbatas
isobatica isobática
isobaticas isobáticas
isobatico isobático
isobaticos isobáticos
isocrates isócrates
isocrona isócrona
isocronas isócronas
isocronia isocronía
isocronias isocronías
isocrono isócrono
isocronos isócronos
isofona isófona
isofonas isófonas
isofono isófono
isofonos isófonos
isogona isógona
isogonas isógonas
isogono isógono
isogonos isógonos
isometrica isométrica
isometricas isométricas
isometrico isométrico
isometricos isométricos
isoscele isósceles
isosceles isósceles
isotonica isotónica
isotonicas isotónicas
isotonico isotónico
isotonicos isotónicos
isotopica isotópica
isotopicas isotópicas
isotopico isotópico
isotopicos isotópicos
isotropia isotropía
isotropias isotropías
ispahan isfahán
isquierda izquierda
israeli israelí
israelies israelíes
istalacion instalación
istanbul estambul
isteria histeria
isterias histerias
isterica histérica
istericas histéricas
isterico histérico
istericos histéricos
istérica histérica
istéricas histéricas
istérico histérico
istéricos histéricos
isóscele isósceles
item ítem
items ítems
ito hito
itos hitos
itsmo istmo
itsmos istmos
ivan iván
iztaccihuatl iztaccíhuatl
ión ion
jabalcon jabalcón
jabali jabalí
jabalies jabalíes
jabalis jabalís
jabon jabón
jaboneria jabonería
jabonerias jabonerías
jacara jácara
jacarandaes jacarandás
jacarandáes jacarandás
jacaras jácaras
jacaro jácaro
jacaros jácaros
jaen jaén
jaguey jagüey
jakarta yakarta
jaliciense jalisciense
jaliscience jalisciense
jalisciences jaliscienses
jamom jamón
jamon jamón
jamóm jamón
japon japón
japones japonés
jardin jardín
jardineria jardinería
jardinerias jardinerías
jardínes jardines
jarkov járkov
jarron jarrón
javian javián
jehova jehová
jeneral general
jenerales generales
jengivre jengibre
jenin yenín
jenjibre jengibre
jenjivre jengibre
jente gente
jentes gentes
jeográfico geográfico
jerarquia jerarquía
jerarquias jerarquías
jerarquica jerárquica
jerarquicamente jerárquicamente
jerarquicas jerárquicas
jerarquico jerárquico
jerarquicos jerárquicos
jerarquizacion jerarquización
jeremias jeremías
jerico jericó
jerifalte gerifalte
jersei jersey
jerseis jerséis
jerseises jerséis
jerseys jerséis
jerséi jersey
jerséises jerséis
jerséys jerséis
jerusalem jerusalén
jerusalen jerusalén
jeréz jerez
jesuitica jesuítica
jesuiticas jesuíticas
jesuitico jesuítico
jesuiticos jesuíticos
jesus jesús
jesúita jesuita
jesúitas jesuitas
jibara jíbara
jibaras jíbaras
jibaro jíbaro
jibaros jíbaros
jimenez jiménez
jinense jienense
jinenses jienenses
jivara jíbara
jivaras jíbaras
jivaro jíbaro
jivaros jíbaros
joaquin joaquín
johanesburgo johannesburgo
jonica jónica
jonicas jónicas
jonico jónico
jonicos jónicos
jonron jonrón
jonrónes jonrones
jorje jorge
jose josé
jovenes jóvenes
jovén joven
jovénes jóvenes
joyeria joyería
joyerias joyerías
juanto junto
juarez juárez
jubeteria jubetería
jubeterias jubeterías
jubilacion jubilación
jubilo júbilo
juchitan juchitán
judaismo judaísmo
judaismos judaísmos
judaizacion judaización
judeo judío
judeos judíos
juderia judería
juderias juderías
judia judía
judias judías
judicializacion judicialización
judio judío
judios judíos
judoka judoca
judokas judocas
juegaba jugaba
juegaban jugaban
juegada jugada
juegadas jugadas
juegado jugado
juegados jugados
juegando jugando
juegar jugar
juegara jugara
juegaran jugaran
juegaron jugaron
juege juegue
juegen jueguen
juegó jugó
jugan juegan
jugete juguete
jugeteo jugueteo
jugeteria juguetería
jugeterias jugueterías
jugetería juguetería
jugeterías jugueterías
jugetes juguetes
jugeuteria juguetería
jugeuterias jugueterías
jugueria juguería
juguerias juguerías
jugueteria juguetería
jugueterias jugueterías
jugueton juguetón
junin junín
junior júnior
jupiter júpiter
jurasica jurásica
jurasicas jurásicas
jurasico jurásico
jurasicos jurásicos
juridica jurídica
juridicas jurídicas
juridico jurídico
juridicos jurídicos
jurisdiccion jurisdicción
jurisdicional jurisdiccional
jurisdicionales jurisdiccionales
jurisdición jurisdicción
jurisidiccional jurisdiccional
jurísta jurista
jusgado juzgado
jusgados juzgados
jusgar juzgar
jusgase juzgase
justificacion justificación
juán juan
jívara jíbara
jívaras jíbaras
jívaro jíbaro
jívaros jíbaros
jóven joven
júpiteres jupíteres
jústamente justamente
kabalistica cabalística
kabalisticas cabalísticas
kabalistico cabalístico
kabalisticos cabalísticos
kabalística cabalística
kabalísticas cabalísticas
kabalístico cabalístico
kabalísticos cabalísticos
kampuchea camboya
kaqui caqui
kaquis caquis
karstica kárstica
karsticas kársticas
karstico kárstico
karsticos kársticos
kathmandu katmandú
katmandu katmandú
kayac kayak
kayacs kayaks
kazagistan kazajistán
kazagistán kazajistán
kazajistan kazajistán
kazajstan kazajistán
kazajstán kazajistán
kazakhstan kazajistán
ke que
kefir kéfir
kefires kéfires
kendō kendo
kenya kenia
kenyata keniata
kenyatas keniatas
kermes kermés
kerosen queroseno
kgr kg
kgrm kg
kgrms kg
kgrs kg
khabarovsk jabárovsk
kharkiv járkov
kharkov járkov
khartoum jartum
kherson jersón
khmer jemer
kibbutz kibutz
kilate quilate
kiliarea kiliárea
kiliareas kiliáreas
kilocaloria kilocaloría
kilocalorias kilocalorías
kilogrametro kilográmetro
kilogrametros kilográmetros
kilometrica kilométrica
kilometricas kilométricas
kilometrico kilométrico
kilometricos kilométricos
kilometro kilómetro
kilometros kilómetros
kilométro kilómetro
kilométros kilómetros
kiloton kilotón
kilowatio kilovatio
kilowatios kilovatios
kilowatt kilovatio
kilowatts kilovatios
kilómetrica kilométrica
kilómetricas kilométricas
kilómetrico kilométrico
kilómetricos kilométricos
kinesiologa kinesióloga
kinesiologas kinesiólogas
kinesiologia kinesiología
kinesiologias kinesiologías
kinesiologica kinesiológica
kinesiologicas kinesiológicas
kinesiologico kinesiológico
kinesiologicos kinesiológicos
kinesiologo kinesiólogo
kinesiologos kinesiólogos
kinesioterapica kinesioterápica
kinesioterapicas kinesioterápicas
kinesioterapico kinesioterápico
kinesioterapicos kinesioterápicos
kinyaruanda kiñaruanda
kinyarwanda kiñaruanda
kiosko kiosco
kioskos quioscos
kipa kipá
kipas kipás
kirguistan kirguistán
kms km
kmts km
korea corea
koreana coreana
koreanas coreanas
koreano coreano
koreanos coreanos
koreas coreas
kungfu kungfú
kurdistan kurdistán
kuwaiti kuwaití
kuwaities kuwaitíes
kyrgyzstan kirguistán
label discográfica
laberintica laberíntica
laberinticas laberínticas
laberintico laberíntico
laberinticos laberínticos
labiernago labiérnago
labiernagos labiérnagos
laboratorío laboratorio
laboratoríos laboratorios
laconica lacónica
laconicas lacónicas
laconico lacónico
laconicos lacónicos
lacrimogena lacrimógena
lacrimogenas lacrimógenas
lacrimogeno lacrimógeno
lacrimogenos lacrimógenos
lactea láctea
lacteas lácteas
lacteo lácteo
lacteos lácteos
lactica láctica
lacticas lácticas
lactico láctico
lacticos lácticos
ladano ládano
ladanos ládanos
ladron ladrón
lagrima lágrima
lagrimas lágrimas
lagrimogena lacrimógena
lagrimogenas lacrimógenas
lagrimogeno lacrimógeno
lagrimogenos lacrimógenos
lagrimon lagrimón
lagunerio lagunerío
lagunerios laguneríos
lairen lairén
lamentamente lamentablemente
lamina lámina
lampara lámpara
lamparas lámparas
langostin langostín
langoston langostón
languida lánguida
languidas lánguidas
languido lánguido
languidos lánguidos
lanus lanús
lanzadó lanzado
lanzagrandas lanzagranadas
lanzamiendo lanzamiento
lanzamiendos lanzamientos
lanzo lanzó
lapices lápices
lapida lápida
lapidas lápidas
lapislazuli lapislázuli
lapislazulis lapislázulis
lapiz lápiz
laringea laríngea
laringeas laríngeas
laringeo laríngeo
laringeos laríngeos
laringologa laringóloga
laringologas laringólogas
laringologo laringólogo
laringologos laringólogos
laser láser
lasers láseres
lastimandola lastimándola
lastimandolas lastimándolas
lastimandole lastimándole
lastimandoles lastimándoles
lastimandolo lastimándolo
lastimandolos lastimándolos
lastimandose lastimándose
latex látex
latigo látigo
latigos látigos
latin latín
latinoamerica latinoamérica
latinoámerica latinoamérica
latvia letonia
latvijas letonia
latvio letón
laud laúd
lauracea laurácea
lauraceas lauráceas
lauraceo lauráceo
lauraceos lauráceos
lays layes
lazaro lázaro
leaee léase
leanse léanse
leasa léase
lease léase
leasé léase
leccion lección
lecciónes lecciones
leds ledes
legacia legacía
legacias legacías
legacion legación
legandario legendario
legandarios legendarios
legion legión
legislacion legislación
legitimacion legitimación
legitimiza legitima
legitimizaba legitimaba
legitimizacion legitimación
legitimizaciones legitimaciones
legitimización legitimación
legitimizada legitimada
legitimizadas legitimadas
legitimizado legitimado
legitimizador legitimador
legitimizadora legitimadora
legitimizadoras legitimadoras
legitimizadores legitimadores
legitimizados legitimados
legitimizando legitimando
legitimizar legitimar
legitimizarla legitimarla
legitimizarlas legitimarlas
legitimizarlo legitimarlo
legitimizarlos legitimarlos
legitimizarse legitimarse
legitimizó legitimó
leguaje lenguaje
leguajes lenguajes
legítimizaran legitimaran
leida leída
leidas leídas
leido leído
leidos leídos
lellendola leyéndola
lellendolas leyéndolas
lellendole leyéndole
lellendoles leyéndoles
lellendolo leyéndolo
lellendolos leyéndolos
lellendose leyéndose
lelléndola leyéndola
lelléndolas leyéndolas
lelléndole leyéndole
lelléndoles leyéndoles
lelléndolo leyéndolo
lelléndolos leyéndolos
lelléndose leyéndose
lemur lémur
lemures lémures
lengueta lengüeta
lenguetas lengüetas
leon león
lepidoptero lepidóptero
lepidopteros lepidópteros
lesbica lésbica
lesbicas lésbicas
lesbico lésbico
lesbicos lésbicos
lesgilación legislación
lesgilador legislador
lesgiladores legisladores
lesion lesión
lesotho lesoto
leton letón
letonias letonas
letonio letón
letonios letones
levanto levantó
lexica léxica
lexicalizacion lexicalización
lexicas léxicas
lexico léxico
lexicografa lexicógrafa
lexicografas lexicógrafas
lexicografia lexicografía
lexicografias lexicografías
lexicografica lexicográfica
lexicograficas lexicográficas
lexicografico lexicográfico
lexicograficos lexicográficos
lexicografo lexicógrafo
lexicografos lexicógrafos
lexicologa lexicóloga
lexicologas lexicólogas
lexicologia lexicología
lexicologias lexicologías
lexicologica lexicológica
lexicologicas lexicológicas
lexicologico lexicológico
lexicologicos lexicológicos
lexicologo lexicólogo
lexicologos lexicólogos
lexicos léxicos
leys leyes
leánse léanse
leáse léase
libano líbano
libelatica libelática
libelaticas libeláticas
libelatico libelático
libelaticos libeláticos
libelula libélula
libelulas libélulas
liberacion liberación
liberacíon liberación
liberrima libérrima
liberrimas libérrimas
liberrimo libérrimo
liberrimos libérrimos
libreria librería
librerias librerías
licanten licantén
licantropa licántropa
licantropas licántropas
licantropia licantropía
licantropo licántropo
licantropos licántropos
licensia licencia
licensias licencias
licitacion licitación
licuefaccion licuefacción
licuefacion licuefacción
licuefación licuefacción
lider líder
lideres líderes
liezo lienzo
liezos lienzos
ligéramente ligeramente
liliacea liliácea
liliaceas liliáceas
liliaceo liliáceo
liliaceos liliáceos
lilongue lilongüe
lilongwe lilongüe
limitacion limitación
limite límite
limites límites
limitrofe limítrofe
limitrofes limítrofes
limon limón
limpida límpida
limpido límpido
linea línea
lineas líneas
linfatica linfática
linfaticas linfáticas
linfatico linfático
linfaticos linfáticos
linguista lingüista
linguistas lingüistas
linguistica lingüística
linguisticas lingüísticas
linguistico lingüístico
linguisticos lingüísticos
linguísta lingüista
linguístas lingüistas
linguística lingüística
linguísticas lingüísticas
linguístico lingüístico
linguísticos lingüísticos
lingüistica lingüística
lingüisticas lingüísticas
lingüistico lingüístico
lingüisticos lingüísticos
lingüísta lingüista
lingüístas lingüistas
linia línea
linias líneas
link enlace
links enlaces
liones lionés
lios líos
lipidica lipídica
lipidicas lipídicas
lipidico lipídico
lipidicos lipídicos
lipido lípido
lipidos lípidos
lipolisis lipólisis
lipoproteina lipoproteína
lipoproteinas lipoproteínas
liquenes líquenes
liquida líquida
liquidas líquidas
liquido líquido
liquidos líquidos
lirbo libro
lirbos libros
lirica lírica
liricas líricas
lirico lírico
liricos líricos
liron lirón
lisergica lisérgica
lisergicas lisérgicas
lisergico lisérgico
lisergicos lisérgicos
liston listón
listoneria listonería
listonerias listonerías
litografa litógrafa
litografas litógrafas
litografia litografía
litografias litografías
litografo litógrafo
litografos litógrafos
liturgica litúrgica
liturgicas litúrgicas
liturgico litúrgico
liturgicos litúrgicos
livida lívida
lividas lívidas
livido lívido
lividos lívidos
lixiviacion lixiviación
liáis liais
lié lie
liéis lieis
lió lio
llado llamado
llamandola llamándola
llamandolas llamándolas
llamandole llamándole
llamandoles llamándoles
llamandolo llamándolo
llamandolos llamándolos
llamandose llamándose
llamarón llamaron
llamda llamada
llamdas llamadas
llamdo llamado
llamdos llamados
llanten llantén
lleba lleva
llebaba llevaba
llebaban llevaban
lleban llevan
llebar llevar
llebarsela llevársela
llebarselas llevárselas
llebarselo llevárselo
llebarselos llevárselos
llebava llevaba
llebavan llevaban
llebo llevó
llebársela llevársela
llebárselas llevárselas
llebárselo llevárselo
llebárselos llevárselos
llegaria llegaría
llegarias llegarías
llegarón llegaron
llege llegue
llegemos lleguemos
llegen lleguen
lleges llegues
llego llegó
llema yema
llemas yemas
llendo yendo
llevandola llevándola
llevandolas llevándolas
llevandole llevándole
llevandoles llevándoles
llevandolo llevándolo
llevandolos llevándolos
llevandose llevándose
llevarsela llevársela
llevarselas llevárselas
llevarselo llevárselo
llevarselos llevárselos
llevarón llevaron
llevava llevaba
llevavan llevaban
llevo llevó
lloron llorón
lléndose yéndose
lobbista lobista
lobbistas lobistas
lobbyista lobista
lobbyistas lobistas
lobbysta lobista
lobbystas lobistas
lobrega lóbrega
lobregas lóbregas
lobrego lóbrego
lobregos lóbregos
lobulo lóbulo
lobulos lóbulos
localida localidad
localizacion localización
locomocion locomoción
locomovil locomóvil
locucion locución
logica lógica
logicamente lógicamente
logicas lógicas
logico lógico
logicos lógicos
logistica logística
logisticas logísticas
logistico logístico
logisticos logísticos
logitud longitud
lograria lograría
lograrias lograrías
logrono logroño
logía logia
lombarderia lombardería
lombarderias lombarderías
lombardica lombárdica
lombardicas lombárdicas
lombardico lombárdico
lombardicos lombárdicos
lome lomé
lonjeva longeva
lonjevas longevas
lonjevo longevo
lonjevos longevos
lopez lópez
lords lores
loteria lotería
loterias loterías
louisiana luisiana
lucemburgues lucemburgués
lucheis luchéis
luciernaga luciérnaga
luciernagas luciérnagas
ludica lúdica
ludicas lúdicas
ludico lúdico
ludicos lúdicos
ludopata ludópata
ludopatas ludópatas
ludopatia ludopatía
ludopatias ludopatías
lugubre lúgubre
lugubres lúgubres
lugues lugués
lupulo lúpulo
lupulos lúpulos
luques luqués
lus luz
luses luces
lustracion lustración
luthier lutier
luthiers lutieres
luxacion luxación
luxemburgues luxemburgués
luzes luces
luís luis
lyones lionés
lyonés lionés
lyón lyon
lásers láseres
látamente latamente
léaee léase
léma lema
lémas lemas
líbido libido
líderazgo liderazgo
líderazgos liderazgos
límita limita
líneal lineal
línes líneas
línia línea
línias líneas
líquen liquen
lóndres londres
lópes lópez
lúnes lunes
macadan macadán
machica máchica
machicas máchicas
machin machín
machon machón
macon macón
macroanalisis macroanálisis
macroeconomia macroeconomía
macroeconomias macroeconomías
macroeconomica macroeconómica
macroeconomicas macroeconómicas
macroeconomico macroeconómico
macroeconomicos macroeconómicos
macromolecula macromolécula
macromoleculas macromoléculas
macula mácula
maculas máculas
macádam macadán
macádan macadán
maduracion maduración
maestria maestría
maestrias maestrías
magacin magacín
magacíne magacín
magacínes magacines
magasin magacín
magasines magacines
magasín magacín
magasínes magacines
magazin magazín
magazine magacín
magazíne magacín
magazínes magacines
maghreb magreb
maghrib magreb
magica mágica
magicas mágicas
magico mágico
magicos mágicos
magin magín
magister magíster
magisteres magísteres
magisters magísteres
magmatica magmática
magmaticas magmáticas
magmatico magmático
magmaticos magmáticos
magnetica magnética
magneticas magnéticas
magnetico magnético
magneticos magnéticos
magnetocalorica magnetocalórica
magnetocaloricas magnetocalóricas
magnetocalorico magnetocalórico
magnetocaloricos magnetocalóricos
magnetoelectrica magnetoeléctrica
magnetoelectricas magnetoeléctricas
magnetoelectrico magnetoeléctrico
magnetoelectricos magnetoeléctricos
magnetofon magnetofón
magnetofonica magnetofónica
magnetofonicas magnetofónicas
magnetofonico magnetofónico
magnetofonicos magnetofónicos
magnetofono magnetófono
magnetofonos magnetófonos
magnetohidrodinamica magnetohidrodinámica
magnetohidrodinamicas magnetohidrodinámicas
magnifica magnífica
magnificas magníficas
magnifico magnífico
magnificos magníficos
magrebi magrebí
magrebies magrebíes
magrebis magrebís
magísters magísteres
maharaja maharajá
maharajas maharajás
maharani maharaní
maharanies maharaníes
maharanis maharanís
mahon mahón
maices maíces
mail correo
mails correos
maipu maipú
maiz maíz
maizes maíces
majarani maharaní
majaranies maharaníes
majaranis maharanís
majaraní maharaní
majaraníes maharaníes
majaranís maharanís
makhachkala majachkalá
malaga málaga
malagasy malgache
maldicion maldición
malecon malecón
malefica maléfica
maleficas maléficas
malefico maléfico
maleficos maléficos
maletin maletín
malevola malévola
malevolas malévolas
malevolo malévolo
malevolos malévolos
malloino malloíno
malnutricion malnutrición
malon malón
maltes maltés
mamifera mamífera
mamiferas mamíferas
mamifero mamífero
mamiferos mamíferos
mamografia mamografía
mamografias mamografías
mamon mamón
mamposteria mampostería
mamposterias mamposterías
manager mánager
managers mánager
managuense managüense
managuenses managüenses
manati manatí
manaties manatíes
manatis manatís
mancebia mancebía
mancebias mancebías
manchester mánchester
manchu manchú
manchues manchúes
manchus manchús
mancion mansión
manción mansión
mandacion mandación
mandarin mandarín
mandibula mandíbula
mandibulas mandíbulas
mandragora mandrágora
mandragoras mandrágoras
manejandola manejándola
manejandolas manejándolas
manejandolo manejándolo
manejandolos manejándolos
mani maní
mania manía
manias manías
maniatica maniática
maniaticas maniáticas
maniatico maniático
maniaticos maniáticos
manies maníes
manifestacion manifestación
manifiestó manifiesto
manipulacion manipulación
manipulear manipular
manipulearon manipularon
manipuleó manipuló
manipulo manípulo
manipulos manípulos
maniqui maniquí
maniquies maniquíes
maniquis maniquís
maniquís maniquíes
manriquez manríquez
mansillada mancillada
mansilladas mancilladas
mansillado mancillado
mansillados mancillados
mansillar mancillar
mansion mansión
mantega mantenga
mantenarla mantenerla
mantenganse manténganse
mantenia mantenía
mantenian mantenían
manteniendose manteniéndose
manteniene mantiene
manterner mantener
mantillon mantillón
mantuvó mantuvo
manumision manumisión
maoista maoísta
maoistas maoístas
maori maorí
maories maoríes
maoris maorís
maquina máquina
maquinas máquinas
maracuya maracuyá
maracuyas maracuyás
marahani marajaní
marahanies marajaníes
marahanis marajanís
marahaní marajaní
marahaníes marajaníes
marahanís marajanís
maraja marajá
marajani marajaní
marajanies marajaníes
marajanis marajanís
marajas marajás
maraton maratón
marcho marchó
margenes márgenes
maria maría
marijuana marihuana
mariologia mariología
mariologias mariologías
maritima marítima
maritimas marítimas
maritimo marítimo
maritimos marítimos
mariuana marihuana
marmarica marmárica
marmaricas marmáricas
marmarico marmárico
marmaricos marmáricos
marmol mármol
marmoles mármoles
maron marón
marques marqués
marquez márquez
marron marrón
marroqui marroquí
marroquies marroquíes
marroquis marroquís
martil mártir
martinez martínez
martir mártir
martires mártires
mas más
masachussets massachusetts
masai masái
mascara máscara
mascaras máscaras
mascaron mascarón
masia masía
masica másica
masicas másicas
masmorra mazmorra
masmorras mazmorras
mason masón
masoneria masonería
masonerias masonerías
masonica masónica
masonicas masónicas
masonico masónico
masonicos masónicos
massachussets massachusetts
master máster
masteres másteres
masters másteres
mastil mástil
mastiles mástiles
mastin mastín
masónes masones
match partido
matchs partidos
matematica matemática
matematicamente matemáticamente
matematicas matemáticas
matematico matemático
matematicos matemáticos
matener mantener
materica matérica
matericas matéricas
materico matérico
matericos matéricos
matería materia
matine matiné
matinee matiné
matinees matinés
matines matinés
matinée matiné
matinées matinés
maton matón
matricula matrícula
matriculas matrículas
matrimono matrimonio
matríces matrices
matríz matriz
matrízes matrices
matuvo mantuvo
matíz matiz
mavimiento movimiento
mavimientos movimientos
maxima máxima
maximas máximas
maximo máximo
maximos máximos
mayaguez mayagüez
mayestatica mayestática
mayestaticas mayestáticas
mayestatico mayestático
mayestaticos mayestáticos
mayoo mayo
mayorcisima mayorcísima
mayorcisimas mayorcísimas
mayorcisimo mayorcísimo
mayorcisimos mayorcísimos
mayoria mayoría
mayorias mayorías
mayuscula mayúscula
mayusculas mayúsculas
mayusculo mayúsculo
mayusculos mayúsculos
mazapan mazapán
mazatlan mazatlán
mazoneria mazonería
mazonerias mazonerías
maízes maíces
maś más
mecanica mecánica
mecanicamente mecánicamente
mecanicas mecánicas
mecanico mecánico
mecanicos mecánicos
meciona menciona
mecionada mencionada
mecionadas mencionadas
mecionado mencionado
mecionados mencionados
mecionan mencionan
mecionar mencionar
medallon medallón
medano médano
medanos médanos
medellin medellín
mediadios mediados
mediambiental medioambiental
mediantes mediante
mediantre mediante
mediatica mediática
mediaticas mediáticas
mediatico mediático
mediaticos mediáticos
medica médica
medicas médicas
medicion medición
medico médico
medicos médicos
medidad medida
medidada medida
medidadas medidas
medidado mediados
medidados mediados
mediodia mediodía
mediodias mediodías
meditacion meditación
meditarraneo mediterráneo
meditarráneo mediterráneo
mediterranea mediterránea
mediterraneas mediterráneas
mediterraneos mediterráneos
medium médium
mediums médiums
medorear merodear
medorearía merodearía
medorearías merodearía
medvedev medvédev
megano mégano
meganos méganos
megawatio megavatio
megawatios megavatios
meintras mientras
mejico méjico
mejillon mejillón
mejorea mejores
melancolia melancolía
melancolias melancolías
melancolica melancólica
melancolicas melancólicas
melancolico melancólico
melancolicos melancólicos
melburne melbourne
melifera melífera
meliferas melíferas
melifero melífero
meliferos melíferos
melisopalinologia melisopalinología
melisopalinologias melisopalinologías
melisopalinologica melisopalinológica
melisopalinologicas melisopalinológicas
melisopalinologico melisopalinológico
melisopalinologicos melisopalinológicos
melodia melodía
melodias melodías
melodica melódica
melodicas melódicas
melodico melódico
melodicos melódicos
melon melón
membresia membresía
memorandum memorándum
memorial monumento
memoría memoria
memorías memorias
memotecnia mnemotecnia
memotecnias mnemotecnias
memotecnica mnemotécnica
memotecnicas mnemotécnicas
memotecnico mnemotécnico
memotecnicos mnemotécnicos
memotécnica mnemotécnica
memotécnicas mnemotécnicas
memotécnico mnemotécnico
memotécnicos mnemotécnicos
menbrana membrana
mencion mención
mencionda mencionada
menciondas mencionadas
menciondo mencionado
menciondos mencionados
menciono mencionó
mendez méndez
mendicacion mendicación
menendez menéndez
menistra ministra
menistras ministras
menistro ministro
menistros ministros
menorquin menorquín
menro menor
menroes menores
mensajeria mensajería
mensajerias mensajerías
mension mención
mensionada mencionada
mensionadas mencionadas
mensionado mencionado
mensionados mencionados
mensionar mencionar
mensión mención
menstruacion menstruación
mensu mensú
mensues mensúes
mensula ménsula
mensulas ménsulas
mentalizacion mentalización
mentecateria mentecatería
mentecaterias mentecaterías
menu menú
menues menús
menus menús
menúes menús
mercaderia mercadería
mercaderias mercaderías
mercancia mercancía
mercancias mercancías
merceria mercería
mercerias mercerías
mercurica mercúrica
mercuricas mercúricas
mercurico mercúrico
mercuricos mercúricos
merecia merecía
merecian merecían
merecias merecías
merida mérida
merito mérito
meritos méritos
merlin merlín
merlon merlón
mesasín mesanín
mescla mezcla
mesclar mezclar
mesclas mezclas
mesianica mesiánica
mesianicas mesiánicas
mesianico mesiánico
mesianicos mesiánicos
mesias mesías
mesnsajes mensajes
mesoamerica mesoamérica
mesodermica mesodérmica
mesodermicas mesodérmicas
mesodermico mesodérmico
mesodermicos mesodérmicos
meson mesón
mesquino mezquino
mestruación menstruación
mestrual menstrual
metaanalisis metaanálisis
metabolica metabólica
metabolicas metabólicas
metabolico metabólico
metabolicos metabólicos
metacentrica metacéntrica
metacentricas metacéntricas
metacentrico metacéntrico
metacentricos metacéntricos
metafisica metafísica
metafisicas metafísicas
metafisico metafísico
metafisicos metafísicos
metafora metáfora
metaforas metáforas
metalica metálica
metalicas metálicas
metalico metálico
metalicos metálicos
metalifera metalífera
metaliferas metalíferas
metalifero metalífero
metaliferos metalíferos
metalinguistica metalingüística
metalinguisticas metalingüísticas
metalinguistico metalingüístico
metalinguisticos metalingüísticos
metalinguística metalingüística
metalinguísticas metalingüísticas
metalinguístico metalingüístico
metalinguísticos metalingüísticos
metalingüistica metalingüística
metalingüisticas metalingüísticas
metalingüistico metalingüístico
metalingüisticos metalingüísticos
metalografia metalografía
metalografias metalografías
metalografica metalográfica
metalograficas metalográficas
metalografico metalográfico
metalograficos metalográficos
metalurgica metalúrgica
metalurgicas metalúrgicas
metalurgico metalúrgico
metalurgicos metalúrgicos
metamorfica metamórfica
metamorficas metamórficas
metamorfico metamórfico
metamorficos metamórficos
metanalisis metanálisis
meteorizacion meteorización
meteorologa meteoróloga
meteorologas meteorólogas
meteorologia meteorología
meteorologias meteorologías
meteorologica meteorológica
meteorologicas meteorológicas
meteorologico meteorológico
meteorologicos meteorológicos
meteorologo meteorólogo
meteorologos meteorólogos
meteorıtica meteorítica
meteorıticas meteoríticas
meteorıtico meteorítico
meteorıticos meteoríticos
metereologa meteoróloga
metereologas meteorólogas
metereologia meteorología
metereologica meteorológica
metereologicas meteorológicas
metereologico meteorológico
metereologicos meteorológicos
metereologo meteorólogo
metereologos meteorólogos
metereología meteorología
metereologías meteorologías
metereológica meteorológica
metereológicamente meteorológicamente
metereológicas meteorológicas
metereológico meteorológico
metereológicos meteorológicos
metereóloga meteoróloga
metereólogas meteorólogas
metereólogo meteorólogo
metereólogos meteorólogos
meteórologa meteoróloga
meteórologas meteorólogas
meteórologo meteorólogo
meteórologos meteorólogos
metiendose metiéndose
metodica metódica
metodicamente metódicamente
metodicas metódicas
metodico metódico
metodicos metódicos
metodo método
metodologia metodología
metodologias metodologías
metodologica metodológica
metodologicas metodológicas
metodologico metodológico
metodologicos metodológicos
metodos métodos
metrica métrica
metricas métricas
metrico métrico
metricos métricos
metrificacion metrificación
metrobus metrobús
metroplitana metropolitana
metroplitanas metropolitanas
metroplitano metropolitano
metroplitanos metropolitanos
metropoli metrópoli
metropolis metrópolis
metéreologos meteorólogos
mexcla mezcla
mexclar mezclar
mexclas mezclas
mexico méxico
meztiza mestiza
meztizaje mestizaje
meztizajes mestizajes
meztizas mestizas
meztizo mestizo
meztizos mestizos
meñisco menisco
meñiscos meniscos
miahuatlan miahuatlán
miccion micción
michigan míchigan
michoacan michoacán
microanalisis microanálisis
microfonica microfónica
microfonicas microfónicas
microfonico microfónico
microfonicos microfónicos
microfono micrófono
microfonos micrófonos
microhondas microondas
micrometrica micrométrica
micrometricas micrométricas
micrometrico micrométrico
micrometricos micrométricos
micrometro micrómetro
micrometros micrómetros
micron micrón
microrelato microrrelato
microrganismo microorganismo
microrganismos microorganismos
microscopica microscópica
microscopicas microscópicas
microscopico microscópico
microscopicos microscópicos
microtubulo microtúbulo
microtubulos microtúbulos
midad mitad
midades mitades
miebro miembro
miebros miembros
mielinolisis mielinólisis
mienbro miembro
mienbros miembros
mientra mientras
mientrás mientras
miercoles miércoles
mietras mientras
migracion migración
mikhail mijaíl
milagreria milagrería
milagrerias milagrerías
milagron milagrón
milan milán
milenials mileniales
milennial milenial
milennials mileniales
milimetro milímetro
milimetros milímetros
millenial milenial
millenials mileniales
millennial milenial
millennials mileniales
milliones millones
millon millón
millonesima millonésima
millonesimas millonésimas
millonesimo millonésimo
millonesimos millonésimos
milones millones
milonnes millones
mimbro miembro
mimbros miembros
mimebro miembro
mimebros miembros
mimetica mimética
mimeticas miméticas
mimetico mimético
mimeticos miméticos
mimica mímica
mimicas mímicas
mimico mímico
mimicos mímicos
minatitlan minatitlán
mineralizacion mineralización
mineralogia mineralogía
mineralogias mineralogías
mineralogica mineralógica
mineralogicas mineralógicas
mineralogico mineralógico
mineralogicos mineralógicos
mineria minería
minerias minerías
minima mínima
minimas mínimas
minimo mínimo
minimos mínimos
minoria minoría
minorias minorías
minoritária minoritaria
minoritárias minoritarias
minoritário minoritario
minoritários minoritarios
minsitra ministra
minsitras ministras
minsitro ministro
minsitros ministros
minue minué
minues minués
minuet minué
minuets minués
minuscula minúscula
minusculas minúsculas
minusculo minúsculo
minusculos minúsculos
minusvalida minusválida
minusvalidas minusválidas
minusvalido minusválido
minusvalidos minusválidos
mio mío
miolisis miólisis
miologia miología
miologias miologías
miopia miopía
miopias miopías
mirandes mirandés
miriada miríada
miriadas miríadas
miron mirón
mirsinacea mirsinácea
mirsinaceas mirsináceas
mirsinaceo mirsináceo
mirsinaceos mirsináceos
misantropa misántropa
misantropas misántropas
misantropia misantropía
misantropias misantropías
misantropo misántropo
misantropos misántropos
miscelanea miscelánea
miscelaneas misceláneas
miscelaneo misceláneo
miscelaneos misceláneos
mision misión
mismisimo mismísimo
misogena misógina
misogenas misóginas
misogeno misógino
misogenos misóginos
misogina misógina
misoginas misóginas
misogino misógino
misoginos misóginos
misouri misuri
mississippi misisipi
missouri misuri
mistagogica mistagógica
mistagogicas mistagógicas
mistagogico mistagógico
mistagogicos mistagógicos
mister míster
misteres místeres
misters místeres
mistica mística
misticamente místicamente
misticas místicas
mistico místico
misticos místicos
mistificacion mistificación
misíl misil
misógena misógina
misógenas misóginas
misógeno misógino
misógenos misóginos
mitica mítica
miticas míticas
mitico mítico
miticos míticos
mitificacion mitificación
mitigacion mitigación
mitines mítines
mitologia mitología
mitologias mitologías
mitologica mitológica
mitologicamente mitológicamente
mitologicas mitológicas
mitologico mitológico
mitologicos mitológicos
mitomana mitómana
mitomanas mitómanas
mitomania mitomanía
mitomanias mitomanías
mitomano mitómano
mitomanos mitómanos
mitín mitin
mitínes mítines
mixtificacion mixtificación
miéntras mientras
mms mm
moai moái
moare moaré
moares moarés
mobil móvil
mobiles móviles
mobilidad movilidad
mobilidades movilidades
mobimiento movimiento
mobimientos movimientos
modalida modalidad
modem módem
modems módems
modernidade modernidad
modernizacion modernización
modica módica
modicas módicas
modico módico
modicos módicos
modulo módulo
modulos módulos
mogadishu mogadiscio
mogreb magreb
mogrebi magrebí
mogrebies magrebíes
mogrebis magrebís
mogrebí magrebí
mogrebíes magrebíes
mogrebís magrebís
moire muaré
moires muarés
moises moisés
moldova moldavia
molecula molécula
moleculas moléculas
molestía molestia
molestías molestias
momentanea momentánea
momentaneamente momentáneamente
momentaneas momentáneas
momentaneo momentáneo
momentaneos momentáneos
momentariamente momentáneamente
momentáriamente momentáneamente
momumento monumento
monaco mónaco
monadologia monadología
monadologias monadologías
monagesco monegasco
monarquia monarquía
monarquias monarquías
monarquica monárquica
monarquicas monárquicas
monarquico monárquico
monarquicos monárquicos
monastica monástica
monasticas monásticas
monastico monástico
monasticos monásticos
mondiola bondiola
mondiolas bondiolas
monica mónica
monimiacea monimiácea
monimiaceas monimiáceas
monimiaceo monimiáceo
monimiaceos monimiáceos
monitorizacion monitorización
monocloroacetico monocloroacético
monocloroaceticos monocloroacéticos
monocotiledonea monocotiledónea
monocotiledoneas monocotiledóneas
monocotiledoneo monocotiledóneo
monocotiledoneos monocotiledóneos
monografia monografía
monografias monografías
monolitica monolítica
monoliticas monolíticas
monolitico monolítico
monoliticos monolíticos
monologo monólogo
monologos monólogos
monomero monómero
monomeros monómeros
monoparalisis monoparálisis
monopolica monopólica
monopolicas monopólicas
monopolico monopólico
monopolicos monopólicos
monosacarido monosacárido
monosacaridos monosacáridos
monosilaba monosílaba
monosilabas monosílabas
monosilabo monosílabo
monosilabos monosílabos
monoteismo monoteísmo
monoteismos monoteísmos
monoteista monoteísta
monoteistas monoteístas
monotipica monotípica
monotipicas monotípicas
monotipico monotípico
monotipicos monotípicos
monotona monótona
monotonas monótonas
monotono monótono
monotonos monótonos
montañes montañés
montepio montepío
montepios montepíos
monteria montería
monterias monterías
monticulo montículo
monticulos montículos
monton montón
monzon monzón
moracea morácea
moraceas moráceas
moraceo moráceo
moraceos moráceos
morazan morazán
morbida mórbida
morbidamente mórbidamente
morbidas mórbidas
morbido mórbido
morbidos mórbidos
morcon morcón
moreria morería
morerias morerías
morfologia morfología
morfologias morfologías
morfologica morfológica
morfologicamente morfológicamente
morfologicas morfológicas
morfologico morfológico
morfologicos morfológicos
morian morían
morias morías
mormon mormón
moroleon moroleón
moron morón
morten mortem
mortifera mortífera
mortiferas mortíferas
mortifero mortífero
mortiferos mortíferos
mortificacion mortificación
moscardon moscardón
moscon moscón
moscu moscú
mosntruo monstruo
mosntruos monstruos
mosntruosa monstruosa
mosntruosas monstruosas
mosntruosidad monstruosidad
mosntruosidades monstruosidades
mosntruoso monstruoso
mosntruosos monstruosos
mostruo monstruo
mostruos monstruos
mostruosa monstruosa
mostruosas monstruosas
mostruosidad monstruosidad
mostruosidades monstruosidades
mostruoso monstruoso
mostruosos monstruosos
mosvimiento movimiento
motivacion motivación
motociclistica motociclística
motociclisticas motociclísticas
motociclistico motociclístico
motociclisticos motociclísticos
motocros motocrós
motonautica motonáutica
motonauticas motonáuticas
motonautico motonáutico
motonauticos motonáuticos
mounstro monstruo
mounstros monstruos
mounstrosa monstruosa
mounstrosas monstruosas
mounstrosidad monstruosidad
mounstroso monstruoso
mounstrosos monstruosos
mounstruo monstruo
mounstruos monstruos
moustro monstruo
moustros monstruos
movicion movición
moviemiento movimiento
moviemientos movimientos
moviento movimiento
moviles móviles
movilizacion movilización
movilizao movilizado
movilizaos movilizados
movimento movimiento
movimentos movimientos
moyoría mayoría
moyorías mayorías
mozarabe mozárabe
mozarabes mozárabes
mu mi
muare muaré
muares muarés
muchisima muchísima
muchisimas muchísimas
muchisimo muchísimo
muchisimos muchísimos
mudejar mudéjar
mudejares mudéjares
mudejár mudéjar
mudejáres mudéjares
muerdago muérdago
muerdagos muérdagos
muesta muestra
muestan muestran
muevelo muévelo
muha mucha
muhas muchas
muho mucho
muhos muchos
mujahidin muyahidín
mujahidines muyahidines
mujaidines muyahidines
mujaidín muyahidín
multipla múltipla
multiplas múltiplas
multiple múltiple
multiples múltiples
multiplicacion multiplicación
multiplo múltiplo
multiplos múltiplos
multiproposito multipropósito
multiracial multirracial
multiraciales multirraciales
muncipale municipal
muncipales municipales
muncipio municipio
muncipios municipios
munich múnich
municio municipio
municion munición
municios municipios
municipo municipio
municipos municipios
municpio municipio
municpios municipios
município municipio
municípios municipios
munipal municipal
munipales municipales
munipio municipio
munipios municipios
munuta minuta
munutas minutas
munuto minuto
munutos minutos
muquicion muquición
murciegalo murciélago
murciegalos murciélagos
murcielago murciélago
murcielagos murciélagos
murciégalos murciélagos
muriatico muriático
muriaticos muriáticos
murio murió
murucuya murucuyá
murío murió
musacea musácea
musaceas musáceas
musaceo musáceo
musaceos musáceos
muscat mascate
muscial musical
muscilar muscular
musculo músculo
musculos músculos
museistica museística
museisticas museísticas
museistico museístico
museisticos museísticos
museografia museografía
museografias museografías
museologa museóloga
museologas museólogas
museologia museología
museologias museologías
museologica museológica
museologicas museológicas
museologico museológico
museologicos museológicos
museologo museólogo
museologos museólogos
musica música
musicalizacion musicalización
musicas músicas
musico músico
musicos músicos
musicál musical
mustelida mustélida
mustelidas mustélidas
mustelido mustélido
mustelidos mustélidos
musulman musulmán
muyaidin muyahidín
muyaidines muyahidines
muyaidín muyahidín
muzarela mozarela
muzarelas mozarelas
muzarella mozarela
muzarellas mozarelas
muzzarella mozarela
muzzarellas mozarelas
muón muon
màs más
máquinaria maquinaria
márgen margen
mártes martes
mártil mártir
másters másteres
mèxico méxico
mécanica mecánica
mécanicas mecánicas
mécanico mecánico
mécanicos mecánicos
méxicana mexicana
méxicanas mexicanas
méxicano mexicano
méxicanos mexicanos
míl mil
mísma misma
mísmas mismas
mísmo mismo
mísmos mismos
místers místeres
mítin mitin
móbil móvil
móbiles móviles
múdejar mudéjar
múdejares mudéjares
músical musical
músicales musicales
mútiple múltiple
mútiples múltiples
naberia nabería
naberias naberías
nabidad navidad
nacar nácar
nacio nació
nacion nación
naciona nacional
nacío nació
nadien nadie
nadies nadie
nahualt náhuatl
naiden nadie
nancaguino nancagüino
nanjing nankín
nankin nankín
nanking nankín
nanometro nanómetro
nanometros nanómetros
nanotecnologia nanotecnología
nanotecnologias nanotecnologías
napoleon napoleón
napoleonica napoleónica
napoleonicas napoleónicas
napoleonico napoleónico
napoleonicos napoleónicos
napoles nápoles
narcicismo narcisismo
narcoanalisis narcoanálisis
narcotica narcótica
narcoticas narcóticas
narcotico narcótico
narcoticos narcóticos
narcotrafico narcotráfico
narcotraficos narcotráficos
narigon narigón
naris nariz
narraccion narración
narracción narración
narracion narración
nartex nártex
narvaez narváez
naríz nariz
nasalizacion nasalización
natacion natación
natual natural
natuales naturales
naugrafa náufraga
naugrafas náufragas
naugrafo náufrago
naugrafos náufragos
nausea náusea
nauseas náuseas
nautica náutica
nauticas náuticas
nautico náutico
nauticos náuticos
navegacion navegación
navicula navícula
naviculas navículas
navio navío
navios navíos
naylon nailon
naype naipe
naúsea náusea
naúseas náuseas
naútica náutica
naúticas náuticas
naútico náutico
naúticos náuticos
necesitad necesidad
necesitandose necesitándose
necesito necesitó
necrolisis necrólisis
necrologia necrología
necrologias necrologías
necrologica necrológica
necrologicas necrológicas
necrologico necrológico
necrologicos necrológicos
necropolis necrópolis
nectar néctar
nectares néctares
neerlandes neerlandés
nefrodialisis nefrodiálisis
neftali neftalí
negacion negación
nego negó
negrusca negruzca
negruscas negruzcas
negrusco negruzco
negruscos negruzcos
nenufar nenúfar
nenufares nenúfares
neoclasica neoclásica
neoclasicas neoclásicas
neoclasico neoclásico
neoclasicos neoclásicos
neocon neocón
neogena neógena
neogenas neógenas
neogeno neógeno
neogenos neógenos
neoleones neoleonés
neolitica neolítica
neoliticas neolíticas
neolitico neolítico
neoliticos neolíticos
neomudejar neomudéjar
neomudejares neomudéjares
neon neón
neozelandes neozelandés
nepales nepalés
nepali nepalí
nepalies nepalíes
neritica nerítica
neriticas neríticas
neritico nerítico
neriticos neríticos
nerlandes neerlandés
nesesidad necesidad
nesesidades necesidades
nesesita necesita
nesesitas necesitas
nestor néstor
netacea netácea
netaceas netáceas
netaceo netáceo
netaceos netáceos
neumatica neumática
neumaticas neumáticas
neumatico neumático
neumaticos neumáticos
neumonologa neumóloga
neumonologo neumólogo
neumonóloga neumóloga
neumonólogo neumólogo
neuquen neuquén
neuralgica neurálgica
neuralgicas neurálgicas
neuralgico neurálgico
neuralgicos neurálgicos
neurobiologa neurobióloga
neurobiologas neurobiólogas
neurobiologia neurobiología
neurobiologica neurobiológica
neurobiologicas neurobiológicas
neurobiologico neurobiológico
neurobiologicos neurobiológicos
neurobiologo neurobiólogo
neurobiologos neurobiólogos
neurolisis neurólisis
neurologa neuróloga
neurologas neurólogas
neurologia neurología
neurologias neurologías
neurologo neurólogo
neurologos neurólogos
neuropata neurópata
neuropatas neurópatas
neuropatia neuropatía
neuropatias neuropatías
neutron neutrón
neutronica neutrónica
neutronicas neutrónicas
neutronico neutrónico
neutronicos neutrónicos
nevagación navegación
neve nieve
newyorkina neoyorquina
newyorkinas neoyorquinas
newyorkino neoyorquino
newyorkinos neoyorquinos
newyorquina neoyorquina
newyorquinas neoyorquinas
newyorquino neoyorquino
newyorquinos neoyorquinos
nezahualcoyotl nezahualcóyotl
nicaraguense nicaragüense
nicaraguenses nicaragüenses
nicaragüa nicaragua
nicolas nicolás
niger níger
niguna ninguna
niguno ninguno
nigún ningún
nilista nihilista
nilon nilón
ninfeacea ninfeácea
ninfeaceas ninfeáceas
ninfeaceo ninfeáceo
ninfeaceos ninfeáceos
ninfomana ninfómana
ninfomanas ninfómanas
ninfomania ninfomanía
ninfomanias ninfomanías
ningun ningún
ningúna ninguna
ningúno ninguno
nino niño
nipon nipón
niquel níquel
nispero níspero
nisperos nísperos
nispola níspola
nispolas níspolas
nitida nítida
nitidas nítidas
nitides nitidez
nitido nítido
nitidos nítidos
nitidés nitidez
nitrica nítrica
nitricas nítricas
nitrico nítrico
nitricos nítricos
nitrogeno nitrógeno
nitrogenos nitrógenos
nivelacion nivelación
niñe niñez
niñes niñez
nocion noción
noctivaga noctívaga
noctivagas noctívagas
noctivago noctívago
noctivagos noctívagos
noctura nocturna
nocturas nocturnas
nocturo nocturno
nocturos nocturnos
nocáut nocaut
nocáuts nocauts
nodulo nódulo
nodulos nódulos
nomada nómada
nomadas nómadas
nomade nómade
nomades nómades
nombar nombrar
nombe nombre
nomber nombre
nombers nombres
nombes nombres
nombro nombró
nombándola nombrándola
nombándolas nombrándolas
nombándole nombrándole
nombándoles nombrándoles
nombándolo nombrándolo
nombándolos nombrándolos
nombó nombró
nomenclator nomenclátor
nomina nómina
nominacion nominación
nominas nóminas
nonagesima nonagésima
nonagesimas nonagésimas
nonagesimo nonagésimo
nonagesimos nonagésimos
noningentesima noningentésima
noningentesimas noningentésimas
noningentesimo noningentésimo
noningentesimos noningentésimos
norays norayes
nordica nórdica
nordicas nórdicas
nordico nórdico
nordicos nórdicos
nordoeste noroeste
normacion normación
normalizacion normalización
nororeste noreste
nortamericano norteamericano
norteamerica norteamérica
nosografia nosografía
nosografias nosografías
nosologia nosología
nosologias nosologías
nosologica nosológica
nosologicas nosológicas
nosologico nosológico
nosologicos nosológicos
nosomantica nosomántica
nosomanticas nosománticas
notese nótese
notica noticia
noticas noticias
noticion notición
nouakchott nuakchot
noumea numea
nouméa numea
novella novela
novellas novelas
novembre noviembre
novembro noviembre
noventas noventa
noviembe noviembre
noviember noviembre
noviembere noviembre
novienbre noviembre
noviémber noviembre
novocaina novocaína
novocainas novocaínas
novéla novela
novélas novelas
nuakchott nuakchot
nubarron nubarrón
nubil núbil
nubiles núbiles
nucelar nuclear
nucleo núcleo
nucleon nucleón
nucleos núcleos
nucleotido nucleótido
nucleotidos nucleótidos
nuesta nuestra
nuestar nuestra
nuestas nuestras
nuesto nuestro
nuestos nuestros
nuevoleones nuevoleonés
numeracion numeración
numero número
numerologia numerología
numerologias numerologías
numeros números
numismatica numismática
numismaticas numismáticas
numismatico numismático
numismaticos numismáticos
numéro número
nunguna ninguna
nunguno ninguno
nuremberg núremberg
nutricion nutrición
nylon nailon
nylón nailon
náhualt náhuatl
náilon nailon
náugrafa náufraga
náugrafas náufragas
náugrafo náufrago
náugrafos náufragos
nítidez nitidez
nível nivel
níveles niveles
nïctimo níctimo
nóbel nobel
nóvel novel
númerica numérica
númericas numéricas
númerico numérico
númericos numéricos
núpcias nupcias
nüremberg núremberg
obia obvia
obiamente obviamente
obice óbice
obices óbices
obio obvio
objeccion objeción
objecciones objeciones
objección objeción
objectiva objetiva
objectivas objetivas
objectivo objetivo
objectivos objetivos
objecto objeto
objectos objetos
oblicuangulo oblicuángulo
oblicuangulos oblicuángulos
obligacion obligación
obligo obligó
oblícua oblicua
oblícuamente oblicuamente
oblícuas oblicuas
oblícuo oblicuo
oblícuos oblicuos
obregon obregón
obscuro oscuro
obsecionarse obsesionarse
obsena obscena
obsenas obscenas
obseno obsceno
obsenos obscenos
observese obsérvese
obsesiondo obsesionado
obstaculo obstáculo
obstaculos obstáculos
obstenta ostenta
obstentan ostentan
obstentar ostentar
obtencion obtención
obtendra obtendrá
obtendras obtendrás
obtendria obtendría
obtendrias obtendrías
obtenia obtenía
obtenian obtenían
obtenias obtenías
obtenieno obteniendo
obto optó
obtusangulo obtusángulo
obtusangulos obtusángulos
obtuvó obtuvo
obtó optó
obutvieran obtuvieran
obutvieras obtuvieras
obutvieron obtuvieron
ocacion ocasión
ocaciona ocasiona
ocacionada ocasionada
ocacionadas ocasionadas
ocacionado ocasionado
ocacionados ocasionados
ocacionan ocasionan
ocacionando ocasionando
ocacionandole ocasionándole
ocacionar ocasionar
ocaciones ocasiones
ocación ocasión
ocaciónes ocasiones
ocasion ocasión
ocatva octava
ocatvas octavas
ocatvo octavo
ocatvos octavos
occidentalizacion occidentalización
occupaciones ocupaciones
occupación ocupación
oceania oceanía
oceanica oceánica
oceanicas oceánicas
oceanico oceánico
oceanicos oceánicos
oceano océano
oceanografica oceanográfica
oceanograficas oceanográficas
oceanografico oceanográfico
oceanograficos oceanográficos
oceanos océanos
oceáno océano
oceános océanos
ochentas ochenta
ochenton ochentón
ochos ocho
ocila oscila
ocilaba oscilaba
ocilación oscilación
ocilan oscilan
ocilando oscilando
ocilaron oscilaron
ocilarían oscilarían
octaedrica octaédrica
octaedricas octaédricas
octaedrico octaédrico
octaedricos octaédricos
octagona octágona
octagonas octágonas
octagono octágono
octagonos octágonos
octastila octástila
octathlon octatlón
octathlón octatlón
octatlon octatlón
octingentesima octingentésima
octingentesimas octingentésimas
octingentesimo octingentésimo
octingentesimos octingentésimos
octobre octubre
octogesima octogésima
octogesimas octogésimas
octogesimo octogésimo
octogesimos octogésimos
octogona octógona
octogonas octógonas
octogono octógono
octogonos octógonos
octopoda octópoda
octopodas octópodas
octopodo octópodo
octopodos octópodos
octostila octóstila
octostilas octóstilas
octostilo octóstilo
octostilos octóstilos
octumbre octubre
octurna nocturna
octurnas nocturnas
octurno nocturno
octurnos nocturnos
octuvo obtuvo
ocubre octubre
ocultita ocultista
ocultitas ocultistas
ocupacion ocupación
ocupo ocupó
ocurrio ocurrió
océanica oceánica
océanicas oceánicas
océanico oceánico
océanicos oceánicos
odin odín
odontologa odontóloga
odontologas odontólogas
odontologia odontología
odontologias odontologías
odontologica odontológica
odontologicas odontológicas
odontologico odontológico
odontologicos odontológicos
odontologo odontólogo
odontologos odontólogos
ofebre orfebre
ofebres orfebres
ofical oficial
oficales oficiales
oficalmente oficialmente
oficialia oficialía
oficialias oficialías
oficializo oficializó
ofimatica ofimática
ofrecia ofrecía
ofreta oferta
ofretas ofertas
ofset ófset
ofsets ófsets
oftalmica oftálmica
oftalmicas oftálmicas
oftalmico oftálmico
oftalmicos oftálmicos
oftalmologa oftalmóloga
oftalmologas oftalmólogas
oftalmologia oftalmología
oftalmologias oftalmologías
oftalmologica oftalmológica
oftalmologicas oftalmológicas
oftalmologico oftalmológico
oftalmologicos oftalmológicos
oftalmologo oftalmólogo
oftalmologos oftalmólogos
ofuscacion ofuscación
oian oían
oido oído
oidos oídos
oir oír
oirse oírse
oja hoja
oleacea oleácea
oleaceas oleáceas
oleaceo oleáceo
oleaceos oleáceos
oleo óleo
olfanato orfanato
olfanatos orfanatos
oligarquia oligarquía
oligarquias oligarquías
oligarquica oligárquica
oligarquicas oligárquicas
oligarquico oligárquico
oligarquicos oligárquicos
oligosacarido oligosacárido
oligosacaridos oligosacáridos
olimpica olímpica
olimpicamente olímpicamente
olimpicas olímpicas
olimpico olímpico
olimpicos olímpicos
oliscon oliscón
olografa ológrafa
olografas ológrafas
olografo ológrafo
olografos ológrafos
ols los
oman omán
omani omaní
ombre hombre
ombria ombría
ombrias ombrías
omilia homilía
omilía homilía
omision omisión
omitio omitió
omnibus ómnibus
omnibús ómnibus
omnivora omnívora
omnivoras omnívoras
omnivoro omnívoro
omnivoros omnívoros
onanistica onanística
onanisticas onanísticas
onanistico onanístico
onanisticos onanísticos
oncentra concentra
oncentrar concentrar
oncentras concentras
oncolisis oncólisis
ondo hondo
ongs ong
onice ónice
onices ónices
onicolisis onicólisis
onirica onírica
oniricas oníricas
onirico onírico
oniricos oníricos
onix ónix
onixes ónix
onocrotalo onocrótalo
onomasiologia onomasiología
onomasiologias onomasiologías
onomasiologica onomasiológica
onomasiologicas onomasiológicas
onomasiologico onomasiológico
onomasiologicos onomasiológicos
onomastica onomástica
onomasticas onomásticas
onomastico onomástico
onomasticos onomásticos
onomatopeyica onomatopéyica
onomatopeyicas onomatopéyicas
onomatopeyico onomatopéyico
onomatopeyicos onomatopéyicos
opalo ópalo
opalos ópalos
opcion opción
operacion operación
opiacea opiácea
opiaceas opiáceas
opiaceo opiáceo
opiaceos opiáceos
opilacion opilación
opinion opinión
opino opinó
oponiendose oponiéndose
opopanax opopánax
opoponaco opopónaco
opoponacos opopónacos
oposicion oposición
optacion optación
optica óptica
opticas ópticas
optico óptico
opticos ópticos
optima óptima
optimacion optimación
optimamente óptimamente
optimas óptimas
optimizacion optimización
optimo óptimo
optimos óptimos
opusó opuso
oracion oración
oraculo oráculo
oraculos oráculos
orada horada
oradaban horadaban
oradan horadan
oradar horadar
oradaron horadaron
orangutan orangután
orbita órbita
orbitas órbitas
ordalia ordalía
ordalias ordalías
ordenes órdenes
ordeno ordenó
ordovicica ordovícica
ordovicicas ordovícicas
ordovicico ordovícico
ordovicicos ordovícicos
ordoñez ordóñez
ordén orden
oregano orégano
oreganos oréganos
oregon oregón
orejon orejón
orfebreria orfebrería
orfebrerias orfebrerías
orfeon orfeón
organdi organdí
organdies organdíes
organdis organdís
organica orgánica
organicas orgánicas
organico orgánico
organicos orgánicos
organizacion organización
organizatión organización
organizcion organización
organizción organización
organizo organizó
organo órgano
organologia organología
organologias organologías
organos órganos
organulo orgánulo
organulos orgánulos
organísmo organismo
organísmos organismos
orgia orgía
orgiastica orgiástica
orgiasticas orgiásticas
orgiastico orgiástico
orgiasticos orgiásticos
orginal original
orginales originales
orginalmente originalmente
orientacion orientación
origenes orígenes
origin origen
originalmete originalmente
origino originó
orignal original
orignales originales
origén origen
orion orión
ornamentacion ornamentación
ornitologa ornitóloga
ornitologas ornitólogas
ornitologia ornitología
ornitologias ornitologías
ornitologica ornitológica
ornitologicas ornitológicas
ornitologico ornitológico
ornitologicos ornitológicos
ornitologo ornitólogo
ornitologos ornitólogos
orografia orografía
orografias orografías
orografica orográfica
orograficas orográficas
orografico orográfico
orograficos orográficos
orquestra orquesta
orquestral orquestal
orquestrales orquestales
orquestras orquestas
orquidacea orquidácea
orquidaceas orquidáceas
orquidaceo orquidáceo
orquidaceos orquidáceos
orquidea orquídea
orquideas orquídeas
orquideo orquídeo
orquideos orquídeos
orquidiologa orquideóloga
orquidiologas orquideólogas
orquidiologia orquideología
orquidiologica orquideológica
orquidiologicas orquideológicas
orquidiologico orquideológico
orquidiologicos orquideológicos
orquidiologo orquideólogo
orquidiologos orquideólogos
orquidiología orquideología
orquidiológica orquideológica
orquidiológicas orquideológicas
orquidiológico orquideológico
orquidiológicos orquideológicos
orquidióloga orquideóloga
orquidiólogas orquideólogas
orquidiólogo orquideólogo
orquidiólogos orquideólogos
orquidologa orquideóloga
orquidologas orquideólogas
orquidologia orquideología
orquidologica orquideológica
orquidologicas orquideológicas
orquidologico orquideológico
orquidologicos orquideológicos
orquidologo orquideólogo
orquidologos orquideólogos
orquidología orquideología
orquidológica orquideológica
orquidológicas orquideológicas
orquidológico orquideológico
orquidológicos orquideológicos
orquidóloga orquideóloga
orquidólogas orquideólogas
orquidólogo orquideólogo
orquidólogos orquideólogos
orrilla orilla
orrillas orillas
ortodromia ortodromía
ortodromias ortodromías
ortodromica ortodrómica
ortodromicas ortodrómicas
ortodromico ortodrómico
ortodromicos ortodrómicos
ortografia ortografía
ortografias ortografías
ortografica ortográfica
ortograficas ortográficas
ortografico ortográfico
ortograficos ortográficos
ortopedica ortopédica
ortopedicas ortopédicas
ortopedico ortopédico
ortopedicos ortopédicos
ortíz ortiz
orígen origen
orígin origen
orígines orígenes
osculo ósculo
osculos ósculos
oseas óseas
oseo óseo
oseos óseos
osicón hocicón
osificacion osificación
osila oscila
osilación oscilación
osilan oscilan
osilas oscilas
osmotica osmótica
osmoticas osmóticas
osmotico osmótico
osmoticos osmóticos
osteictio osteíctio
osteictios osteíctios
ostentacion ostentación
osteolisis osteólisis
osteopata osteópata
osteopatas osteópatas
osteopatia osteopatía
osteopatias osteopatías
otorgandole otorgándole
otorgandoles otorgándoles
otorgandose otorgándose
otorgo otorgó
otorrinolaringologa otorrinolaringóloga
otorrinolaringologas otorrinolaringólogas
otorrinolaringologia otorrinolaringología
otorrinolaringologias otorrinolaringologías
otorrinolaringologo otorrinolaringólogo
otorrinolaringologos otorrinolaringólogos
otrogada otorgada
otrogadas otorgadas
otrogado otorgado
otrogados otorgados
otrogar otorgar
otrogó otorgó
otrsa otras
ouagadougou uagadugú
ouarzazate uarzazat
oujda uchda
ovacion ovación
overóles overoles
ovogenesis ovogénesis
ovovivipara ovovivípara
ovoviviparas ovovivíparas
ovoviviparo ovovivíparo
ovoviviparos ovovivíparos
ovulacion ovulación
ovulo óvulo
ovulos óvulos
oxalica oxálica
oxalicas oxálicas
oxalico oxálico
oxalicos oxálicos
oxidacion oxidación
oxigeno oxígeno
oxigenos oxígenos
oximoron oxímoron
oxitona oxítona
oxitonas oxítonas
oxitono oxítono
oxitonos oxítonos
ozonometro ozonómetro
ozonometros ozonómetros
pabellon pabellón
pacencia paciencia
paciensia paciencia
pacifica pacífica
pacificacion pacificación
pacificas pacíficas
pacifico pacífico
pacificos pacíficos
padel pádel
padesca padezca
padescan padezcan
padeser padecer
paez páez
pagina página
paginas páginas
pagína página
pagínas páginas
paidofila paidófila
paidofilas paidófilas
paidofilo paidófilo
paidofilos paidófilos
paidologia paidología
paidologias paidologías
paidologica paidológica
paidologicas paidológicas
paidologico paidológico
paidologicos paidológicos
paipai paipái
paipais paipáis
pais país
paisage paisaje
paisages paisajes
paisagista paisajista
paisagistas paisajistas
paisagistica paisajística
paisagisticas paisajísticas
paisagistico paisajístico
paisagisticos paisajísticos
paisagística paisajística
paisagísticas paisajísticas
paisagístico paisajístico
paisagísticos paisajísticos
paisajistica paisajística
paisajisticas paisajísticas
paisajistico paisajístico
paisajisticos paisajísticos
paises países
pajaro pájaro
pajaros pájaros
pakistan pakistán
pakistani pakistaní
pakistanies pakistaníes
paleogena paleógena
paleogenas paleógenas
paleogeno paleógeno
paleogenos paleógenos
paleografia paleografía
paleografias paleografías
paleografica paleográfica
paleograficas paleográficas
paleografico paleográfico
paleograficos paleográficos
paleologa paleóloga
paleologas paleólogas
paleologia paleología
paleologias paleologías
paleologo paleólogo
paleologos paleólogos
palida pálida
palidas pálidas
palido pálido
palidos pálidos
palindromo palíndromo
palindromos palíndromos
palmares palmarés
palmarès palmarés
palmipeda palmípeda
palmipedas palmípedas
palmipedo palmípedo
palmipedos palmípedos
palmyra palmira
palmáres palmarés
paludicola paludícola
paludicolas paludícolas
panaderia panadería
panaderias panaderías
panama panamá
pancake crepe
pancakes crepes
pancreas páncreas
pandanacea pandanácea
pandanaceas pandanáceas
pandanaceo pandanáceo
pandanaceos pandanáceos
pandemica pandémica
pandemicas pandémicas
pandemico pandémico
pandemicos pandémicos
panemeña panameña
panemeñas panameñas
panemeño panameño
panemeños panameños
panfilo pánfilo
panfilos pánfilos
panhispanica panhispánica
panhispanicas panhispánicas
panhispanico panhispánico
panhispanicos panhispánicos
panica pánica
panicas pánicas
panico pánico
panicos pánicos
panicula panícula
paniculas panículas
panoramica panorámica
panoramicas panorámicas
panoramico panorámico
panoramicos panorámicos
pantagruelica pantagruélica
pantagruelicas pantagruélicas
pantagruelico pantagruélico
pantagruelicos pantagruélicos
pantalan pantalán
pantalon pantalón
pantalónes pantalones
panteon panteón
panties pantis
pantitlan pantitlán
pantomina pantomima
pantominas pantomimas
panty panti
pantys pantis
panóramica panorámica
panóramicas panorámicas
panóramico panorámico
panóramicos panorámicos
papeleria papelería
papelografo papelógrafo
papelografos papelógrafos
papelon papelón
paper ensayo
papers ensayos
papilionacea papilionácea
papilionaceas papilionáceas
papilionaceo papilionáceo
papilionaceos papilionáceos
papu papú
papua papúa
papuas papúas
papue papúa
papues papúes
papula pápula
papulas pápulas
papúe papúa
paraa para
parabola parábola
parabolas parábolas
parabolica parabólica
parabolicas parabólicas
parabolico parabólico
parabolicos parabólicos
paracaidas paracaídas
parace parece
paracen parecen
paradiastole paradiástole
paradogica paradójica
paradogicamente paradójicamente
paradogicas paradójicas
paradogico paradójico
paradogicos paradójicos
paradojica paradójica
paradojicamente paradójicamente
paradojicas paradójicas
paradojico paradójico
paradojicos paradójicos
paradógica paradójica
paradógicamente paradójicamente
paradógicas paradójicas
paradógico paradójico
paradógicos paradójicos
parafinica parafínica
parafinicas parafínicas
parafinico parafínico
parafinicos parafínicos
paraguana paraguaná
paraguera paragüera
paragueras paragüeras
paraguero paragüero
paragueros paragüeros
paragüas paraguas
paraiso paraíso
paraisos paraísos
paralelepipedo paralelepípedo
paralelepipedos paralelepípedos
paralimpica paralímpica
paralimpicas paralímpicas
paralimpico paralímpico
paralimpicos paralímpicos
paralisis parálisis
paralitica paralítica
paraliticas paralíticas
paralitico paralítico
paraliticos paralíticos
paralizacion paralización
paramedica paramédica
paramedicas paramédicas
paramedico paramédico
paramedicos paramédicos
parametor parámetro
parametors parámetros
parametro parámetro
parametros parámetros
paramo páramo
paramos páramos
paranóica paranoica
paranóicas paranoicas
paranóico paranoico
paranóicos paranoicos
paraplejica parapléjica
paraplejicas parapléjicas
paraplejico parapléjico
paraplejicos parapléjicos
parasimpatica parasimpática
parasimpaticas parasimpáticas
parasimpatico parasimpático
parasimpaticos parasimpáticos
parasintetica parasintética
parasinteticas parasintéticas
parasintetico parasintético
parasinteticos parasintéticos
parasita parásita
parasitas parásitas
parasitica parasítica
parasiticas parasíticas
parasitico parasítico
parasiticos parasíticos
parasito parásito
parasitos parásitos
parchis parchís
parcilamente parcialmente
parecia parecía
parecian parecían
parecias parecías
paredon paredón
pareje paraje
parejes parajes
parentesis paréntesis
parentezco parentesco
parese parece
pareses pareces
paresida parecida
paresidas parecidas
paresido parecido
paresidos parecidos
parilla parrilla
parioda parodia
pariodaba parodiaba
pariodabas parodiabas
pariodado parodiado
pariodados parodiados
pariodando parodiando
pariodas parodias
paris parís
parking aparcamiento
parkings aparcamientos
parladuria parladuría
parladurias parladurías
parolimpica parolímpica
parolimpicas parolímpicas
parolimpico parolímpico
parolimpicos parolímpicos
paronama panorama
paronamas panoramas
paroxistica paroxística
paroxisticas paroxísticas
paroxistico paroxístico
paroxisticos paroxísticos
paroxitona paroxítona
paroxitonas paroxítonas
paroxitono paroxítono
paroxitonos paroxítonos
parquet parqué
parquets parqués
parrafo párrafo
parrafos párrafos
parrila parrilla
parrilas parrillas
parroco párroco
parrocos párrocos
parroquía parroquia
parroquías parroquias
partcipacion participación
partcipación participación
parteneire partenaire
parteneires partenaires
particion partición
participacion participación
participaciónes participaciones
participarón participaron
participe partícipe
participes partícipes
participió participio
participo participó
particula partícula
particulamente particularmente
particulas partículas
particípó participó
partidiario partidario
partidiarios partidarios
partipó participó
partído partido
partídos partidos
partír partir
parámetor parámetro
parámetors parámetros
pasamaneria pasamanería
pasamanerias pasamanerías
pasandola pasándola
pasandolas pasándolas
pasandole pasándole
pasandoles pasándoles
pasandolo pasándolo
pasandolos pasándolos
pasandome pasándome
pasandose pasándose
pasandote pasándote
pasapure pasapuré
pasapures pasapurés
pasapureses pasapurés
pasapuréses pasapurés
pasaria pasaría
pasarian pasarían
pasarón pasaron
pasciencia paciencia
pasciente paciente
pascientes pacientes
paseillo paseíllo
paseillos paseíllos
pasifae pasífae
pasifica pacífica
pasificacion pasificación
pasificación pacificación
pasificamente pacíficamente
pasificas pacíficas
pasifico pacífico
pasificos pacíficos
pasifista pacifista
pasifistas pacifistas
pasion pasión
paspartu paspartú
paspartus paspartús
pasíficamente pacíficamente
patagonica patagónica
patagonicas patagónicas
patagonico patagónico
patagonicos patagónicos
patetica patética
pateticas patéticas
patetico patético
pateticos patéticos
patibulo patíbulo
patibulos patíbulos
patido partido
patidos partidos
patin patín
patogenesis patogénesis
patogeno patógeno
patogenos patógenos
patologia patología
patologias patologías
patologica patológica
patologicamente patológicamente
patologicas patológicas
patologico patológico
patologicos patológicos
patriotica patriótica
patrioticas patrióticas
patriotico patriótico
patrioticos patrióticos
patrocino patrocinio
patron patrón
patzcuaro pátzcuaro
patógenesis patogénesis
pauperrima paupérrima
pauperrimas paupérrimas
pauperrimo paupérrimo
pauperrimos paupérrimos
pavellon pabellón
pavellones pabellones
pavellón pabellón
paves pavés
pavimentacion pavimentación
peaton peatón
pecari pecarí
pecaries pecaríes
pecaris pecarís
pecheria pechería
pecherias pecherías
pecora pécora
pedagogia pedagogía
pedagogias pedagogías
pedagogica pedagógica
pedagogicas pedagógicas
pedagogico pedagógico
pedagogicos pedagógicos
pedaneo pedáneo
pedaneos pedáneos
pedania pedanía
pedanias pedanías
pediatria pediatría
pediatrica pediátrica
pediatricas pediátricas
pediatrico pediátrico
pediatricos pediátricos
pedigre pedigrí
pedigres pedigríes
pedigris pedigrís
pedigré pedigrí
pedigrés pedigríes
pedofila pedófila
pedofilas pedófilas
pedofilo pedófilo
pedofilos pedófilos
pedrestre pedestre
pedrestres pedestres
pedunculo pedúnculo
pedunculos pedúnculos
pefil perfil
pegadisa pegadiza
pegadisas pegadizas
pegadiso pegadizo
pegadisos pegadizos
pekari pecarí
pekaries pecaríes
pekaris pecarís
pekin pekín
pekines pekinés
pelaez peláez
pelagica pelágica
pelagicas pelágicas
pelagico pelágico
pelagicos pelágicos
pelasgica pelásgica
pelasgicas pelásgicas
pelasgico pelásgico
pelasgicos pelásgicos
peleo peleó
peleteria peletería
peleterias peleterías
pelicula película
peliculas películas
peloton pelotón
peluqueria peluquería
peluquerias peluquerías
peluquin peluquín
peléa pelea
peléas peleas
penalty penalti
penaltys penaltis
pendola péndola
pendolas péndolas
penduculo pedúnculo
penduculos pedúnculos
pendula péndula
pendulas péndulas
pendulo péndulo
pendulos péndulos
peninsula península
peninsulas penínsulas
penitencionaria penitenciaria
penitencionarias penitenciarias
penitencionario penitenciario
penitencionarios penitenciarios
penjamo pénjamo
pennsylvania pensilvania
pension pensión
penso pensó
pentacampeon pentacampeón
pentaculo pentáculo
pentaculos pentáculos
pentadactila pentadáctila
pentadactilas pentadáctilas
pentadactilo pentadáctilo
pentadactilos pentadáctilos
pentadecagona pentadecágona
pentadecagonas pentadecágonas
pentadecagono pentadecágono
pentadecagonos pentadecágonos
pentagono pentágono
pentagonos pentágonos
pentametro pentámetro
pentametros pentámetros
pentathlon pentatlón
pentathlón pentatlón
pentatlon pentatlón
penultima penúltima
penultimas penúltimas
penultimo penúltimo
penultimos penúltimos
penínsular peninsular
penínsulares peninsulares
penísula península
penísulas penínsulas
peon peón
peptidica peptídica
peptidicas peptídicas
peptidico peptídico
peptidicos peptídicos
peptido péptido
peptidos péptidos
pequena pequeña
pequenas pequeñas
pequeno pequeño
pequenos pequeños
pequeñisima pequeñísima
pequeñisimas pequeñísimas
pequeñisimo pequeñísimo
pequeñisimos pequeñísimos
percan percán
percapita percápita
percecucion persecución
percecuciones persecuciones
percecución persecución
percusion percusión
percusor precursor
perdiendome perdiéndome
perdiendose perdiéndose
perdiendote perdiéndote
perdio perdió
perdiò perdió
perdon perdón
perdoname perdóname
perdída pérdida
perdídas pérdidas
perdído perdido
perdídos perdidos
perdío perdió
perdíz perdiz
perdónes perdones
peregrinacion peregrinación
perenifolia perennifolia
perenifolias perennifolias
perenifolio perennifolio
perenifolios perennifolios
perez pérez
perfecciono perfeccionó
perfida pérfida
perfidas pérfidas
perfido pérfido
perfidos pérfidos
perfomance performance
perforacion perforación
perforasion perforación
perforasiones perforaciones
perforasión perforación
performada interpretada
performadas interpretadas
performado interpretado
performados interpretados
performar interpretar
perfusion perfusión
perfíl perfil
pergreñó pergeñó
pericardica pericárdica
pericardicas pericárdicas
pericardico pericárdico
pericardicos pericárdicos
perido período
peridos períodos
periferica periférica
perifericas periféricas
periferico periférico
perifericos periféricos
perimetro perímetro
perimetros perímetros
perine periné
perines perinés
periodica periódica
periodicamente periódicamente
periodicas periódicas
periodico periódico
periodicos periódicos
periodistica periodística
periodisticas periodísticas
periodistico periodístico
periodisticos periodísticos
periodícamente periódicamente
periodísta periodista
periodístas periodistas
peripatetica peripatética
peripateticas peripatéticas
peripatetico peripatético
peripateticos peripatéticos
perisodactilo perisodáctilo
perisodactilos perisodáctilos
periódo período
periódos períodos
perjudiciar perjudicial
permanecia permanecía
permanecian permanecían
permanecio permaneció
permaneción permaneció
permanencen permanecen
permansion permansión
permica pérmica
permicas pérmicas
permico pérmico
permicos pérmicos
permision permisión
permitia permitía
permitian permitían
permitiendola permitiéndola
permitiendolas permitiéndolas
permitiendole permitiéndole
permitiendoles permitiéndoles
permitiendolo permitiéndolo
permitiendolos permitiéndolos
permitiendose permitiéndose
permitio permitió
permitiria permitiría
permitirian permitirían
perone peroné
peronísmo peronismo
peronísmos peronismos
peroxido peróxido
peroxidos peróxidos
perpendiculo perpendículo
perpendiculos perpendículos
perpetracion perpetración
perpignan perpiñán
perpretada perpetrada
perpretadas perpetradas
perpretado perpetrado
perpretados perpetrados
persecucion persecución
persecusion persecución
persecusiones persecuciones
persecusión persecución
persica pérsica
persicas pérsicas
persico pérsico
persicos pérsicos
personalizacion personalización
persuación persuasión
pertence pertenece
pertencen pertenecen
pertences perteneces
pertenciente perteneciente
pertencientes pertenecientes
pertencía pertenecía
pertencían pertenecían
pertenecia pertenecía
pertenenciente perteneciente
pertenencientes pertenecientes
pertenese pertenece
pertenesen pertenecen
pertica pértica
perticas pérticas
pertiga pértiga
pertigas pértigas
pertigo pértigo
pertigos pértigos
perturbacion perturbación
peru perú
períodica periódica
períodicamente periódicamente
períodicas periódicas
períodico periódico
períodicos periódicos
pesima pésima
pesimamente pésimamente
pesimas pésimas
pesimo pésimo
pesimos pésimos
petalo pétalo
petalos pétalos
petesburgo petersburgo
peticion petición
petrea pétrea
petreas pétreas
petreo pétreo
petreos pétreos
petroleo petróleo
petroleora petrolera
petroleoras petroleras
pezca pesca
pezcado pescado
pezcados pescados
pezon pezón
peícula película
peículas películas
peñon peñón
philadelphia filadelfia
piamontes piamontés
picara pícara
picaras pícaras
picaro pícaro
picaros pícaros
picazon picazón
picnic pícnic
picnica pícnica
picnicas pícnicas
picnico pícnico
picnicos pícnicos
picrico pícrico
picricos pícricos
pictografia pictografía
pictografias pictografías
pictografica pictográfica
pictograficas pictográficas
pictografico pictográfico
pictograficos pictográficos
pictorica pictórica
pictoricas pictóricas
pictorico pictórico
pictoricos pictóricos
pidio pidió
pielago piélago
pielagos piélagos
piercing pirsin
piercings pírsines
piesa pieza
pieses pies
piezoelectrica piezoeléctrica
piezoelectricas piezoeléctricas
piezoelectrico piezoeléctrico
piezoelectricos piezoeléctricos
piezometria piezometría
piezometrias piezometrías
piezometro piezómetro
piezometros piezómetros
pifano pífano
pifanos pífanos
pildora píldora
pildoras píldoras
pilorica pilórica
piloricas pilóricas
pilorico pilórico
piloricos pilóricos
piloro píloro
piloros píloros
pimenton pimentón
pimer primer
pimera primera
pimeras primeras
pimero primero
pimeros primeros
pimpon pimpón
pinaculo pináculo
pinaculos pináculos
pindarica pindárica
pindaricas pindáricas
pindarico pindárico
pindaricos pindáricos
pindaro píndaro
pinguino pingüino
pinguinos pingüinos
pins pines
pintorequismo pintoresquismo
pinula pínula
pinulas pínulas
pinzon pinzón
piraguismo piragüismo
piraguista piragüista
piraguistas piragüistas
piramide pirámide
piramides pirámides
pirateria piratería
piraterias piraterías
pircun pircún
pirmer primer
pirmera primera
pirmeras primeras
pirmero primero
pirmeros primeros
pirogalica pirogálica
pirogalicas pirogálicas
pirogalico pirogálico
pirogalicos pirogálicos
pirolisis pirólisis
piromana pirómana
piromanas pirómanas
piromania piromanía
piromanias piromanías
piromano pirómano
piromanos pirómanos
pirometro pirómetro
pirometros pirómetros
piron pirón
pirotecnica pirotécnica
pirotecnicas pirotécnicas
pirotecnico pirotécnico
pirotecnicos pirotécnicos
pirotécnia pirotecnia
pirotécnias pirotecnias
pirrica pírrica
pirricas pírricas
pirrico pírrico
pirricos pírricos
pirsines pírsines
piruli pirulí
pirulis pirulís
pison pisón
piston pistón
pitagoras pitágoras
pitagorica pitagórica
pitagoricas pitagóricas
pitagorico pitagórico
pitagoricos pitagóricos
pitica pítica
piticas píticas
pitico pítico
piticos píticos
pitiyanki pitiyanqui
piton pitón
pivot pívot
pivots pívots
pixels píxeles
pizarreria pizarrería
pizarrerias pizarrerías
pizarrin pizarrín
pizarron pizarrón
piáis piais
pié pie
piéis pieis
piés pies
piñon piñón
pió pio
pión pion
placida plácida
placidas plácidas
placido plácido
placidos plácidos
plafon plafón
plamares palmarés
plamarés palmarés
planchon planchón
planficacion planificación
planficaciones planificaciones
planficación planificación
planificacion planificación
planifición planificación
planimetro planímetro
planimetros planímetros
planning plan
plantacion plantación
plantigrada plantígrada
plantigradas plantígradas
plantigrado plantígrado
plantigrados plantígrados
planton plantón
plaquetolisis plaquetólisis
plasmatica plasmática
plasmaticas plasmáticas
plasmatico plasmático
plasmaticos plasmáticos
plaso plazo
plasos plazos
plastica plástica
plasticas plásticas
plastico plástico
plasticos plásticos
platano plátano
platanos plátanos
platforma plataforma
platformas plataformas
platicas pláticas
platon platón
platonica platónica
platonicamente platónicamente
platonicas platónicas
platonico platónico
platonicos platónicos
plesbicito plebiscito
plesbicitos plebiscitos
pletorica pletórica
pletoricas pletóricas
pletorico pletórico
pletoricos pletóricos
ploblema problema
ploblemas problemas
plotter plóter
plotters plóteres
plumbaginacea plumbaginácea
plumbaginaceas plumbagináceas
plumbaginaceo plumbagináceo
plumbaginaceos plumbagináceos
plumbaginea plumbagínea
plumbagineas plumbagíneas
plumbagineo plumbagíneo
plumbagineos plumbagíneos
plumin plumín
plumion plumión
plumon plumón
pluviometica pluviométrica
pluviometicas pluviométricas
pluviometico pluviométrico
pluviometicos pluviométricos
pluviometria pluviometría
pluviometrias pluviometrías
pluviometrica pluviométrica
pluviometricas pluviométricas
pluviometrico pluviométrico
pluviometricos pluviométricos
pluviometro pluviómetro
pluviometros pluviómetros
pluviomética pluviométrica
pluviométicas pluviométricas
pluviomético pluviométrico
pluviométicos pluviométricos
pobalcion población
pobalción población
pobaldor poblador
pobaldoras pobladoras
pobaldores pobladores
poblachon poblachón
poblacion población
poblacíon población
pobladore pobladores
poblema problema
poblemas problemas
pocicion posición
pocicionar posicionar
pocicionó posicionó
pocion poción
pocision posición
pocisionar posicionar
pocisión posición
podcast pódcast
podcasts pódcast
podia podía
podian podían
podias podías
podiendo pudiendo
podieron pudieron
podium pódium
podologa podóloga
podologas podólogas
podologia podología
podologias podologías
podologo podólogo
podologos podólogos
podra podrá
podran podrán
podras podrás
podria podría
podrian podrían
podrias podrías
poductiva productiva
poductivas productivas
poductivo productivo
poductivos productivos
poesia poesía
poesias poesías
poetica poética
poeticamente poéticamente
poeticas poéticas
poetico poético
poeticos poéticos
poetísa poetisa
pograma programa
pogramación programación
pogramas programas
pokemon pokémon
pokemones pokémon
pokemons pokémon
poker póker
pokémones pokémon
pokémons pokémon
polder pólder
polderes pólderes
polegomeno prolegómeno
polegomenos prolegómenos
polegómeno prolegómeno
polegómenos prolegómenos
polemica polémica
polemicas polémicas
polemico polémico
polemicos polémicos
poliarquia poliarquía
poliarquias poliarquías
poliarquica poliárquica
poliarquicas poliárquicas
poliarquico poliárquico
poliarquicos poliárquicos
policia policía
policias policías
policiclica policíclica
policiclicas policíclicas
policiclico policíclico
policiclicos policíclicos
policlinica policlínica
policlinicas policlínicas
policromia policromía
policromias policromías
policíal policial
poliester poliéster
poliesteres poliésteres
polifonia polifonía
polifonias polifonías
polifonica polifónica
polifonicas polifónicas
polifonico polifónico
polifonicos polifónicos
poliformismo polimorfismo
poliglota políglota
poligloto polígloto
poligono polígono
poligonos polígonos
polimerica polimérica
polimericas poliméricas
polimerico polimérico
polimericos poliméricos
polimero polímero
polimeros polímeros
polin polín
polinizacion polinización
polipo pólipo
polipos pólipos
poliptico políptico
polipticos polípticos
polisacarido polisacárido
polisacaridos polisacáridos
polisia policía
polisias policías
polisindeton polisíndeton
polisindetones polisíndeton
polisindetónes polisíndeton
polison polisón
polisía policía
polisías policías
politecnica politécnica
politecnicas politécnicas
politecnico politécnico
politecnicos politécnicos
politeismo politeísmo
politeismos politeísmos
politeista politeísta
politeistas politeístas
politica política
politicamente políticamente
politicas políticas
politicización politización
politico político
politicos políticos
politologa politóloga
politologas politólogas
politologia politología
politologias politologías
politologo politólogo
politologos politólogos
politíca política
politícas políticas
politíco político
politícos políticos
polizon polizón
pollilla polilla
pollillas polillas
polvadera polvareda
polvora pólvora
polvoras pólvoras
polyester poliéster
polyesters poliésteres
polónia polonia
pomez pómez
pompatica pompática
pompaticas pompáticas
pompatico pompático
pompaticos pompáticos
pomulo pómulo
pomulos pómulos
ponasi ponasí
ponasis ponasís
poneis ponéis
poney póney
ponies ponis
poniéndo poniendo
pontederiacea pontederiácea
pontederiaceas pontederiáceas
pontederiaceo pontederiáceo
pontederiaceos pontederiáceos
pontica póntica
ponticas pónticas
pontico póntico
ponticos pónticos
pontifice pontífice
pontifices pontífices
pony poni
ponys ponis
popocatepetl popocatépetl
popularisar popularizar
populariso popularizó
popularisó popularizó
popularizo popularizó
popurri popurrí
popurris popurrís
popúrri popurrí
popúrris popurrís
poquer póquer
porcedente procedente
porcedentes procedentes
porcion porción
porgrama programa
porgramas programas
pornografa pornógrafa
pornografas pornógrafas
pornografia pornografía
pornografias pornografías
pornografica pornográfica
pornograficas pornográficas
pornografico pornográfico
pornograficos pornográficos
pornografo pornógrafo
pornografos pornógrafos
pororo pororó
porpia propia
porpias propias
porpio propio
porpios propios
portaavion portaviones
portaavión portaviones
portalampara portalámpara
portalamparas portalámparas
portatil portátil
portatiles portátiles
portavion portaviones
portavión portaviones
porteria portería
porterias porterías
porteriormente posteriormente
porterirmente posteriormente
portico pórtico
porticos pórticos
portuges portugués
portugues portugués
portuguésa portuguesa
portugés portugués
posbelica posbélica
posbelicas posbélicas
posbelico posbélico
posbelicos posbélicos
poscicfión posición
poscisión posición
poscombustion poscombustión
poseia poseía
poseian poseían
poseias poseías
poseida poseída
poseidas poseídas
poseido poseído
poseidos poseídos
posesion posesión
poseé posee
posibilides posibilidades
posiblidad posibilidad
posiblidades posibilidades
posicion posición
posiciono posicionó
posicón posición
posision posición
posisionar posicionar
posisionó posicionó
positión position
poson posón
posrromántica posromántica
posrrománticas posrománticas
posrromántico posromántico
posrrománticos posrománticos
postacion postación
postbelica postbélica
postbelicas postbélicas
postbelico postbélico
postbelicos postbélicos
postcombustion postcombustión
poster póster
posteriomente posteriormente
posterioremente posteriormente
posters pósteres
postetiormente posteriormente
postilacion postilación
postin postín
postracion postración
postrimeria postrimería
postrimerias postrimerías
postuma póstuma
postumamente póstumamente
postumas póstumas
postumo póstumo
postumos póstumos
posée posee
posía podía
posían podían
posías podías
posíblemente posiblemente
potage potaje
potages potajes
potasica potásica
potasicas potásicas
potasico potásico
potasicos potásicos
potosies potosíes
potosis potosís
povocar provocar
pqueña pequeña
pqueñas pequeñas
pqueño pequeño
pqueños pequeños
pra para
pracrita prácrita
pracritas prácritas
pracrito prácrito
pracritos prácritos
practica práctica
practicamente prácticamente
practicas prácticas
practico práctico
practicos prácticos
practíca práctica
pragmatica pragmática
pragmaticas pragmáticas
pragmatico pragmático
pragmaticos pragmáticos
prague praga
praline praliné
preambulo preámbulo
preambulos preámbulos
precepcion precepción
precicion precisión
precición precisión
precidencia presidencia
precidencial presidencial
precidenciales presidenciales
precidencias presidencias
precidenta presidenta
precidentas presidentas
precidente presidente
precidentes presidentes
precidida presidida
precididas presididas
precidido presidido
precididos presididos
precidir presidir
precion presión
precision precisión
precisones precisiones
precisón precisión
preción presión
precognicion precognición
preconcepcion preconcepción
precusor precursor
precusores precursores
precísamente precisamente
predesesor predecesor
predesesores predecesores
prediz perdiz
predominatemente predominantemente
preescribir prescribir
preescripcion prescripción
preescripción prescripción
preescriptible prescriptible
preescriptibles prescriptibles
preevisible previsible
prefacion prefación
prefectua prefectura
prefectuas prefecturas
prefecutra prefectura
prefecutras prefecturas
preferiblemnte preferiblemente
preferió prefirió
preguntandole preguntándole
preguntandoles preguntándoles
prehispanica prehispánica
prehispanicas prehispánicas
prehispanico prehispánico
prehispanicos prehispánicos
prehistorica prehistórica
prehistoricas prehistóricas
prehistorico prehistórico
prehistoricos prehistóricos
prelacia prelacía
prelacias prelacías
prelacion prelación
premiacion premiación
premiere premier
preminencia preeminencia
preminencias preeminencias
preminente preeminente
preminentemente preeminentemente
preminentes preeminentes
premiso permiso
premium prémium
première premier
premiére premier
prendio prendió
prensapure prensapuré
prensapures prensapurés
prentendía pretendía
prentendían pretendían
preocupacion preocupación
preocupasion preocupación
preolimpica preolímpica
preolimpicas preolímpicas
preolimpico preolímpico
preolimpicos preolímpicos
preparacion preparación
preparandose preparándose
preparava preparaba
preparavan preparaban
preposicion preposición
prepracion preparación
prepraciones preparaciones
prepración preparación
prerequisito prerrequisito
prerequisitos prerrequisitos
presbita présbita
presbitas présbitas
presbite présbite
presbitero presbítero
presbiteros presbíteros
presbites présbites
presdiente presidente
presdientes presidentes
presentacion presentación
presentandose presentándose
presentarón presentaron
presento presentó
preservacion preservación
presicion precisión
presición precisión
presidia presidía
presididia presidida
presididias presididas
presididio presidido
presididios presididos
presindecial presidencial
presindeciales presidenciales
presion presión
presipitacion precipitación
presipitaciones precipitaciones
presipitación precipitación
presipitada precipitada
presipitadas precipitadas
presipitado precipitado
presipitados precipitados
presipitaría precipitaría
presipitarías precipitarías
presisamente precisamente
presocratica presocrática
presocraticas presocráticas
presocratico presocrático
presocraticos presocráticos
pressing presión
prestacion prestación
prestamo préstamo
prestamos préstamos
prestido préstido
prestidos préstidos
presumio presumió
pretencion pretención
pretendidadmente pretendidamente
pretension pretención
pretensiónes pretensiones
preterita pretérita
preteritas pretéritas
preterito pretérito
preteritos pretéritos
pretigiosa prestigiosa
pretigiosas prestigiosas
pretigioso prestigioso
pretigiosos prestigiosos
pretorado pretura
prevee prevé
preveer prever
preveerse preverse
prevencion prevención
prevenda prebenda
prevension prevención
prevensión prevención
preveyendo previendo
preveyéndose previéndose
preveyó previó
previ preví
prevée prevé
pricionera prisionera
pricioneras prisioneras
pricionero prisionero
pricioneros prisioneros
pricipado principado
pricipados principados
pricipal principal
pricipales principales
pricipe príncipe
pricipes príncipes
pricipios principios
pricipos principios
priista priísta
primacia primacía
primacias primacías
primavrea primavera
primavreas primaveras
primogenita primogénita
primogenitas primogénitas
primogenito primogénito
primogenitos primogénitos
primr primer
primra primera
primras primeras
primro primero
primros primeros
primula prímula
primulacea primulácea
primulaceas primuláceas
primulaceo primuláceo
primulaceos primuláceos
primulas prímulas
primária primaria
primárias primarias
princiapl principal
princiaples principales
principalemente principalmente
principamente principalmente
principe príncipe
principes príncipes
principiós principios
principlamente principalmente
princpal principal
princpales principales
princpalmente principalmente
princpio principio
princpios principios
prinicipal principal
prinicipio principio
prinicipios principios
prinicpal principal
prinicpales principales
prinicpial principal
prinipalemente principalmente
prinsesa princesa
prinsipio principio
prinsipios principios
prision prisión
prismatica prismática
prismaticas prismáticas
prismatico prismático
prismaticos prismáticos
pristinas prístinas
pristino prístino
pristinos prístinos
privacion privación
prión prion
proamnistia proamnistía
proamnistias proamnistías
probablemende probablemente
probelmas problemas
probervio proverbio
probervios proverbios
problablemente probablemente
problación población
problematica problemática
problematicas problemáticas
problematico problemático
problematicos problemáticos
problemente probablemente
probocan provocan
probocar provocar
probocas provocas
probritanica probritánica
probritanicas probritánicas
probritanico probritánico
probritanicos probritánicos
procalmó proclamó
procedio procedió
procendente procedente
procendentes procedentes
procentaje porcentaje
procentajes porcentajes
procer prócer
proceres próceres
procesion procesión
procidimiento procedimiento
procidimientos procedimientos
proclamacion proclamación
proclamo proclamó
procreo procreó
procuracion procuración
procuradoria procuraduría
procuradorias procuradurías
procuradoría procuraduría
procuradorías procuradurías
prodiga pródiga
prodigas pródigas
prodigo pródigo
prodigos pródigos
prodría podría
prodrían podrían
prodrías podrías
produccion producción
producia producía
producian producían
produciendose produciéndose
producieron produjeron
producio produjo
producion producción
produciones producciones
produció produjo
produción producción
produjó produjo
profecia profecía
profecias profecías
profecion profesión
profecional profesional
profeción profesión
profesia profecía
profesion profesión
profesionalizacion profesionalización
profesía profecía
profetica profética
profeticas proféticas
profetico profético
profeticos proféticos
profunca profunda
profuncidad profundidad
profuncidades profundidades
profundida profundidad
profundidads profundidad
profundidas profundidad
progamador programador
progamadora programadora
progamadoras programadoras
progimo prójimo
progimos prójimos
program programa
programacion programación
progrma programa
progrmas programas
prohiba prohíba
prohiban prohíban
prohibe prohíbe
prohiben prohíben
prohibes prohíbes
prohibicion prohibición
prohibio prohibió
prohibo prohíbo
prohíbir prohibir
prois proís
projecto proyecto
projectos proyectos
projimo prójimo
projimos prójimos
prolegomeno prolegómeno
prolegomenos prolegómenos
proliferacion proliferación
proliferea prolifera
proliferean proliferan
prolifereas proliferas
prolifica prolífica
prolificamente prolíficamente
prolificas prolíficas
prolifico prolífico
prolificos prolíficos
prologo prólogo
prologos prólogos
prolongacion prolongación
prolongo prolongó
promocion promoción
promosion promoción
promosionar promocionar
promosión promoción
promulgo promulgó
proncipalmente principalmente
proninció pronunció
prontó pronto
pronunciacion pronunciación
pronunción pronunció
propagacion propagación
proparoxitona proparoxítona
proparoxitonas proparoxítonas
proparoxitono proparoxítono
proparoxitonos proparoxítonos
proporcina proporciona
proporcinaba proporcionaba
proporcinaban proporcionaban
proporcinada proporcionada
proporcinado proporcionado
proporcinan proporcionan
proporcinando proporcionando
proporcinar proporcionar
proporcinarle proporcionarle
proporcinaron proporcionaron
proporcinándoles proporcionándoles
proporcinó proporcionó
proporcion proporción
proposicion proposición
proposito propósito
propositos propósitos
propotipo prototipo
propotipos prototipos
propulcion propulsión
propulciona propulsa
propulción propulsión
propulsion propulsión
propusó propuso
proque porque
prorroga prórroga
prorrogas prórrogas
prosigió prosiguió
prosiguio prosiguió
prosodica prosódica
prosodicas prosódicas
prosodico prosódico
prosodicos prosódicos
prospero próspero
prostata próstata
prostatas próstatas
prostatica prostática
prostaticas prostáticas
prostatico prostático
prostaticos prostáticos
prostetica prostética
prosteticas prostéticas
prostetico prostético
prosteticos prostéticos
prostibulo prostíbulo
prostibulos prostíbulos
prostitucion prostitución
protagonica protagónica
protagonicas protagónicas
protagonico protagónico
protagonicos protagónicos
protagonistica protagonística
protagonisticas protagonísticas
protagonistico protagonístico
protagonisticos protagonísticos
protagonizacion protagonización
protagonizo protagonizó
protagosnismo protagonismo
protagosnista protagonista
protagosnistas protagonistas
protagónizada protagonizada
protagónizadas protagonizadas
protagónizado protagonizado
protagónizados protagonizados
proteccion protección
protecion protección
proteción protección
protegia protegía
protegias protegías
protegiendola protegiéndola
protegiendolas protegiéndolas
protegiendole protegiéndole
protegiendoles protegiéndoles
protegiendolo protegiéndolo
protegiendolos protegiéndolos
proteina proteína
proteinas proteínas
proteinica proteínica
proteinicas proteínicas
proteinico proteínico
proteinicos proteínicos
proteinolisis proteinólisis
proteje protege
protejen protegen
protejer proteger
protejerla protegerla
protejerlas protegerlas
protejerle protegerle
protejerles protegerles
protejerlo protegerlo
protejerlos protegerlos
protejerse protegerse
protejida protegida
protejidas protegidas
protejido protegido
protejidos protegidos
protejiendo protegiendo
protejiera protegiera
protejieron protegieron
protejiese protegiese
protejio protegió
protejió protegió
protenia proteína
protenias proteínas
protenía proteína
protenías proteínas
proteolisis proteólisis
protesica protésica
protesicas protésicas
protesico protésico
protesicos protésicos
protesis prótesis
protetica protética
proteticas protéticas
protetico protético
proteticos protéticos
proton protón
protosemitico protosemítico
protugal portugal
protusion protrusión
protusiones protrusiones
protusión protrusión
protuverancia protuberancia
protéica proteica
protéicas proteicas
protéico proteico
protéicos proteicos
provedor proveedor
proveduria proveeduría
provedurias proveedurías
proveduría proveeduría
provedurías proveedurías
proveiria proveería
proveirias proveerías
proveiría proveería
proveirías proveerías
provenen provienen
provervio proverbio
provervios proverbios
proveyo proveyó
provicia provincia
provicias provincias
provicion provisión
provicional provisional
proviciones provisiones
provición provisión
provinca provincia
provincas provincias
proviniente proveniente
provisonal provisional
provisonales provisionales
provoco provocó
provoncando provocando
província provincia
províncias provincias
proxima próxima
proximamente próximamente
proximas próximas
proximo próximo
proximos próximos
proyeccion proyección
prticipación participación
prticipo participó
prticipó participó
prusico prúsico
prusicos prúsicos
prícipe príncipe
prícipes príncipes
príncesa princesa
príncipal principal
príncipales principales
príncipio principio
príncipios principios
prógimo prójimo
prógimos prójimos
própia propia
própias propias
própio propio
própios propios
prósperidad prosperidad
pseudonimo pseudónimo
pseudoparalisis pseudoparálisis
psicanálisis psicoanálisis
psicoanalisis psicoanálisis
psicoanalitica psicoanalítica
psicoanaliticas psicoanalíticas
psicoanalitico psicoanalítico
psicoanaliticos psicoanalíticos
psicodelica psicodélica
psicodelicas psicodélicas
psicodelico psicodélico
psicodelicos psicodélicos
psicofisica psicofísica
psicofisico psicofísico
psicologa psicóloga
psicologas psicólogas
psicologia psicología
psicologias psicologías
psicologica psicológica
psicologicas psicológicas
psicologico psicológico
psicologicos psicológicos
psicologo psicólogo
psicologos psicólogos
psicologuia psicología
psicopata psicópata
psicopatas psicópatas
psicopatia psicopatía
psicopatias psicopatías
psicopatologia psicopatología
psicopatologias psicopatologías
psicotropica psicotrópica
psicotropicas psicotrópicas
psicotropico psicotrópico
psicotropicos psicotrópicos
psiquiatria psiquiatría
psiquiatrias psiquiatrías
psiquiatrica psiquiátrica
psiquiatricas psiquiátricas
psiquiatrico psiquiátrico
psiquiatricos psiquiátricos
psiquica psíquica
psiquicas psíquicas
psiquico psíquico
psiquicos psíquicos
pua púa
puas púas
pubica púbica
pubicada publicada
pubicadas publicadas
pubicado publicado
pubicados publicados
pubicas púbicas
pubico púbico
pubicos púbicos
pubicó publicó
publica pública
publicacion publicación
publicamente públicamente
publicas públicas
publico público
publicos públicos
publicán publican
puden pueden
pudiéndo pudiendo
pudricion pudrición
pudrida podrida
pudridas podridas
pudrido podrido
pudridos podridos
pudó pudo
puediendo pudiendo
puediese pudiese
puercoespin puercoespín
puertoriqueña puertorriqueña
puertoriqueñas puertorriqueñas
puertoriqueño puertorriqueño
puertoriqueños puertorriqueños
pugil púgil
pugiles púgiles
pulcera pulsera
pulceras pulseras
pulcerass pulseras
pullman pulman
pullmans púlmanes
pullover pulóver
pullovers pulóveres
pulmanes púlmanes
pulmon pulmón
pulmonia pulmonía
pulmonias pulmonías
pulperia pulpería
pulperias pulperías
pulsatil pulsátil
pulsatiles pulsátiles
pulserass pulseras
pulsimetro pulsímetro
pulsion pulsión
puncion punción
punica púnica
punicas púnicas
punico púnico
punicos púnicos
puntacion puntación
punteria puntería
puntuacion puntuación
punzonar puncionar
pupura púrpura
pupuras púrpuras
pupurri popurrí
pupurris popurrís
pupurrí popurrí
pupurrís popurrís
pure puré
purisima purísima
purisimas purísimas
purisimo purísimo
purisimos purísimos
purpura púrpura
purpuras púrpuras
pusilanime pusilánime
pusilanimes pusilánimes
pusó puso
putrefaccion putrefacción
puzzle puzle
puzzles puzles
puá púa
puás púas
pués pues
pyeongchang pieonchang
pyongyang pionyang
pácifico pacífico
pácificos pacíficos
páis país
páises países
pálmares palmarés
pánel panel
páneles paneles
pécari pecarí
pécaries pecaríes
pécaris pecarís
pékari pecarí
pékaries pecaríes
pékaris pecarís
pélicula película
péliculas películas
pérdio perdió
pírsin pirsin
pórticado porticado
pósters pósteres
pùblico público
públicada publicada
públicadas publicadas
públicado publicado
públicados publicados
públicar publicar
púes pues
púlman pulman
púpura púrpura
púpuras púrpuras
púro puro
púros puros
qatar catar
qbit cúbit
qbits cúbits
qe que
qeu que
qual cual
qualquier cualquier
qualquiera cualquiera
quark cuark
quarks cuarks
qubit cúbit
qubits cúbits
quebeques quebequés
quedaria quedaría
quedarian quedarían
quedarón quedaron
quedo quedó
quelenquelen quelenquelén
querandi querandí
querandies querandíes
querandis querandís
queratolisis queratólisis
queretaro querétaro
queria quería
querian querían
querias querías
queridísmo queridísimo
quermes quermés
querrellas querellas
quie que
quiereme quiéreme
quiliarea quiliárea
quiliareas quiliáreas
quimerica quimérica
quimericas quiméricas
quimerico quimérico
quimericos quiméricos
quimica química
quimicamente químicamente
quimicas químicas
quimico químico
quimicos químicos
quimistan quimistán
quincuagesima quincuagésima
quincuagesimas quincuagésimas
quincuagesimo quincuagésimo
quincuagesimos quincuagésimos
quinela quiniela
quinelas quinielas
quinelera quinielera
quineleras quinieleras
quinelero quinielero
quineleros quinieleros
quinesiologa quinesióloga
quinesiologas quinesiólogas
quinesiologia quinesiología
quinesiologica quinesiológica
quinesiologicas quinesiológicas
quinesiologico quinesiológico
quinesiologicos quinesiológicos
quinesiologo quinesiólogo
quinesiologos quinesiólogos
quinesioterapica quinesioterápica
quinesioterapicas quinesioterápicas
quinesioterapico quinesioterápico
quinesioterapicos quinesioterápicos
quingentesima quingentésima
quingentesimas quingentésimas
quingentesimo quingentésimo
quingentesimos quingentésimos
quinteria quintería
quinterias quinterías
quintupla quíntupla
quintuplas quíntupla
quintuple quíntuple
quintuples quíntuples
quintuplo quíntuplo
quintuplos quíntuplos
quirigua quiriguá
quiroptero quiróptero
quiropteros quirópteros
quiros quirós
quirurgica quirúrgica
quirurgicas quirúrgicas
quirurjica quirúrgica
quirurjicamente quirúrgicamente
quirurjicas quirúrgicas
quirúrjica quirúrgica
quirúrjicamente quirúrgicamente
quirúrjicas quirúrgicas
quisio quicio
quistica quística
quisticas quísticas
quistico quístico
quisticos quísticos
quisó quiso
quiza quizá
quizas quizás
quizo quiso
quizó quiso
quásar cuásar
quásars cuásares
québec quebec
quíen quien
quórum cuórum
qúbit cúbit
qúbits cúbits
rabano rábano
rabanos rábanos
rabdomiolisis rabdomiólisis
rabi rabí
rabies rabíes
rabinica rabínica
rabinicas rabínicas
rabinico rabínico
rabinicos rabínicos
rabion rabión
rabis rabís
rabon rabón
rachmaninoff rajmáninov
rachmaninov rajmáninov
racion ración
racionalizaria racionalizaría
racionalizarian racionalizarían
racionalizarias racionalizarías
radiacion radiación
radian radián
radioastronoma radioastrónoma
radioastronomas radioastrónomas
radioastronomia radioastronomía
radioastronomias radioastronomías
radioastronomica radioastronómica
radioastronomicas radioastronómicas
radioastronomico radioastronómico
radioastronomicos radioastronómicos
radioastronomo radioastrónomo
radioastronomos radioastrónomos
radiodifusion radiodifusión
radioelectrica radioeléctrica
radioelectricas radioeléctricas
radioelectrico radioeléctrico
radioelectricos radioeléctricos
radiofonica radiofónica
radiofonicas radiofónicas
radiofonico radiofónico
radiofonicos radiofónicos
radioinmunoanalisis radioinmunoanálisis
radioisotopo radioisótopo
radioisotopos radioisótopos
radiologa radióloga
radiologas radiólogas
radiologia radiología
radiologo radiólogo
radiologos radiólogos
radiotelefonia radiotelefonía
radiotelefonias radiotelefonías
radiotelefonica radiotelefónica
radiotelefonicas radiotelefónicas
radiotelefonico radiotelefónico
radiotelefonicos radiotelefónicos
radiotelefono radioteléfono
radiotelefonos radioteléfonos
radiotoxica radiotóxica
radiotoxicas radiotóxicas
radiotoxico radiotóxico
radiotoxicos radiotóxicos
radon radón
rafaga ráfaga
rafagas ráfagas
ragu ragú
ragues ragús
ragus ragús
ragúes ragús
raices raíces
raigon raigón
raiz raíz
raizes raíces
rajastan rayastán
ralizar realizar
ralizaron realizaron
ralizó realizó
ramificacion ramificación
ramirez ramírez
ramon ramón
rancaguina rancagüina
rancaguinas rancagüinas
rancaguino rancagüino
rancaguinos rancagüinos
rancheria ranchería
rancherias rancherías
rangifero rangífero
rangiferos rangíferos
rangun rangún
ranking clasificación
rapida rápida
rapidamente rápidamente
rapidas rápidas
rapidemente rápidamente
rapido rápido
rapidos rápidos
rappel rapel
rappels rapeles
rascacielo rascacielos
rascon rascón
ratafia ratafía
ratafias ratafías
ratificacion ratificación
ratifico ratificó
raton ratón
raul raúl
rayador rallador
rayastan rayastán
rayon rayón
razgo rasgo
razgos rasgos
razon razón
razuradora rasuradora
raízes raíces
reabilitacion rehabilitación
reabilitación rehabilitación
reabsorcion reabsorción
reaccion reacción
reactivacion reactivación
reagrupacion reagrupación
realcion relación
realción relación
realimentacion realimentación
realizacion realización
realizarón realizaron
realize realice
realizen realicen
realizo realizó
reallity realidad
rebeldia rebeldía
rebeldias rebeldías
rebelion rebelión
rebelon rebelón
rebentada reventada
rebentadas reventadas
rebentado reventado
rebentados reventados
rebentar reventar
rebentarse reventarse
rebisar revisar
recamara recámara
recamaras recámaras
reccion rección
recepcion recepción
receptaculo receptáculo
receptaculos receptáculos
recesion recesión
rechazen rechacen
recibio recibió
recibío recibió
recide reside
reciden residen
recidencia residencia
recidencias residencias
recidente residente
recidentes residentes
recien recién
reciento recinto
reciproca recíproca
recito recinto
recive recibe
reciven reciben
recivida recibida
recividas recibidas
recivido recibido
recividos recibidos
recivieron recibieron
recivio recibió
recivir recibir
recivirá recibirá
reciviría recibiría
recivirían recibirían
recivió recibió
reciéntemente recientemente
reción recién
recluída recluida
recluídas recluidas
recluído recluido
recluídos recluidos
recluír recluir
recnstruccion reconstrucción
recnstrucciones reconstrucciones
recnstrucción reconstrucción
recompenso recompensó
reconciliacion reconciliación
recondita recóndita
reconditas recónditas
recondito recóndito
reconditos recónditos
reconduccion reconducción
reconducieron recondujeron
reconducio recondujo
recondució recondujo
reconocimento reconocimiento
reconocimentos reconocimientos
reconocio reconoció
reconquisto reconquistó
reconstruia reconstruía
reconstruian reconstruían
reconstruyo reconstruyó
reconstruyò reconstruyó
reconstruída reconstruida
reconstruídas reconstruidas
reconstruído reconstruido
reconstruídos reconstruidos
reconstruír reconstruir
recontrucción reconstrucción
recopilacion recopilación
recopilatotia recopilatoria
recopilatotias recopilatorias
recopilatotio recopilatorio
recopilatotios recopilatorios
recor récor
record récord
recordman plusmarquista
records récords
recordwoman plusmarquista
recores récores
recreacion recreación
recreacional recreativo
recreacionales recreativos
rectangulo rectángulo
rectangulos rectángulos
rectidud rectitud
rectificacion rectificación
rectoria rectoría
rectorias rectorías
recuperacion recuperación
recusacion recusación
redargucion redargución
redarguir redargüir
redejon redejón
redencion redención
reduccion reducción
reducieron redujeron
reducio redujo
redució redujo
reediccion reedición
reedicción reedición
reeleccion reelección
reeleción reelección
reeligida reelegida
reeligidas reelegidas
reeligido reelegido
reeligidos reelegidos
reencarnacion reencarnación
reencarnasion reencarnación
reencontro reencontró
reestablecer restablecer
reestablecida restablecida
reestablecidas restablecidas
reestablecido restablecido
reestablecidos restablecidos
reestablecimiento restablecimiento
reestructuracion reestructuración
reevalua revalúa
reevaluaba revaluaba
reevaluaban revaluaban
reevaluabas revaluabas
reevaluacion revaluación
reevaluaciones revaluaciones
reevaluación revaluación
reevaluada revaluada
reevaluadas revaluadas
reevaluado revaluado
reevaluados revaluados
reevaluan revalúan
reevaluando revaluando
reevaluandola revaluándola
reevaluandolas revaluándolas
reevaluandole revaluándole
reevaluandoles revaluándoles
reevaluandolo revaluándolo
reevaluandolos revaluándolos
reevaluar revaluar
reevaluara revaluara
reevaluaran revaluaran
reevaluaras revaluaras
reevaluaron revaluaron
reevaluarse revaluarse
reevaluará revaluará
reevaluarán revaluarán
reevaluarás revaluarás
reevaluas revalúas
reevaluciones revaluaciones
reevalución revaluación
reevaluándola revaluándola
reevaluándolas revaluándolas
reevaluándole revaluándole
reevaluándoles revaluándoles
reevaluándolo revaluándolo
reevaluándolos revaluándolos
reevaluó revaluó
reevalúa revalúa
reevalúan revalúan
reevalúas revalúas
reevalúe revalúe
refeccion refección
refencia referencia
refencias referencias
referancia referencia
referancias referencias
referecias referencias
referee réferi
reference referencia
referenceia referencia
referenceias referencias
references referencias
referencis referencia
referenciss referencias
referendum referéndum
referenica referencia
referenicas referencias
refererirse referirse
referi réferi
referia refería
referire referirse
referise referirse
referiéndose refiriéndose
referncias referencias
referències referencias
referéncia referencia
referéncias referencias
referências referencias
refinacion refinación
refineria refinería
refinerias refinerías
refiriendose refiriéndose
refirio refirió
refirirse referirse
refirse referirse
reflexion reflexión
refora reforma
reforan reforman
reforas reformas
reforestacion reforestación
refran refrán
refrectometro refractómetro
refrectometros refractómetros
refrectómetro refractómetro
refrectómetros refractómetros
refrigente refringente
refrigentes refringentes
refrigeracion refrigeración
regadia regadía
regadias regadías
regadio regadío
regadios regadíos
regae reggae
regaee reggae
regaetón reguetón
regaton regatón
regeneracion regeneración
regensburgo ratisbona
regeton reguetón
regetón reguetón
reggaetón reguetón
reggeton reguetón
reggetón reguetón
regiduria regiduría
regidurias regidurías
regilla rejilla
regimen régimen
regimenes regímenes
regimontana regiomontana
regimontanas regiomontanas
regimontano regiomontano
regimontanos regiomontanos
regimén régimen
region región
regiòn región
regiónes regiones
regresaria regresaría
regresariamos regresaríamos
regresarian regresarían
reguee reggae
regueton reguetón
regímen régimen
regíon región
rehabilitacion rehabilitación
rehen rehén
rehizo rehízo
rehusa rehúsa
rehusan rehúsan
rehuso rehusó
rehuya rehúya
rehuyan rehúyan
rehuyas rehúyas
rehuye rehúye
rehuyen rehúyen
rehuyes rehúyes
rehuyo rehuyó
rehénes rehenes
reia reía
reian reían
reias reías
reigstrada registrada
reigstradas registradas
reigstrado registrado
reigstrados registrados
reinaguración reinauguración
reinagurado reinaugurado
reinagurar reinaugurar
reinvindica reivindica
reinvindicacion reivindicación
reinvindicación reivindicación
reinvindicada reivindicada
reinvindicadas reivindicadas
reinvindicado reivindicado
reinvindicados reivindicados
reinvindicar reivindicar
reir reír
rejion región
rejiones regiones
rejión región
relaccion relación
relacciona relaciona
relaccionada relacionada
relaccionadas relacionadas
relaccionado relacionado
relaccionados relacionados
relaccionan relacionan
relaccionarse relacionarse
relacciones relaciones
relacción relación
relacciónes relaciones
relacion relación
relajacion relajación
relampago relámpago
relampagos relámpagos
rele relé
releccion reelección
relección reelección
relegida reelegida
relegidas reelegidas
relegido reelegido
relegidos reelegidos
reles relés
releváncia relevancia
relidad realidad
relidades realidades
religion religión
reliza realiza
relizaba realizaba
relizaban realizaban
relización realización
relizada realizada
relizadas realizadas
relizado realizado
relizadores realizadores
relizados realizados
relizan realizan
relizando realizando
relizar realizar
relizara realizara
relizarla realizarla
relizarle realizarle
relizarlo realizarlo
relizaron realizaron
relizarse realizarse
relizará realizará
relizaría realizaría
relizarían realizarían
relizarías realizarías
relizas realizas
relizo realizó
relizándose realizándose
relizó realizó
relog reloj
relogeria relojería
relogero relojero
relogería relojería
reloges relojes
relojeria relojería
remocion remoción
remodelacion remodelación
remolon remolón
remuneracion remuneración
renacio renació
rencarnación reencarnación
rencuentra reencuentra
rencuentran reencuentran
rendon rendón
rene rené
rengifero rengífero
rengiferos rengíferos
renglon renglón
renobables renovables
renobada renovada
renobadas renovadas
renobado renovado
renobados renovados
renobando renovando
renovacion renovación
renuncio renunció
reorganizacion reorganización
reparacion reparación
repectivas respectivas
repecto respecto
repercucion repercusión
repercuciones repercusiones
repercución repercusión
repercusion repercusión
repetió repitió
replica réplica
replicas réplicas
repoblacion repoblación
repoductor reproductor
repoductora reproductora
repoductoras reproductoras
repoductores reproductores
reposteria repostería
reposterias reposterías
reprencion reprensión
reprención reprensión
reprension reprensión
representacion representación
represento representó
represion represión
reproduccion reproducción
reproducia reproducía
reproducian reproducían
reproducias reproducías
reproducieron reprodujeron
reproducio reprodujo
reprodució reprodujo
reptacion reptación
republica república
republicas repúblicas
reputacion reputación
repúblicana republicana
repúblicanas republicanas
repúblicano republicano
repúblicanos republicanos
requeire requiere
requeiren requieren
requeires requieres
requeria requería
requerian requerían
requerias requerías
requeson requesón
requiem réquiem
requiems réquiems
requiería requería
requinoa requínoa
requrida requerida
requridas requeridas
requrido requerido
requridos requeridos
rererencia referencia
rererencias referencias
resagada rezagada
resagadas rezagadas
resagado rezagado
resagados rezagados
rescato rescató
rescribir reescribir
rescrita reescrita
reseccion resección
resfrío resfriado
resibido recibido
resiente reciente
resientes recientes
resignacion resignación
resilencia resiliencia
resistire resistiré
resivido recibido
resolucion resolución
resonacia resonancia
resonacias resonancias
resover resolver
resovió resolvió
respetemosno respetémonos
respetemosnos respetémonos
respetémosno respetémonos
respetémosnos respetémonos
respondio respondió
responsabilización responsabilidad
restablecio restableció
restauracion restauración
restaurant restaurante
restaurants restaurantes
restaurán restaurante
restriccion restricción
restringuida restringida
restringuidas restringidas
restringuido restringido
restringuidos restringidos
restringuir restringir
restringuirse restringirse
restrospectiva retrospectiva
restructuracion restructuración
restuarada restaurada
restuaradas restauradas
restuarado restaurado
restuarados restaurados
restultado resultado
resulto resultó
resumenes resúmenes
resurección resurrección
resurreccion resurrección
resurrecion resurrección
resúmen resumen
retaceria retacería
retacerias retacerías
retenia retenía
retenian retenían
reticulo retículo
reticulos retículos
retirandose retirándose
retomo retomó
retorica retórica
retoricas retóricas
retorico retórico
retoricos retóricos
retractil retráctil
retractiles retráctiles
retrasmision retransmisión
retrasmisiones retransmisiones
retrasmisión retransmisión
retweet retuit
retweets retuits
retwittea retuitea
retwitteaba retuiteaba
retwitteabais retuiteabais
retwitteabamos retuiteábamos
retwitteaban retuiteaban
retwitteabas retuiteabas
retwitteado retuiteado
retwitteais retuiteáis
retwitteamos retuiteamos
retwittean retuitean
retwitteando retuiteando
retwittear retuitear
retwitteas retuiteas
retwitteaste retuiteaste
retwitteasteis retuiteasteis
retwitteatearon retuiteatearon
retwittee retuitee
retwitteo retuiteó
retwitteábamos retuiteábamos
retwitteáis retuiteáis
retwitteé retuiteé
retwitteó retuiteó
retíro retiro
reuna reúna
reune reúne
reunen reúnen
reunio reunió
reunion reunión
reusa rehúsa
reusar rehusar
reusaron rehusaron
reuso reúso
reusó rehusó
revaluacion revaluación
revaluandola revaluándola
revaluandolas revaluándolas
revaluandole revaluándole
revaluandoles revaluándoles
revaluandolo revaluándolo
revaluandolos revaluándolos
revelacion revelación
revelandola revelándola
revelandolas revelándolas
revelandole revelándole
revelandoles revelándoles
revelandolo revelándolo
revelandolos revelándolos
revelandose revelándose
revelo reveló
revertiendo revirtiendo
revertió revirtió
reves revés
revestimento revestimiento
revestimentos revestimientos
revez revés
revision revisión
revizado revisado
revizar revisar
revizion revisión
revizión revisión
revolucion revolución
revolver revólver
revuleta revuelta
revuletas revueltas
reys reyes
reálity realidad
reúsa rehúsa
reúso rehúso
ribonucleotido ribonucleótido
ribonucleotidos ribonucleótidos
ribosomica ribosómica
ribosomicas ribosómicas
ribosomico ribosómico
ribosomicos ribosómicos
ricotta ricota
ridicula ridícula
ridiculamente ridículamente
ridiculas ridículas
ridicules ridiculez
ridiculo ridículo
ridiculos ridículos
rie ríe
rien ríen
riendome riéndome
riendose riéndose
riendote riéndote
ries ríes
rigida rígida
rigides rigidez
rigido rígido
rimel rímel
rimeles rímeles
rimmel rímel
rimmeles rímeles
rindio rindió
rio río
rios ríos
rision risión
ritmica rítmica
ritmicas rítmicas
ritmico rítmico
ritmicos rítmicos
riyad riad
riyadh riad
riáis riais
riñon riñón
rió rio
rnas rna
roatan roatán
robotes robots
robotica robótica
roboticas robóticas
robotico robótico
roboticos robóticos
rocin rocín
rocio rocío
rockanrolear rocanrolear
rockanrolera rocanrolera
rockanroleras rocanroleras
rockanrolero rocanrolero
rockanroleros rocanroleros
rockanrollear rocanrolear
rockanrollera rocanrolera
rockanrolleras rocanroleras
rockanrollero rocanrolero
rockanrolleros rocanroleros
rockera roquera
rockeras roqueras
rockero roquero
rockeros roqueros
rococo rococó
rococos rococós
rocodromo rocódromo
rocodromos rocódromos
rodapie rodapié
rodapies rodapiés
rodeores roedores
rodriguez rodríguez
rodrígez rodríguez
rokera roquera
rokeras roqueras
rokero roquero
rokeros roqueros
rollon rollón
romanica románica
romanicas románicas
romanico románico
romanicos románicos
romanizacion romanización
romantica romántica
romanticas románticas
romantico romántico
romanticos románticos
romeria romería
romerias romerías
rompio rompió
ropon ropón
rosacea rosácea
rosaceas rosáceas
rosaceo rosáceo
rosaceos rosáceos
rosalia rosalía
rosalio rosalío
rosbife rosbif
rosbifes rosbifs
roseton rosetón
roterdam róterdam
rotterdam róterdam
rotula rótula
rotulas rótulas
round asalto
rounds asaltos
router rúter
rozandola rozándola
rozandolas rozándolas
rozandole rozándole
rozandoles rozándoles
rozandolo rozándolo
rozandolos rozándolos
rua rúa
ruandes ruandés
ruben rubén
rubi rubí
rubiacea rubiácea
rubiaceas rubiáceas
rubiaceo rubiáceo
rubiaceos rubiáceos
rubies rubíes
rubis rubís
rugbier rugbista
rugbiers rugbistas
rumoreo rumoreó
runica rúnica
runicas rúnicas
runico rúnico
runicos rúnicos
runrun runrún
russia rusia
rustica rústica
rusticamente rústicamente
rusticas rústicas
rustico rústico
rusticos rústicos
ruáis ruais
ruán ruan
rué rue
ruéis rueis
ruído ruido
ruídos ruidos
ruín ruin
ruína ruina
ruínas ruinas
ruó ruo
rwanda ruanda
ràpida rápida
ràpidas rápidas
ràpido rápido
ràpidos rápidos
rádar radar
rádares radares
rámirez ramírez
rápidemente rápidamente
rápidez rapidez
références referencias
régimenes regímenes
réves revés
rídiculo ridículo
rímmel rímel
rímmeles rímeles
rítmo ritmo
rítmos ritmos
róque roque
sabado sábado
sabados sábados
sabalo sábalo
sabalos sábalos
sabatica sabática
sabaticas sabáticas
sabatico sabático
sabaticos sabáticos
sabian sabían
sabiduria sabiduría
sabreis sabréis
sacandola sacándola
sacandolas sacándolas
sacandole sacándole
sacandoles sacándoles
sacandolo sacándolo
sacandolos sacándolos
sacandose sacándose
sacerdotiza sacerdotisa
sacerdotizas sacerdotisas
sacon sacón
sacrilega sacrílega
sacrilegas sacrílegas
sacrilego sacrílego
sacrilegos sacrílegos
sadica sádica
sadicas sádicas
sadico sádico
sadicos sádicos
saenz sáenz
saez sáez
sagati sagatí
sagaties sagatíes
sagatis sagatís
saigon saigón
saino saíno
sainos saínos
saipan saipán
salacion salación
salamin salamín
salchichon salchichón
salia salía
salian salían
salica sálica
salicas sálicas
salicilico salicílico
salicilicos salicílicos
salico sálico
salicos sálicos
salio salió
salmon salmón
salome salomé
salomon salomón
salomonica salomónica
salomonicas salomónicas
salomonico salomónico
salomonicos salomónicos
salon salón
salonica salónica
salvame sálvame
salvandole salvándole
salvandoles salvándoles
salío salió
salír salir
salúd salud
saman samán
samarkand samarcanda
samarqand samarcanda
samurai samurái
samurais samuráis
samuray samurái
sanacion sanación
sanchez sánchez
sancion sanción
sandalo sándalo
sandalos sándalos
sandia sandía
sandias sandías
sandwich sándwich
sandwiches sándwiches
sangria sangría
sanguinea sanguínea
sanguineas sanguíneas
sanguineo sanguíneo
sanguineos sanguíneos
sanguinolienta sanguinolenta
sanguinolientas sanguinolentas
sanguinoliento sanguinolento
sanguinolientos sanguinolentos
sanitário sanitario
sanitários sanitarios
sanscrita sánscrita
sanscritas sánscritas
sanscrito sánscrito
sanscritos sánscritos
santalacea santalácea
santalaceas santaláceas
santalaceo santaláceo
santalaceos santaláceos
santiamen santiamén
santillan santillán
santisima santísima
santisimas santísimas
santisimo santísimo
santisimos santísimos
santisíma santísima
santisímas santísimas
santisímo santísimo
santisímos santísimos
sanwich sándwich
sanwiches sándwiches
sapindacea sapindácea
sapindaceas sapindáceas
sapindaceo sapindáceo
sapindaceos sapindáceos
saponificacion saponificación
saratov sarátov
sarcastica sarcástica
sarcasticamente sarcásticamente
sarcasticas sarcásticas
sarcastico sarcástico
sarcasticos sarcásticos
sarcofago sarcófago
sarcofagos sarcófagos
sardanes sardanés
sardonica sardónica
sardonicas sardónicas
sardonico sardónico
sardonicos sardónicos
sarrujan sarruján
sarten sartén
sasanida sasánida
sasanidas sasánidas
sastreria sastrería
sastrerias sastrerías
satan satán
satanas satanás
satanizacion satanización
satelite satélite
satelites satélites
saten satén
satin satín
satira sátira
satiras sátiras
satirica satírica
satiricas satíricas
satirico satírico
satiricos satíricos
satirion satirión
satiro sátiro
satiros sátiros
satisfacería satisfaría
satisfacerías satisfarías
satisfaciera satisficiera
satisfacieras satisficiera
satisfacio satisfizo
satisfació satisfizo
satrapa sátrapa
satrapas sátrapas
saturacion saturación
saudi saudí
saudies saudíes
saul saúl
saxofon saxofón
saxofono saxófono
sazon sazón
scanner escáner
scanners escáneres
se sé
sebacea sebácea
sebaceas sebáceas
sebaceo sebáceo
sebaceos sebáceos
sebastian sebastián
seccion sección
secciónal seccional
secciónes secciones
secondaria secundaria
secondarias secundarias
secondario secundario
secondarios secundarios
secreatria secretaria
secreatrias secretarias
secreatrio secretario
secreatrios secretarios
secreccion secreción
secrecciones secreciones
secrección secreción
secrecion secreción
secresion secreción
secresiones secreciones
secresión secreción
secuana sécuana
secuanas sécuanas
secuano sécuano
secuanos sécuanos
secuenciamiento secuenciación
sedacion sedación
seduccion seducción
seducieron sedujeron
seducio sedujo
sedució sedujo
sefaradies sefardíes
sefardies sefardíes
segazon segazón
seggun según
seggún según
segmentacion segmentación
segregacion segregación
seguia seguía
seguian seguían
seguias seguías
seguiendo siguiendo
seguira seguirá
seguiran seguirán
seguió siguió
segun según
segunad segunda
segunada segunda
segunod segundo
segúnda segunda
segúndas segundas
segúndo segundo
segúndos segundos
seismo seísmo
seismos seísmos
seleccion selección
selecciónes selecciones
seleccíon selección
selenica selénica
selenicas selénicas
selenico selénico
selenicos selénicos
semaforo semáforo
semaforos semáforos
semantica semántica
semanticas semánticas
semantico semántico
semanticos semánticos
sembrío preclasificación
semidecidua semicaduca
semideciduas semicaducas
semideciduo semicaduco
semideciduos semicaducos
semiliquida semilíquida
semiliquidas semilíquidas
semiliquido semilíquido
semiliquidos semilíquidos
semiologa semióloga
semiologas semiólogas
semiologia semiología
semiologias semiologías
semiologo semiólogo
semiologos semiólogos
semiotica semiótica
semioticas semióticas
semiotico semiótico
semioticos semióticos
semiremolque semirremolque
semiremolques semirremolques
semiretirada semirretirada
semiretiradas semirretiradas
semiretirado semirretirado
semiretirados semirretirados
semirigida semirrígida
semirigidas semirrígidas
semirigido semirrígido
semirigidos semirrígidos
semirural semirrural
semirurales semirrurales
semirígida semirrígida
semirígidas semirrígidas
semirígido semirrígido
semirígidos semirrígidos
semisotano semisótano
semisotanos semisótanos
semitica semítica
semiticas semíticas
semola sémola
semolas sémolas
semptiembre septiembre
senaduria senaduría
senadurias senadurías
senalizacion señalización
senalización señalización
senegales senegalés
sengunda segunda
sengundas segundas
sengundo segundo
sengundos segundos
senior sénior
senografia senografía
senografias senografías
senor señor
senores señores
sensacion sensación
sensibilizacion sensibilización
sensura censura
sensuras censuras
sensíblemente sensiblemente
sentia sentía
sentias sentías
sentira sentirá
sentiras sentirás
sento sentó
sepalo sépalo
sepalos sépalos
separacion separación
separo separó
septagesima septuagésima
septagesimas septuagésimas
septagesimo septuagésimo
septagesimos septuagésimos
septagésima septuagésima
septagésimas septuagésimas
septagésimo septuagésimo
septagésimos septuagésimos
septemtrion septentrión
septemtrional septentrional
septemtrionales septentrionales
septemtrión septentrión
septentrion septentrión
septica séptica
septicas sépticas
septico séptico
septicos sépticos
septiebre septiembre
septienbre septiembre
septima séptima
septimas séptimas
septimo séptimo
septimos séptimos
septingentesima septingentésima
septingentesimas septingentésimas
septingentesimo septingentésimo
septingentesimos septingentésimos
septuagesima septuagésima
septuagesimas septuagésimas
septuagesimo septuagésimo
septuagesimos septuagésimos
sepultandola sepultándola
sepultandolas sepultándolas
sepultandole sepultándole
sepultandoles sepultándoles
sepultandolo sepultándolo
sepultandolos sepultándolos
sequela secuela
sequelas secuelas
sequestrar secuestrar
sequia sequía
sequias sequías
sequito séquito
sequitos séquitos
sera será
serafica seráfica
seraficamente seráficamente
seraficas seráficas
serafico seráfico
seraficos seráficos
serafin serafín
seran serán
seras serás
sere seré
seriacion seriación
serian serían
sericicola sericícola
sericicolas sericícolas
sermon sermón
serpentigera serpentígera
serpentigeras serpentígeras
serpentigero serpentígero
serpentigeros serpentígeros
serpentin serpentín
serrin serrín
servició servicio
servico servicio
servicos servicios
servivio servicio
servivios servicios
servió sirvió
serà será
seràs serás
serái sería
seríe serie
sesamo sésamo
sesamos sésamos
sesentas sesenta
setentas setenta
setienbre septiembre
setima sétima
setimas sétimas
setimo sétimo
setimos sétimos
seudonima seudónima
seudonimas seudónimas
seudonimo seudónimo
seudonimos seudónimos
seudoparalisis seudoparálisis
seudopodo seudópodo
seudopodos seudópodos
sexagesima sexagésima
sexagesimas sexagésimas
sexagesimo sexagésimo
sexagesimos sexagésimos
sexangula sexángula
sexangulas sexángulas
sexangulo sexángulo
sexangulos sexángulos
sexcentesima sexcentésima
sexcentesimas sexcentésimas
sexcentesimo sexcentésimo
sexcentesimos sexcentésimos
sexopatia sexopatía
sextagesima sextagésima
sextagesimas sextagésimas
sextagesimo sextagésimo
sextagesimos sextagésimos
sextercio sestercio
sextercios sestercios
sextupla séxtupla
sextuple séxtuple
sextuplo séxtuplo
seís seis
señalizacion señalización
señaléctica señalética
señoria señoría
señorias señorías
señorio señorío
señorios señoríos
sguiente siguiente
sguientes siguientes
shambar shámbar
shampoo champú
shampoos champús
shampu champú
shampus champús
shampú champú
shampús champús
shangai shanghái
shanghai shanghái
shangái shanghái
share cuota
shares cuotas
shii chií
shiies chiíes
shiis chiíes
shiismo chiismo
shiita chiita
shiitas chiitas
shintoismo sintoísmo
shintoismos sintoísmos
shintoista sintoísta
shintoistas sintoístas
shintoísmo sintoísmo
shintoísmos sintoísmos
shintoísta sintoísta
shintoístas sintoístas
shií chií
shiíes chiíes
shiís chiíes
shiísmo chiismo
shiíta chiita
shiítas chiítas
shurquía shuquía
shénzhen shenzhen
siames siamés
sicoanalisis psicoanálisis
sicoanálisis psicoanálisis
sicologia psicología
sicologias psicologías
sicologica sicológica
sicologicas sicológicas
sicologico sicológico
sicologicos sicológicos
sicopata sicópata
sicopatas sicópatas
sicopatica psicopática
sicopaticas psicopáticas
sicopatico psicopático
sicopaticos psicopáticos
sicopática psicopática
sicopáticas psicopáticas
sicopático psicopático
sicopáticos psicopáticos
sicronizacion sincronización
sicronizaciones sincronizaciones
sicronización sincronización
sidney sídney
sieglo siglo
sieglos siglos
sientate siéntate
sierraleones sierraleonés
sifilis sífilis
sifon sifón
sifonia sinfonía
sifonias sinfonías
sigiendo siguiendo
sigilacion sigilación
signfica significa
significacion significación
significo significó
siguendo siguiendo
siguente siguiente
siguentes siguientes
siguiete siguiente
siguietes siguientes
siguinete siguiente
siguinetes siguientes
siguio siguió
siguío siguió
siguó siguió
silaba sílaba
silabas sílabas
silex sílex
silice sílice
silices sílices
silicica silícica
silicicas silícicas
silicico silícico
silicicos silícicos
sillon sillón
silurica silúrica
siluricas silúricas
silurico silúrico
siluricos silúricos
silvetre silvestre
silvetres silvestres
simbiotica simbiótica
simbioticas simbióticas
simbiotico simbiótico
simbioticos simbióticos
simbolica simbólica
simbolicas simbólicas
simbolico simbólico
simbolicos simbólicos
simbolo símbolo
simbologia simbología
simbologias simbologías
simbolos símbolos
simetria simetría
simetrias simetrías
simetrica simétrica
simetricamente simétricamente
simetricas simétricas
simetrico simétrico
simetricos simétricos
simil símil
similaridad similitud
similaridades similitudes
similiar similar
similiares similares
simpatia simpatía
simpatias simpatías
simpatica simpática
simpaticas simpáticas
simpatico simpático
simpaticolisis simpaticólisis
simpaticos simpáticos
simpatolisis simpaticólisis
simpatólisis simpaticólisis
simplimente simplemente
simultaneamente simultáneamente
simultaneas simultáneas
simultanemante simultáneamente
simultaneo simultáneo
simultaneos simultáneos
simultánemante simultáneamente
sinaptica sináptica
sinapticas sinápticas
sinaptico sináptico
sinapticos sinápticos
sincronizacion sincronización
sincrotron sincrotrón
sindrome síndrome
sindromes síndromes
sineresis sinéresis
sinfin sinfín
sinfisis sínfisis
sinfita sínfita
sinfitas sínfitas
sinfito sínfito
sinfitos sínfitos
sinfonia sinfonía
sinfonias sinfonías
sinfonica sinfónica
sinfonicas sinfónicas
sinfonico sinfónico
sinfonicos sinfónicos
singapore singapur
single sencillo
singles sencillos
sinnumero sinnúmero
sinodatico sinodático
sinodaticos sinodáticos
sinodo sínodo
sinodos sínodos
sinologia sinología
sinologias sinologías
sinonima sinónima
sinonimas sinónimas
sinonimica sinonímica
sinonimicas sinonímicas
sinonimico sinonímico
sinonimicos sinonímicos
sinonimo sinónimo
sinonimos sinónimos
sintactica sintáctica
sintacticas sintácticas
sintactico sintáctico
sintacticos sintácticos
sintasis sintaxis
sintesis síntesis
sintetica sintética
sinteticamente sintéticamente
sinteticas sintéticas
sintetico sintético
sinteticos sintéticos
sintiendola sintiéndola
sintiendolas sintiéndolas
sintiendole sintiéndole
sintiendoles sintiéndoles
sintiendolo sintiéndolo
sintiendolos sintiéndolos
sintiendose sintiéndose
sintoismo sintoísmo
sintoismos sintoísmos
sintoma síntoma
sintomas síntomas
sintomatica sintomática
sintomaticas sintomáticas
sintomatico sintomático
sintomaticos sintomáticos
sintonia sintonía
sintonias sintonías
sintonica sintónica
sintonicas sintónicas
sintonico sintónico
sintonicos sintónicos
sintonizacion sintonización
sintásis sintaxis
sintáxis sintaxis
sinumero sinnúmero
sinverguenza sinvergüenza
sinverguenzas sinvergüenzas
sinápsis sinapsis
sinópsis sinopsis
sipnosis sinopsis
sirivió sirvió
sirvio sirvió
sismica sísmica
sismicas sísmicas
sismico sísmico
sismicos sísmicos
sistematica sistemática
sistematicamente sistemáticamente
sistematicas sistemáticas
sistematico sistemático
sistematicos sistemáticos
sistemás sistemas
sistole sístole
sistoles sístoles
sistolica sistólica
sistolicas sistólicas
sistolico sistólico
sistolicos sistólicos
situa sitúa
situacion situación
situan sitúan
situas sitúas
situasion situación
situán sitúan
siutada situada
siutadas situadas
siutado situado
siutados situados
ski esquí
skis esquís
skopje skopie
skys esquís
slalom eslalon
slaloms eslálones
slogan eslogan
sloganes eslóganes
slogans eslóganes
slógan eslogan
slóganes eslóganes
slógans eslóganes
smart inteligente
smarthphone smartphone
smarts inteligente
smash remate
smoking esmoquin
soberania soberanía
soberanias soberanías
soberon soberón
sobredósis sobredosis
sobresdrujula sobresdrújula
sobresdrujulas sobresdrújulas
sobresdrujulo sobresdrújulo
sobresdrujulos sobresdrújulos
sobrevivdo sobrevivido
sobreviviencia sobrevivencia
sobrevivio sobrevivió
sobrevolo sobrevoló
socabada socavada
socabadas socavadas
socabado socavado
socabados socavados
socabar socavar
socabaron socavaron
socabó socavó
socavon socavón
sociabilizacion sociabilización
socialdemocrata socialdemócrata
socialdemocratas socialdemócratas
socializacion socialización
socieconomica socioeconómica
socieconomicas socioeconómicas
socieconomico socioeconómico
socieconomicos socioeconómicos
socieconómica socioeconómica
socieconómicas socioeconómicas
socieconómico socioeconómico
socieconómicos socioeconómicos
sociologa socióloga
sociologas sociólogas
sociologia sociología
sociologias sociologías
sociologo sociólogo
sociologos sociólogos
sociopolitica sociopolítica
sociopoliticas sociopolíticas
sociopolitico sociopolítico
sociopoliticos sociopolíticos
socrates sócrates
socratica socrática
socraticas socráticas
socratico socrático
socraticos socráticos
sodica sódica
sodicas sódicas
sodico sódico
sodicos sódicos
sofa sofá
sofas sofás
sofases sofás
sofia sofía
sofisticacion sofisticación
sofware software
solanacea solanácea
solanaceas solanáceas
solanaceo solanáceo
solanaceos solanáceos
solarium solárium
solia solía
solian solían
solias solías
solicito solicitó
solida sólida
solidas sólidas
solidiariamente solidariamente
solido sólido
solidos sólidos
soliman solimán
solipedo solípedo
solipedos solípedos
solis solís
solucion solución
solvolisis solvólisis
somali somalí
sombria sombría
sombrias sombrías
sombrio sombrío
sombrios sombríos
somifero somnífero
somiferos somníferos
somnifero somnífero
somniferos somníferos
somífero somnífero
somíferos somníferos
sonambula sonámbula
sonambulas sonámbulas
sonambulo sonámbulo
sonambulos sonámbulos
sopie sopié
sopies sopiés
soporte ayuda
soprendente sorprendente
soprendentemente sorprendentemente
soprendentes sorprendentes
sopresa sorpresa
sordida sórdida
sordidas sórdidas
sordido sórdido
sordidos sórdidos
sorprendemente sorprendentemente
sorprendio sorprendió
sorprendío sorprendió
sorpréndio sorprendió
sosobra zozobra
sosobrar zozobrar
sosobre zozobre
sosten sostén
sotano sótano
sotanos sótanos
sotho sesoto
sotuado situado
soufflé suflé
soufflés suflés
souvenier suvenir
souveniers suvenires
souvenir suvenir
souvenirs suvenires
sovietica soviética
sovieticas soviéticas
sovietico soviético
sovieticos soviéticos
soviético sovietico
sozobra zozobra
sozobrar zozobrar
sozobras zozobras
soñare soñaré
soñaria soñaría
spoiler espóiler
spoilers espóileres
sponsor patrocinador
sponsors patrocinadores
sprinter esprínter
sprínter esprínter
srive sirve
sriven sirven
srivió sirvió
stablishment establishment
staff personal
standards estándares
status estatus
stavropol stávropol
stevia estevia
stock inventario
stockage estocaje
stres estrés
stresante estresante
stresar estresar
stress estrés
striper estríper
stripers estríperes
stripper estríper
strippers estríperes
stándard estándar
suarez suárez
subatomica subatómica
subatomicas subatómicas
subatomico subatómico
subatomicos subatómicos
subcampeon subcampeón
subcampéon subcampeón
subcomision subcomisión
subdita súbdita
subditas súbditas
subdito súbdito
subditos súbditos
subdivision subdivisión
subdivisón subdivisión
subespcie subespecie
subespcies subespecies
subfmilia subfamilia
subfmilias subfamilias
subgenero subgénero
subgeneros subgéneros
subiendolo subiéndolo
subio subió
subita súbita
subitas súbitas
subito súbito
subitos súbitos
sublebacion sublevación
sublebaciones sublevaciones
sublevacion sublevación
sublimacion sublimación
subperenifolia subperennifolia
subperenifolias subperennifolias
subperenifolio subperennifolio
subperenifolios subperennifolios
subrgupo subgrupo
subrgupos subgrupos
subrraya subraya
subrrayado subrayado
subrrayar subrayar
subrrogada subrogada
subrrogadas subrogadas
subrrogado subrogado
subrrogados subrogados
subrrogan subrogan
subrrogar subrogar
subrrogas subrogas
subsanacion subsanación
subscripcion subscripción
substituída substituida
substituídas substituidas
substituído substituido
substituídos substituidos
substituír substituir
substraida substraída
substraidas substraídas
substraido substraído
substraidos substraídos
subterranea subterránea
subterraneas subterráneas
subterraneo subterráneo
subterraneos subterráneos
subtituida substituida
subtituido substituido
subtituidos substituidos
subtituir substituir
subtitulo subtítulo
subtitulos subtítulos
subtituta substituta
subtitutas substitutas
subtituto substituto
subtitutos substitutos
subtituye substituye
subtituyendo substituyendo
subtituyó substituyó
subtituída substituida
subtituído substituido
subtituídos substituidos
subtituír substituir
subtérranea subterránea
subtérraneas subterráneas
subtérraneo subterráneo
subtérraneos subterráneos
subvencion subvención
sucecional sucesional
sucecionales sucesionales
suceciones sucesiones
suceción sucesión
sucedanea sucedánea
sucedaneas sucedáneas
sucedaneo sucedáneo
sucedaneos sucedáneos
sucedio sucedió
sucesion sucesión
sucitada suscitada
sucitadas suscitadas
sucitado suscitado
sucitados suscitados
sucitar suscitar
sucitaron suscitaron
suciten susciten
sucrusal sucursal
sucrusales sucursales
sucubo súcubo
sucubos súcubos
sucumbio sucumbió
sudafrica sudáfrica
sudamerica sudamérica
sudanes sudanés
sudoracion sudoración
sudoripara sudorípara
sudoriparas sudoríparas
sudáfricana sudafricana
sudáfricanas sudafricanas
sudáfricano sudafricano
sudáfricanos sudafricanos
sudámerica sudamérica
sueter suéter
sueteres suéteres
sueters suéteres
sufi sufí
sufiente suficiente
sufientemente suficientemente
sufientes suficientes
sufraganea sufragánea
sufraganeas sufragáneas
sufraganeo sufragáneo
sufraganeos sufragáneos
sufria sufría
sufrian sufrían
sufrias sufrías
sufrio sufrió
sufráganea sufragánea
sufráganeas sufragáneas
sufráganeo sufragáneo
sufráganeos sufragáneos
sufrío sufrió
sugerió sugirió
suicido suicidio
sujecciones sujeciones
sujección sujeción
sujerencia sugerencia
sujerencias sugerencias
sujerir sugerir
sujiere sugiere
sujieren sugieren
sulfhidrica sulfhídrica
sulfhidricas sulfhídricas
sulfhidrico sulfhídrico
sulfhidricos sulfhídricos
sulfurica sulfúrica
sulfuricas sulfúricas
sulfurico sulfúrico
sulfuricos sulfúricos
sultan sultán
sumerger sumergir
sumersion sumersión
sunni sunní
sunnies sunníes
sunnis sunnís
supeior superior
supeiora superiora
supeioras superioras
supeiores superiores
superadita superádita
superaditas superáditas
superadito superádito
superaditos superáditos
superavit superávit
superavits superávits
superfice superficie
superfices superficies
superfie superficie
superfies superficies
superfície superficie
superfícies superficies
superheroe superhéroe
superheroes superhéroes
superificie superficie
superificies superficies
superman supermán
supersticion superstición
supervacanea supervacánea
supervacaneas supervacáneas
supervacaneo supervacáneo
supervacaneos supervacáneos
supervaloracion supervaloración
supervición supervisión
superviviencia supervivencia
suplicas súplicas
supon supón
supondra supondrá
supondran supondrán
supondras supondrás
supondre supondré
supondria supondría
supondriamos supondríamos
supondrian supondrían
supondrias supondrías
suponia suponía
suponiamos suponíamos
suponian suponían
suponias suponías
suprecion supresión
supreción supresión
supresion supresión
supusó supuso
supérflua superflua
supérfluas superfluas
supó supo
surafrica sudáfrica
suramerica suramérica
surfer surfista
surfero surfista
surferos surfistas
surfers surfistas
surgio surgió
surinames surinamés
surje surge
surjen surgen
surjida surgida
surjidas surgidas
surjido surgido
surjidos surgidos
surjiendo surgiendo
surjieron surgieron
surjió surgió
surjía surgía
surjían surgían
surubi surubí
surubies surubíes
surubis surubís
suráfrica sudáfrica
suscede sucede
suscedía sucedía
suscedían sucedían
suscedías sucedías
suscinta sucinta
suscintas sucintas
suscinto sucinto
suscintos sucintos
suscitacion suscitación
suscribir subscribir
suscripcion suscripción
susecional sucesional
susecionales sucesionales
suseciones sucesiones
suseción sucesión
susesional sucesional
susesionales sucesionales
susesiones sucesiones
susesión sucesión
susitada suscitada
susitadas suscitadas
susitado suscitado
susitados suscitados
susitar suscitar
susitaron suscitaron
susiten susciten
suspención suspensión
suspension suspensión
sustición sustitución
sustituda sustituida
sustitudas sustituidas
sustitudo sustituido
sustitudos sustituidos
sustituyo sustituyó
sustituída sustituida
sustituídas sustituidas
sustituído sustituido
sustituídos sustituidos
sustituír sustituir
sustuído sustituido
sustuídos sustituidos
suéters suéteres
suíza suiza
svastica esvástica
svasticas esvásticas
svástica esvástica
svásticas esvásticas
swahili suajili
swahilli suajili
swastika esvástica
swastikas esvásticas
swazi suazi
swazilandia suazilandia
sweater suéter
sweaters suéteres
switch interruptor
sydney sídney
sán san
sátanica satánica
sátanicas satánicas
sátanico satánico
sátanicos satánicos
séis seis
séquia sequía
séquias sequías
sígno signo
sígnos signos
símple simple
símplemente simplemente
sín sin
sítio sitio
sítios sitios
sóla sola
sólamente solamente
sólas solas
són son
sónido sonido
sónidos sonidos
súperventas superventas
tabaja trabaja
tabajan trabajan
tabajas trabajas
tabajo trabajo
tabajos trabajos
tablazon tablazón
tablet tableta
tablets tabletas
tablon tablón
tabu tabú
tabues tabúes
tabus tabús
tachoneria tachonería
tachonerias tachonerías
tacon tacón
tactica táctica
tacticas tácticas
tactico táctico
tacticos tácticos
tactil táctil
tactiles táctiles
tafon tafón
tagea tajea
tagean tajean
tageas tajeas
tahilandes tailandés
tahilandia tailandia
tahilandés tailandés
tahiti tahití
tailandes tailandés
taipei taipéi
taiwan taiwán
tajikistan tayikistán
tajikistán tayikistán
talabarteria talabartería
talabarterias talabarterías
talaiot talayot
talaiots talayots
talamo tálamo
talamos tálamos
taliban talibán
talion talión
talisman talismán
tallinn tallin
tallín tallin
talon talón
tamano tamaño
tamanos tamaños
tamben también
tambiem también
tambien también
tambier también
tambièn también
tambiém también
tambiér también
tambiñen también
tambén también
tambíen también
tamesis támesis
tampon tampón
tamño tamaño
tamños tamaños
tanbien también
tanbién también
tandems tándems
tanden tándem
tandens tándems
tanger tánger
tantan tantán
tantrica tántrica
tantricas tántricas
tantrico tántrico
tantricos tántricos
taoismo taoísmo
taoismos taoísmos
taoista taoísta
taoistas taoístas
tapon tapón
tapíz tapiz
taquigrafa taquígrafa
taquigrafas taquígrafas
taquigrafia taquigrafía
taquigrafias taquigrafías
taquigraficamente taquigráficamente
taquigrafo taquígrafo
taquigrafos taquígrafos
tarantella tarantela
tarantellas tarantelas
tarantula tarántula
tarantulas tarántulas
tarbajaba trabajaba
tarbajaban trabajaban
tarbajabas trabajabas
tardia tardía
tardiamente tardíamente
tardias tardías
tardigrada tardígrada
tardigradas tardígradas
tardigrado tardígrado
tardigrados tardígrados
tardio tardío
tardios tardíos
targeta tarjeta
targetas tarjetas
tartara tártara
tartaras tártaras
tartarica tartárica
tartaricas tartáricas
tartarico tartárico
tartaricos tartáricos
tartaro tártaro
tartaros tártaros
tartrica tártrica
tartricas tártricas
tartrico tártrico
tartricos tártricos
tashkent taskent
taxacea taxácea
taxaceas taxáceas
taxaceo taxáceo
taxaceos taxáceos
taxidermica taxidérmica
taxidermicas taxidérmicas
taxidermico taxidérmico
taxidermicos taxidérmicos
taxodiacea taxodiácea
taxodiaceas taxodiáceas
taxodiaceo taxodiáceo
taxodiaceos taxodiáceos
taxonoma taxónoma
taxonomas taxónomas
taxonomia taxonomía
taxonomias taxonomías
taxonomica taxonómica
taxonomicamente taxonómicamente
taxonomicas taxonómicas
taxonomico taxonómico
taxonomicos taxonómicos
taxonomo taxónomo
taxonomos taxónomos
tayikistan tayikistán
tchaikovsky chaikovski
teacea teácea
teaceas teáceas
teaceo teáceo
teaceos teáceos
tecnica técnica
tecnicamente técnicamente
tecnicas técnicas
tecnico técnico
tecnicos técnicos
tecnologia tecnología
tecnologias tecnologías
tecnologica tecnológica
tecnologicamente tecnológicamente
tecnologicas tecnológicas
tecnologico tecnológico
tecnologicos tecnológicos
tecnologíca tecnológica
tecnologícas tecnológicas
tecnologíco tecnológico
tecnologícos tecnológicos
tecoman tecomán
tectonica tectónica
tectonicas tectónicas
tectonico tectónico
tectonicos tectónicos
teflon teflón
teheran teherán
tehran teherán
tehuacan tehuacán
tejao tejado
tejon tejón
teleespectador telespectador
teleespectadora telespectadora
teleespectadoras telespectadoras
teleespectadores telespectadores
teleferico teleférico
telefericos teleféricos
telefonia telefonía
telefonias telefonías
telefonica telefónica
telefonicas telefónicas
telefonico telefónico
telefonicos telefónicos
telefono teléfono
telefonos teléfonos
telefonó teléfono
telegrafia telegrafía
telegrafias telegrafías
telegrafica telegráfica
telegraficas telegráficas
telegrafico telegráfico
telegraficos telegráficos
telegrafo telégrafo
telegrafos telégrafos
telematica telemática
telematicamente telemáticamente
telematicas telemáticas
telematico telemático
telematicos telemáticos
teleosteo teleósteo
teleosteos teleósteos
telesqui telesquí
telesquies telesquíes
telesquis telesquís
teleton teletón
teletónes teletones
televicion televisión
televición televisión
television televisión
televison televisión
televisones televisiones
televisòn televisión
televisón televisión
telex télex
telurica telúrica
teluricas telúricas
telurico telúrico
teluricos telúricos
telésforo telesforo
temarica temática
temaricas temáticas
temarico temático
temaricos temáticos
tematica temática
tematicas temáticas
tematico temático
tematicos temáticos
tembién también
tempano témpano
tempanos témpanos
temparada temporada
temparadas temporadas
tempera témpera
temperacion temperación
temperas témperas
temperatuta temperatura
temperatutas temperaturas
tempertura temperatura
temperturas temperaturas
temprada temporada
tempradas temporadas
temproada temporada
temproadas temporadas
temárica temática
temáricas temáticas
temárico temático
temáricos temáticos
tendecia tendencia
tendecias tendencias
tenderes ténderes
tendiende tendiente
tendon tendón
tendra tendrá
tendran tendrán
tendras tendrás
tendria tendría
tendrian tendrían
tenenmos tenemos
tenia tenía
teniamos teníamos
tenian tenían
tenias tenías
teniendola teniéndola
teniendolas teniéndolas
teniendole teniéndole
teniendoles teniéndoles
teniendolo teniéndolo
teniendolos teniéndolos
teniendose teniéndose
tenienet teniente
tenistica tenística
tenisticas tenísticas
tenistico tenístico
tenisticos tenísticos
tenián tenían
teniéndo teniendo
tennesse tennessee
tennis tenis
tenre tener
tension tensión
tentacion tentación
tentaculo tentáculo
tentaculos tentáculos
tentempie tentempié
tentempies tentempiés
tentenpie tentempié
tentenpies tentempiés
tentenpié tentempié
tentenpiés tentempiés
tenáz tenaz
teofilo teófilo
teologa teóloga
teologas teólogas
teologia teología
teologias teologías
teologica teológica
teologicamente teológicamente
teologicas teológicas
teologico teológico
teologicos teológicos
teologo teólogo
teologos teólogos
teoria teoría
teorias teorías
teorica teórica
teoricamente teóricamente
teoricas teóricas
teorico teórico
teoricos teóricos
teotihuacan teotihuacán
tepatitlan tepatitlán
tepotzotlan tepotzotlán
terapeutica terapéutica
terapeuticas terapéuticas
terapeutico terapéutico
terapeuticos terapéuticos
terapeútica terapéutica
terapeúticas terapéuticas
terapeútico terapéutico
terapeúticos terapéuticos
terapía terapia
terapías terapias
teraza terraza
terazas terrazas
terere tereré
tereres tererés
termianda terminada
termiandas terminadas
termiando terminado
termiandos terminados
termica térmica
termicas térmicas
termico térmico
termicos térmicos
termima termina
termiman terminan
termimar terminar
termimó terminó
terminacion terminación
terminandola terminándola
terminandolas terminándolas
terminandole terminándole
terminandoles terminándoles
terminandolo terminándolo
terminandolos terminándolos
terminandome terminándome
terminandose terminándose
terminandote terminándote
terminaria terminaría
terminarian terminarían
termino término
terminologia terminología
terminologias terminologías
terminos términos
termodinamica termodinámica
termodinamicas termodinámicas
termodinamico termodinámico
termodinamicos termodinámicos
termoionica termoiónica
termoionicas termoiónicas
termoionico termoiónico
termoionicos termoiónicos
termolisis termólisis
termoplastica termoplástica
termoplasticas termoplásticas
termoplastico termoplástico
termoplasticos termoplásticos
termosifon termosifón
ternodinamica termodinámica
ternodinamicas termodinámicas
ternodinamico termodinámico
ternodinamicos termodinámicos
ternodinámica termodinámica
ternodinámicas termodinámicas
ternodinámico termodinámico
ternodinámicos termodinámicos
ternopil ternópol
ternópil ternópol
terraplen terraplén
terraquea terráquea
terraqueas terráqueas
terraqueo terráqueo
terraqueos terráqueos
terreste terrestre
terrestes terrestres
terriorio territorio
terriorios territorios
terriotorio territorio
terriotorios territorios
terrirorio territorio
terrirorios territorios
territoreal territorial
territoreales territoriales
territorío territorio
territoríos territorios
terromoto terremoto
terrorifica terrorífica
terrorificas terroríficas
terrorifico terrorífico
terrorificos terroríficos
tesoreria tesorería
tesorerias tesorerías
testiculo testículo
testiculos testículos
tesís tesis
tetanica tetánica
tetanicas tetánicas
tetanico tetánico
tetanicos tetánicos
tetano tétano
tetanos tétanos
tetralolgia tetralogía
tetralolgias tetralogías
tetralolgía tetralogía
tetralolgías tetralogías
tetrapoda tetrápoda
tetrapodas tetrápodas
tetrapodo tetrápodo
tetrapodos tetrápodos
tetrica tétrica
tetricas tétricas
tetrico tétrico
tetricos tétricos
tevez tévez
textileria textilería
textilerias textilerías
teziutlan teziutlán
thailand tailandia
thailandes tailandés
thailandia tailandia
thailandés tailandés
thamesis támesis
thimphu timbu
thiner tíner
thinner tíner
tia tía
tias tías
tiber tíber
tibet tíbet
tienpo tiempo
tifon tifón
tigrigna tigriña
tigrinya tigriña
tigrolisis tigrólisis
timbuktú tombuctú
timida tímida
timidamente tímidamente
timidas tímidas
timido tímido
timidos tímidos
timon timón
timpano tímpano
timpanos tímpanos
timpáno tímpano
timpános tímpanos
tinajeria tinajería
tinajerias tinajerías
tiner tíner
tintoreria tintorería
tintorerias tintorerías
tio tío
tios tíos
tipica típica
tipicamente típicamente
tipicas típicas
tipico típico
tipicos típicos
tiron tirón
tisica tísica
tisicas tísicas
tisico tísico
tisicos tísicos
tisu tisú
tisues tisúes
tisus tisús
titan titán
titanica titánica
titanicas titánicas
titanico titánico
titanicos titánicos
titere títere
titeres títeres
titilacion titilación
title título
titulo título
titulos títulos
tizimin tizimín
tiñió tiñó
tiño tiñó
tlahuac tláhuac
tocarian tocarían
tocarón tocaron
tocolisis tocólisis
todabia todavía
todabía todavía
todavia todavía
togoles togolés
tokyo tokio
tomaar tomar
tomarón tomaron
tombola tómbola
tombolas tómbolas
tombolo tómbolo
tombolos tómbolos
toncontin toncontín
toner tóner
toners tóneres
tonica tónica
tonicas tónicas
tonico tónico
tonicos tónicos
tonteria tontería
tonterias tonterías
topica tópica
topicas tópicas
topico tópico
topicos tópicos
topografa topógrafa
topografas topógrafas
topografia topografía
topografica topográfica
topograficas topográficas
topografico topográfico
topograficos topográficos
topografo topógrafo
topografos topógrafos
topologia topología
topologias topologías
topologica topológica
topologicas topológicas
topologico topológico
topologicos topológicos
toponimo topónimo
toponimos topónimos
toponimía toponimia
toponomia toponimia
toponomias toponimias
toponomía toponimia
toponomías toponimias
toponímia toponimia
toracica torácica
toracicas torácicas
toracico torácico
toracicos torácicos
torax tórax
toraxica toráxica
toraxicas toráxicas
toraxico toráxico
toraxicos toráxicos
toraz tórax
torculo tórculo
torculos tórculos
toreria torería
torerias torerías
torica tórica
toricas tóricas
torico tórico
toricos tóricos
tornaguia tornaguía
tornaguias tornaguías
torneria tornería
tornerias tornerías
torpida tórpida
torpidas tórpidas
torpido tórpido
torpidos tórpidos
torreon torreón
torrida tórrida
torridas tórridas
torrido tórrido
torridos tórridos
torticolis tortícolis
torticólis tortícolis
tortola tórtola
tortolas tórtolas
tortículis tortícolis
toshkent taskent
totalemente totalmente
totems tótems
toxica tóxica
toxicas tóxicas
toxico tóxico
toxicos tóxicos
trabajao trabajo
trabajarón trabajaron
trabazon trabazón
traccion tracción
tracendental trascendental
tradicida traducida
tradicidas traducidas
tradicido traducido
tradicidos traducidos
tradicion tradición
tradiconal tradicional
tradiconales tradicionales
traduccion traducción
traducieron tradujeron
traducio tradujo
traducion traducción
tradució tradujo
tradución traducción
tradujó tradujo
traf tráf
trafico tráfico
tragica trágica
tragicas trágicas
tragico trágico
tragicos trágicos
traia traía
traias traías
traiciono traicionó
traida traída
traidas traídas
traido traído
traidos traídos
trailer tráiler
trailers tráileres
training adiestramiento
trajedia tragedia
trajedias tragedias
trajica trágica
trajicas trágicas
trajico trágico
trajicos trágicos
trajó trajo
traladó trasladó
tramite trámite
tramites trámites
trancicion transición
trancición transición
trancision transición
trancisión transición
trancurre transcurre
trancurren transcurren
trancurso transcurso
trancursos transcursos
tranforma transforma
tranformador transformador
tranformandola transformándola
tranformandolas transformándolas
tranformandole transformándole
tranformandoles transformándoles
tranformandolo transformándolo
tranformandolos transformándolos
tranformandose transformándose
tranformo transformó
tranformándola transformándola
tranformándolas transformándolas
tranformándole transformándole
tranformándoles transformándoles
tranformándolo transformándolo
tranformándolos transformándolos
tranformándose transformándose
tranformó transformó
tranplante trasplante
tranplantes trasplantes
tranquilino tranquilo
transatlantica transatlántica
transatlanticas transatlánticas
transatlantico transatlántico
transatlanticos transatlánticos
transcendida trascendida
transcendidas trascendidas
transcendido trascendido
transcendidos trascendidos
transcripcion transcripción
transeat tránseat
transeunte transeúnte
transeuntes transeúntes
transferiendo transfiriendo
transferira transferirá
transferiran transferirán
transferiras transferirás
transferire transferiré
transfirio transfirió
transfondo trasfondo
transfondos trasfondos
transformacion transformación
transformadose transformándose
transformandola transformándola
transformandolas transformándolas
transformandole transformándole
transformandoles transformándoles
transformandolo transformándolo
transformandolos transformándolos
transformandose transformándose
transformo transformó
transformádose transformándose
transgenero transgénero
transgenica transgénica
transgenicas transgénicas
transgenico transgénico
transgenicos transgénicos
transhumante trashumante
transhumantes trashumantes
transhumar trashumar
transicion transición
transistoria transitoria
transistorias transitorias
transistorio transitorio
transistorios transitorios
transito tránsito
translacion translación
translada traslada
transladada trasladada
transladadas trasladadas
transladado trasladado
transladados trasladados
transladan trasladan
transladando trasladando
transladar trasladar
transladara trasladara
transladaran trasladaran
transladaron trasladaron
translade traslade
transladen trasladen
translado traslado
translados traslados
transliteracion transliteración
translucida translúcida
translucido translúcido
transmición transmisión
transmision transmisión
transmitia transmitía
transmitian transmitían
transmitias transmitías
transmitible transmisible
transmitibles transmisibles
transmitio transmitió
transnochador trasnochador
transnochadora trasnochadora
transnochadoras trasnochadoras
transnochadores trasnochadores
transnochar trasnochar
transnoche trasnoche
transnoches trasnoches
transnocho trasnochó
transnochó trasnochó
transoceanica transoceánica
transoceanicas transoceánicas
transoceanico transoceánico
transoceanicos transoceánicos
transofrmacion transformación
transofrmaciones transformaciones
transofrmación transformación
transonica transónica
transonicas transónicas
transonico transónico
transonicos transónicos
transpasaba traspasaba
transpasaban traspasaban
transpasable traspasable
transpasables traspasables
transpasada traspasada
transpasadas traspasadas
transpasado traspasado
transpasados traspasados
transpasan traspasan
transpasando traspasando
transpasandola traspasándola
transpasandolas traspasándolas
transpasandole traspasándole
transpasandoles traspasándoles
transpasandolo traspasándolo
transpasandolos traspasándolos
transpasar traspasar
transpasara traspasara
transpasaran traspasaran
transpasarlo traspasarlo
transpasaron traspasaron
transpaso traspaso
transpasos traspasos
transpasándola traspasándola
transpasándolas traspasándolas
transpasándole traspasándole
transpasándoles traspasándoles
transpasándolo traspasándolo
transpasándolos traspasándolos
transpasó traspasó
transplanta trasplanta
transplantaba trasplantaba
transplantaban trasplantaban
transplantada trasplantada
transplantadas trasplantadas
transplantado trasplantado
transplantador trasplantador
transplantadora trasplantadora
transplantadoras trasplantadoras
transplantadores trasplantadores
transplantados trasplantados
transplantan trasplantan
transplantar trasplantar
transplantarla trasplantarla
transplantarlas trasplantarlas
transplantarle trasplantarle
transplantarles trasplantarles
transplantarlo trasplantarlo
transplantarlos trasplantarlos
transplantaron trasplantaron
transplantarse trasplantarse
transplantaría trasplantaría
transplantarían trasplantarían
transplantarías trasplantarías
transplantase trasplantase
transplantasen trasplantasen
transplante trasplante
transplanten trasplanten
transplantes trasplantes
transplanto trasplantó
transplantándola trasplantándola
transplantándolas trasplantándolas
transplantándole trasplantándole
transplantándoles trasplantándoles
transplantándolo trasplantándolo
transplantándolos trasplantándolos
transplantárselo trasplantárselo
transplantó trasplantó
transposicion transposición
transtornaba trastornaba
transtornaban trastornaban
transtornada trastornada
transtornadas trastornadas
transtornado trastornado
transtornados trastornados
transtornar trastornar
transtornaron trastornaron
transtorno trastorno
transtornos trastornos
transtornó trastornó
tranversal transversal
tranversales transversales
tranvia tranvía
tranvias tranvías
traquea tráquea
traqueas tráqueas
trasferencia transferencia
trasferencias transferencias
traslacion traslación
trasladadó trasladó
traslitera translitera
trasliteracion transliteración
trasliteraciones transliteraciones
trasliteración transliteración
trasliterada transliterada
trasliteradas transliteradas
trasliterado transliterado
trasliterados transliterados
trasliteran transliteran
trasliterando transliterando
trasliterar transliterar
trasliteraron transliteraron
traslitero transliteró
trasliteró transliteró
traslucida traslúcida
traslucido traslúcido
trasmicion trasmisión
trasmición trasmisión
trasmision trasmisión
trasnmite transmite
trasnmitido transmitido
trasnmitiendo transmitiendo
trasnmitieran transmitieran
traspie traspié
traspies traspiés
trasversal transversal
trasversales transversales
tratamiendo tratamiento
tratamiendos tratamientos
traumatologa traumatóloga
traumatologas traumatólogas
traumatologia traumatología
traumatologias traumatologías
traumatologo traumatólogo
traumatologos traumatólogos
travelin trávelin
travelines trávelin
travelín trávelin
travelínes trávelin
traves través
travesia travesía
travesias travesías
travez través
travéz través
traxectoria trayectoria
traxectorias trayectorias
traycetoria trayectoria
traycetorias trayectorias
trayecrtoria trayectoria
trayecrtorias trayectorias
trayectoría trayectoria
trayectorías trayectorias
trebol trébol
treboles tréboles
trecientos trescientos
treintas treinta
tremis tremís
tremula trémula
tremulas trémulas
tremulo trémulo
tremulos trémulos
tremíses tremises
triada tríada
triadas tríadas
triade tríade
triades tríades
triadica triádica
triadicas triádicas
triadico triádico
triadicos triádicos
triage triaje
triangulacion triangulación
triangulo triángulo
triangulos triángulos
triasica triásica
triasicas triásicas
triasico triásico
triasicos triásicos
triatlon triatlón
tricampenato tricampeonato
tricampeon tricampeón
tricentesima tricentésima
tricentesimas tricentésimas
tricentesimo tricentésimo
tricentesimos tricentésimos
triceps tríceps
trigemino trigémino
trigeminos trigéminos
trigesima trigésima
trigesimas trigésimas
trigesimo trigésimo
trigesimos trigésimos
triglicerido triglicérido
trigliceridos triglicéridos
trigono trígono
trigonometria trigonometría
trigonos trígonos
trillon trillón
trilogia trilogía
trilogias trilogías
trinvirato triunvirato
trinviratos triunviratos
trio trío
trios tríos
tripie tripié
tripies tripiés
triplice tríplice
triplices tríplices
tripode trípode
tripodes trípodes
tripoli trípoli
triptico tríptico
tripticos trípticos
tripulacion tripulación
triseccion trisección
tristan tristán
triumfo triunfo
triumfos triunfos
triáis triais
triángular triangular
trié trie
triéis trieis
trió trío
trofica trófica
troficas tróficas
trofico trófico
troficos tróficos
trolebus trolebús
troll trol
trolls troles
trols troles
trombocitolisis trombocitólisis
trombolisis trombólisis
trombon trombón
trompezon tropezón
trompezón tropezón
troncoconica troncocónica
troncoconicas troncocónicas
troncoconico troncocónico
troncoconicos troncocónicos
tropelias tropelías
tropezon tropezón
tropica trópica
tropicas trópicas
tropico trópico
tropicos trópicos
truchiman truchimán
trufaldin trufaldín
truhán truhan
tráilers tráileres
trájica trágica
trájicas trágicas
trájico trágico
trájicos trágicos
trás tras
tráves través
trés tres
tswana setsuana
tubalu tuvalu
tuberculo tubérculo
tuberculos tubérculos
tuberia tubería
tuberias tuberías
tubieron tuvieron
tucuman tucumán
tuetano tuétano
tuetanos tuétanos
tuiter twitter
tulipan tulipán
tumbon tumbón
tumefaccion tumefacción
tumefacion tumefacción
tumefación tumefacción
tunel túnel
tunes túnez
tunez túnez
tunica túnica
tunicas túnicas
tunning tuning
tupi tupí
tupies tupíes
tupis tupís
turbacion turbación
turbion turbión
turbodiesel turbodiésel
turbohelice turbohélice
turbohelices turbohélices
turboreactor turborreactor
turboreactores turborreactores
turion turión
turistica turística
turisticas turísticas
turistico turístico
turisticos turísticos
turistíco turístico
turkmenistan turkmenistán
turmix túrmix
turquia turquía
turron turrón
turísmo turismo
turísta turista
turístas turistas
tuva tuvá
tuvalú tuvalu
tuviendo teniendo
tuvierón tuvieron
tuviesemos tuviésemos
tuvó tuvo
tuxpam túxpam
tweet tuit
tweetera tuitera
tweeteras tuiteras
tweetero tuitero
tweeteros tuiteros
tweets tuits
twiiter twitter
twiter twitter
twittea tuitea
twitteaba tuiteaba
twitteabais tuiteabais
twitteabamos tuiteábamos
twitteaban tuiteaban
twitteabas tuiteabas
twitteado tuiteado
twitteais tuiteáis
twitteamos tuiteamos
twittean tuitean
twitteando tuiteando
twittear tuitear
twitteas tuiteas
twitteaste tuiteaste
twitteasteis tuiteasteis
twitteatearon tuiteatearon
twittee tuitee
twitteo tuiteó
twittera tuitera
twitteras tuiteras
twittero tuitero
twitteros tuiteros
twitteábamos tuiteábamos
twitteáis tuiteáis
twitteé tuiteé
twitteó tuiteó
tyva tuvá
tzeltal tseltal
tzotzil tsotsil
támbien también
tándens tándems
télefono teléfono
témino término
téminos términos
ténica técnica
ténicas técnicas
ténico técnico
ténicos técnicos
térmimo término
tésis tesis
téxtil textil
tí ti
típo tipo
típos tipos
títula titula
títulada titulada
títuladas tituladas
títulado titulado
títulados titulados
títular titular
títuló tituló
tóners tóneres
túnes túnez
uagadugu uagadugú
uberrima ubérrima
uberrimas ubérrimas
uberrimo ubérrimo
uberrimos ubérrimos
ubicacion ubicación
ubicaión ubicación
ubicandose ubicándose
ubico ubicó
ucránia ucrania
ufologa ufóloga
ufologas ufólogas
ufologia ufología
ufologias ufologías
ufologo ufólogo
ufologos ufólogos
ugandes ugandés
ulcera úlcera
ulceras úlceras
ulster úlster
ultilogo ultílogo
ultilogos ultílogos
ultima última
ultimacion ultimación
ultimamente últimamente
ultimas últimas
ultimatum ultimátum
ultimo último
ultimos últimos
unanime unánime
unanimes unánimes
undecima undécima
undecimas undécimas
undecimo undécimo
undecimos undécimos
undimiento hundimiento
undimientos hundimientos
unguento ungüento
unguentos ungüentos
unica única
unicamente únicamente
unicas únicas
unico único
unicos únicos
uniendose uniéndose
unificacion unificación
unifico unificó
unio unió
union unión
unisona unísona
unisonas unísonas
unisono unísono
unisonos unísonos
univeral universal
univerales universales
univerdiad universidad
univerdiades universidades
univerdidad universidad
univerdidades universidades
universalisima universalísima
universalisimas universalísimas
universalisimo universalísimo
universalisimos universalísimos
universalizacion universalización
universitad universidad
universtaria universitaria
universtarias universitarias
universtario universitario
universtarios universitarios
univoca unívoca
univocas unívocas
univoco unívoco
univocos unívocos
univseridad universidad
untencilio utensilio
untencilios utensilios
untensilio utensilio
untensilios utensilios
untensillo utensilio
untensillos utensilios
unánimamente unánimemente
unírse unirse
uqe que
urbanistica urbanística
urbanisticas urbanísticas
urbanistico urbanístico
urbanisticos urbanísticos
urbanizacion urbanización
ureter uréter
ureterolisis ureterólisis
urianalisis uroanálisis
urica úrica
uricas úricas
urico úrico
uricos úricos
uricotelica uricotélica
uricotelicas uricotélicas
uricotelico uricotélico
uricotelicos uricotélicos
urinálisis uroanálisis
uroanalisis uroanálisis
ursula úrsula
usadba usaba
usalmente usualmente
usaquen usaquén
usaria usaría
usarian usarían
usarias usarías
ushuaía ushuaia
usté usted
usuhaia ushuaia
usulutan usulután
utencilio utensilio
utencilios utensilios
utensillo utensilio
utensillos utensilios
utero útero
util útil
utileria utilería
utilerias utilerías
utiles útiles
utilisa utiliza
utilisada utilizada
utilisadas utilizadas
utilisado utilizado
utilisados utilizados
utilisan utilizan
utilisando utilizando
utilisara utilizara
utilisarse utilizarse
utilise utilice
utilizaicon utilización
utilizaicón utilización
utilizarón utilizaron
utilize utilice
utilizo utilizó
utilizán utilizan
utilziando utilizando
utima última
utimas últimas
utimo último
utimos últimos
utlima última
utlimadamente ultimadamente
utlimas últimas
utlimo último
utlimos últimos
utliza utiliza
utlizaba utilizaba
utlizaban utilizaban
utlizable utilizable
utlización utilización
utlizada utilizada
utlizadas utilizadas
utlizado utilizado
utlizados utilizados
utlizan utilizan
utlizando utilizando
utlizar utilizar
utlizarlos utilizarlos
utlizaron utilizaron
utlizarse utilizarse
utlizarán utilizarán
utlizándolas utilizándolas
utlizó utilizó
utopia utopía
utopias utopías
utopica utópica
utopicas utópicas
utopico utópico
utopicos utópicos
uvula úvula
uvulas úvulas
uzbekistan uzbekistán
vacacion vacación
vacasion vacación
vacasional vacacional
vacasiones vacaciones
vacasión vacación
vacear vaciar
vacia vacía
vacian vacían
vacias vacías
vacio vacío
vacios vacíos
vademecum vademécum
vagansia vagancia
vagilla vajilla
vagilleria vajillería
vagillerias vajillerías
vagornes vagones
vahido vahído
vahidos vahídos
vaiben vaivén
vainila vainilla
vainilas vainillas
vaiven vaivén
vajilleria vajillería
vajillerias vajillerías
vajina vagina
vajinal vaginal
vajinales vaginales
vajinas vaginas
vajinitis vaginitis
valdéz valdez
valentia valentía
valentias valentías
valentin valentín
valerianica valeriánica
valerianicas valeriánicas
valerianico valeriánico
valerianicos valeriánicos
valia valía
valida válida
validacion validación
validas válidas
valido válido
validos válidos
valon valón
valvua válvula
valvuas válvulas
vamanos vámonos
vandala vándala
vandalas vándalas
vandalica vandálica
vandalicas vandálicas
vandalico vandálico
vandalicos vandálicos
vandalo vándalo
vandalos vándalos
vandemecum vademécum
vandemécum vademécum
vandida bandida
vandidas bandidas
vandido bandido
vandidos bandidos
vanilla vainilla
vanillas vainillas
vanuatú vanuatu
vao vaho
vaos vahos
vaqueria vaquería
vaquerias vaquerías
vareidad variedad
varia varía
variacion variación
varian varían
variente variante
varientes variantes
variete varietés
varietes varietés
varieté varietés
vario varió
variós varios
varon varón
varsóvia varsovia
varías varias
varíos varios
vasilar vacilar
vasoparalisis vasoparálisis
vasquez vásquez
vastago vástago
vastagos vástagos
vater váter
vateres váteres
vazquez vázquez
veaee véase
veanse véanse
veasa véase
vease véase
veasé véase
vectacion vectación
vegetacion vegetación
vegiga vejiga
vegigas vejigas
vehiculo vehículo
vehiculos vehículos
veia veía
veinteava vigésima
veinteavo vigésimo
veintes veinte
veinticincoava vigesimoquinta
veinticincoavo vigesimoquinto
veinticuatroava vigesimocuarta
veinticuatroavo vigesimocuarto
veintidos veintidós
veintidosava vigesimosegunda
veintidosavo vigesimosegundo
veintinueveava vigesimonovena
veintinueveavo vigesimonoveno
veintiochoava vigesimoctava
veintiochoavo vigesimoctavo
veintiseis veintiséis
veintiseisava vigesimosexta
veintiseisavo vigesimosexto
veintisieteava vigesimoséptima
veintisieteavo vigesimoséptimo
veintitres veintitrés
veintitresava vigesimotercera
veintitresavo vigesimotercero
veintiun veintiún
veintiunava vigesimoprimera
veintiunavo vigesimoprimero
veintivuatro veinticuatro
velasquez velásquez
velazquez velázquez
velez vélez
velite vélite
velites vélites
vellon vellón
velodromo velódromo
velodromos velódromos
velosidad velocidad
vencendor vencedor
vencendores vencedores
venciendola venciéndola
venciendolas venciéndolas
venciendole venciéndole
venciendoles venciéndoles
venciendolo venciéndolo
venciendolos venciéndolos
vencio venció
vendia vendía
vendian vendían
vendias vendías
vendio vendió
vendra vendrá
vendras vendrás
vendre vendré
vendria vendría
vendrian vendrían
vendrias vendrías
veneracion veneración
venezuelano venezolano
vengarce vengarse
venian venían
venias venías
veniste viniste
venteveo benteveo
venteveos benteveos
venticinco veinticinco
venticuatro veinticuatro
ventidos veintidós
ventidós veintidós
ventilacion ventilación
ventinueve veintinueve
ventiocho veintiocho
ventiseis veintiséis
ventisiete veintisiete
ventiséis veintiséis
ventitres veintitrés
ventitrés veintitrés
ventiuna veintiuna
ventiuno veintiuno
ventiún veintiún
venóclisis venoclisis
vercion versión
verciones versiones
verción versión
verda verdad
verdososo verdoso
verdososos verdosos
verguenza vergüenza
verguenzas vergüenzas
veria vería
verian verían
verin verín
verjel vergel
vermifuga vermífuga
vermifugas vermífugas
vermifugo vermífugo
vermifugos vermífugos
vermout vermú
vermouth vermú
vermouths vermús
vermouts vermús
vernacula vernácula
vernaculas vernáculas
vernaculo vernáculo
vernaculos vernáculos
vernao verano
vernaos veranos
veronica verónica
versatil versátil
versiculo versículo
versiculos versículos
version versión
versionas versiones
versiono versionó
versíon versión
versón versión
vertebra vértebra
vertebras vértebras
vertice vértice
vertices vértices
vertidero vertedero
vertideros vertederos
vertigo vértigo
vertigos vértigos
vertir verter
vertirá verterá
vertirán verterán
vertirás verterás
vertiría vertería
vertirían verterían
vertirías verterías
veses veces
vesicula vesícula
vesiculas vesículas
vestibulo vestíbulo
vestibulos vestíbulos
vestimienta vestimenta
vestimientas vestimentas
vestirsela vestírsela
veánse véanse
veáse véase
via vía
viacrusis viacrucis
viajo viajó
vias vías
viatico viático
viaticos viáticos
vibero vivero
viberos viveros
vibora víbora
viboras víboras
vibrafono vibráfono
vibrafonos vibráfonos
vicecampeon vicecampeón
viceprecidencial vicepresidencial
viceprecidenciales vicepresidenciales
viceptesidencia vicepresidencia
viceptesidencias vicepresidencias
vicerector vicerrector
vicerectores vicerrectores
vicho bicho
vichuquen vichuquén
victima víctima
victimas víctimas
victor víctor
victora victoria
victoras victorias
victoría victoria
viculo vínculo
viculos vínculos
videclip videoclip
videclips videoclips
videjuego videojuego
videjuegos videojuegos
videocamara videocámara
videocamaras videocámaras
vidio vídeo
vidoe video
vidoes videos
viendose viéndose
vientiane vientián
vietnám vietnam
vigesima vigésima
vigesimas vigésimas
vigesimo vigésimo
vigesimos vigésimos
vigia vigía
vigias vigías
vigues vigués
viivo vivió
viivó vivió
villorio villorrio
villorios villorrios
vinculacion vinculación
vinculo vínculo
vinculos vínculos
vineria vinería
vinerias vinerías
vinicola vinícola
vinicolas vinícolas
vinierón vinieron
vinifera vinífera
viniferas viníferas
vinifero vinífero
viniferos viníferos
vinnitsa vínnitsa
vinnitsia vínnitsa
vinnytsia vínnitsa
vinnytsya vínnitsa
vinó vino
violacea violácea
violaceas violáceas
violaceo violáceo
violaceos violáceos
violin violín
violoncello violonchelo
violonchello violonchelo
virelays virelayes
virguililla virgulilla
virguilla virgulilla
virreynal virreinal
virreynato virreinato
virreys virreyes
viscera víscera
visceras vísceras
viscisitud vicisitud
viscisitudes vicisitudes
viscosimetria viscosimetría
viscosimetrias viscosimetrías
viscosimetro viscosímetro
viscosimetros viscosímetros
visicitud vicisitud
visicitudes vicisitudes
visigotica visigótica
visigoticas visigóticas
visigotico visigótico
visigoticos visigóticos
vision visión
vison visón
vispera víspera
visperas vísperas
vistante visitante
vistantes visitantes
visualizacion visualización
vitivinicola vitivinícola
vitivinicolas vitivinícolas
vitrea vítrea
vitreas vítreas
vitreo vítreo
vitreos vítreos
vivenciada experimentada
vivenciadas experimentadas
vivenciado experimentado
vivenciados experimentados
vivenciar experimentar
vivenda vivienda
vivendas viviendas
vivia vivía
vivian vivían
vivias vivías
vivio vivió
vivipara vivípara
viviparas vivíparas
viviparo vivíparo
viviparos vivíparos
vizcaina vizcaína
vizcainas vizcaínas
vizcaino vizcaíno
vizcainos vizcaínos
vió vio
vocacion vocación
vocalica vocálica
vocalicas vocálicas
vocalico vocálico
vocalicos vocálicos
vocerio vocerío
vocerios voceríos
vodu vodú
vodues vodúes
vodus vodús
vofetada bofetada
vofetadas bofetadas
volatil volátil
volatiles volátiles
volcan volcán
volcanica volcánica
volcanicas volcánicas
volcanico volcánico
volcanicos volcánicos
voley vóley
voleybol voleibol
volicion volición
voliera volviera
volieran volvieran
volieras volvieras
volley vóley
volleyball voleibol
volontad voluntad
volontades voluntades
volovan volován
volumenes volúmenes
volumetria volumetría
volumetrias volumetrías
volumetrica volumétrica
volumetricas volumétricas
volumetrico volumétrico
volumetricos volumétricos
volumén volumen
voluménes volúmenes
volveria volvería
volverian volverían
volvia volvía
volvian volvían
volvias volvías
volviendola volviéndola
volviendolas volviéndolas
volviendole volviéndole
volviendoles volviéndoles
volviendolo volviéndolo
volviendolos volviéndolos
volviendome volviéndome
volviendose volviéndose
volviendote volviéndote
volvio volvió
volviò volvió
volvío volvió
voléibol voleibol
volúmen volumen
voragine vorágine
voragines vorágines
voronezh vorónezh
vortice vórtice
vortices vórtices
votacion votación
voton botón
votones botones
votón botón
vovio volvió
vovió volvió
vovío volvió
vudu vudú
vudues vudúes
vudus vudús
vuelvió volvió
vulcanizacion vulcanización
vulcanologa vulcanóloga
vulcanologas vulcanólogas
vulcanologia vulcanología
vulcanologias vulcanologías
vulcanologo vulcanólogo
vulcanologos vulcanólogos
vuleve vuelve
vuleven vuelven
vuleves vuelves
vágina vagina
válvua válvula
válvuas válvulas
vé ve
véaee véase
ví vi
víacrucis viacrucis
víacrusis viacrucis
vículo vínculo
vículos vínculos
vídeojuego videojuego
vídeojuegos videojuegos
vídoe vídeo
vídoes vídeos
vínnitsia vínnitsa
vínnytsia vínnitsa
vírgen virgen
washignton washington
wateres wáteres
watio vatio
watios vatios
welter wélter
weon weón
western wéstern
whiskeria whiskería
whiskerias whiskerías
wáshington washington
xenofoba xenófoba
xenofobas xenófobas
xenofobica xenofóbica
xenofobicas xenofóbicas
xenofobico xenofóbico
xenofobicos xenofóbicos
xenofobo xenófobo
xenofobos xenófobos
xenon xenón
xerofila xerófila
xerofilas xerófilas
xerofilo xerófilo
xerofilos xerófilos
xerofita xerófita
xerofitas xerófitas
xerofitica xerofítica
xerofiticas xerofíticas
xerofitico xerofítico
xerofiticos xerofíticos
xerofito xerófito
xerofitos xerófitos
xerografa xerógrafa
xerografas xerógrafas
xerografia xerografía
xerografias xerografías
xerografo xerógrafo
xerografos xerógrafos
xicohtencatl xicohténcatl
xilofaga xilófaga
xilofagas xilófagas
xilofago xilófago
xilofagos xilófagos
xilofon xilofón
xilofono xilófono
xilofonos xilófonos
xilografia xilografía
xilografias xilografías
xilografica xilográfica
xilograficas xilográficas
xilografico xilográfico
xilograficos xilográficos
xornalismo periodismo
xornalista periodista
xornalistas periodistas
xoxocotlan xoxocotlán
xunta junta
yac yak
yacare yacaré
yacares yacarés
yacht yate
yachts yates
yacia yacía
yacon yacón
yaguane yaguané
yaguanes yaguanés
yaguarete yaguareté
yaguaretes yaguaretés
yaguayajense yaguajayense
yamana yámana
yamanas yámanas
yambica yámbica
yambicas yámbicas
yambico yámbico
yambicos yámbicos
yangon rangún
yaounde yaundé
yaoundé yaundé
yarara yarará
yararas yararás
yase yace
yasente yacente
yaser yacer
yasida yacida
yasidas yacidas
yasido yacido
yasidos yacidos
yasimiento yacimiento
yasimientos yacimientos
yasió yació
yaunde yaundé
yave llave
yaxche yaxché
yaxches yaxchés
yañez yáñez
yenin yenín
yerevan ereván
yereván ereván
yersei yérsey
yersey yérsey
yerseys yerseis
yidahista yihadista
yidish yidis
yodacion yodación
yoghourt yogur
yoghourts yogures
yoghurt yogur
yoghurts yogures
yogi yogui
yogis yoguis
yogourt yogur
yogourts yogures
yogurt yogur
yogurth yogur
yogurths yogures
yogurts yogures
yoquey yóquey
yoqueys yoqueis
yougurt yogur
yougurts yogures
yucatan yucatán
yudoka yudoca
yudokas yudocas
yá ya
yérsei yérsey
yérseis yerseis
yérseys yerseis
yérsi yersi
yérsis yersis
yóqueys yoqueis
zacapin zacapín
zacatlan zacatlán
zahori zahorí
zahories zahoríes
zahoris zahorís
zalameria zalamería
zalamerias zalamerías
zandia zandía
zandias zandías
zangana zángana
zanganas zánganas
zangano zángano
zanganos zánganos
zanzibar zanzíbar
zanzibari zanzibarí
zanzibaries zanzibaríes
zanzibarís zanzibaríes
zapateria zapatería
zapaterias zapaterías
zapeo zapeó
zaping zapeo
zapping zapeo
zarigueya zarigüeya
zarigueyas zarigüeyas
zeina zeína
zeinas zeínas
zejel zéjel
zejeles zéjeles
zelandes zelandés
zeppelin zepelín
zeppelines zepelines
zero cero
zeros ceros
zigofilacea zigofilácea
zigofilaceas zigofiláceas
zigofilaceo zigofiláceo
zigofilaceos zigofiláceos
zimbabwe zimbabue
zingara zíngara
zingaras zíngaras
zingaro zíngaro
zingaros zíngaros
zingiberacea zingiberácea
zingiberaceas zingiberáceas
zingiberaceo zingiberáceo
zingiberaceos zingiberáceos
ziper zíper
ziperes zíperes
zipper zíper
zippers zíperes
zircon zircón
zocalo zócalo
zocalos zócalos
zologica zoológica
zologicas zoológicas
zologico zoológico
zologicos zoológicos
zológica zoológica
zológicas zoológicas
zológico zoológico
zológicos zoológicos
zombie zombi
zombies zombis
zoologa zoóloga
zoologas zoólogas
zoologia zoología
zoologias zoologías
zoologica zoológica
zoologicas zoológicas
zoologico zoológico
zoologicos zoológicos
zoologo zoólogo
zoologos zoólogos
zoom zum
zoomorfica zoomórfica
zoomorficas zoomórficas
zoomorfico zoomórfico
zoomorficos zoomórficos
zooms zums
zoster zóster
zosteres zósteres
zulu zulú
zulues zulúes
zulus zulús
zuniga zúñiga
zurich zúrich
zuñiga zúñiga
zúniga zúñiga
ádemas además
áerea aérea
áereas aéreas
áereo aéreo
áereos aéreos
álbums álbumes
álbun álbum
álbunes álbumes
álias alias
áltamente altamente
ámbas ambas
ámbos ambos
ámerica américa
ámplia amplia
ámpliamente ampliamente
ámplio amplio
ántes antes
árbirtro árbitro
árbirtros árbitros
árbusto arbusto
árbustos arbustos
átras atrás
égido ejido
égidos ejidos
éjido ejido
éjidos ejidos
élla ella
éllos ellos
énclave enclave
énclaves enclaves
épocs épocas
éses eses
ésito éxito
éso eso
ésto esto
étapa etapa
étapas etapas
étnia etnia
étnias etnias
íba iba
íban iban
ímportante importante
índigena indígena
índigenas indígenas
ñameria ñamería
ñamerias ñamerías
ñandu ñandú
ñandubai ñandubay
ñandubais ñandubáis
ñandubays ñandubáis
ñandubáys ñandubáis
ñandues ñandúes
ñandus ñandús
ñanduti ñandutí
ñanduty ñandutí
ñapinda ñapindá
ñapindas ñapindás
órbital orbital
órden orden
órdena ordena
órdenan ordenan
óregon oregón
úrbana urbana
úrbanas urbanas
úrbano urbano
úrbanos urbanos
útima última
útimas últimas
útimo último
útimos últimos
útlima última
útlimas últimas
útlimo último
útlimos últimos
